{
  "type": "FeatureCollection",
  "metadata": {
    "generated_by": "NAKSHATRA-X Real-Time ML Engine",
    "model": "RandomForestClassifier (200 Estimators, Cross-Validated)",
    "data_sources": "NASA POWER (real elevation + T2M/TS/PRECTOTCORR/GWETTOP climatology), GSI structural fault coordinates",
    "grid_resolution": "0.06 deg (~6.5 km)",
    "features_count": 1326,
    "high_priority_count": 36,
    "medium_priority_count": 61,
    "low_priority_count": 1229,
    "generated_at": "2026-09-07T07:56:51.079660+00:00"
  },
  "features": [
    {
      "type": "Feature",
      "geometry": {
        "type": "Point",
        "coordinates": [
          78.5,
          20.5
        ]
      },
      "properties": {
        "probability": 0.0076,
        "confidence": "low",
        "iron_oxide_index": 0.2943,
        "ferrous_mineral_index": 0.2056,
        "swir_b11_reflectance": 0.1551,
        "swir_b12_reflectance": 0.223,
        "ndvi": 0.4109,
        "elevation_m": 300.0,
        "slope_deg": 2.7,
        "dist_to_fault_km": 105.19,
        "temp_c": 27.5,
        "rainfall_mm": 6.5,
        "timestamp": "2026-09-07T07:56:51.079660+00:00"
      }
    },
    {
      "type": "Feature",
      "geometry": {
        "type": "Point",
        "coordinates": [
          78.56,
          20.5
        ]
      },
      "properties": {
        "probability": 0.0054,
        "confidence": "low",
        "iron_oxide_index": 0.318,
        "ferrous_mineral_index": 0.2352,
        "swir_b11_reflectance": 0.1743,
        "swir_b12_reflectance": 0.2042,
        "ndvi": 0.4537,
        "elevation_m": 300.0,
        "slope_deg": 1.7,
        "dist_to_fault_km": 100.52,
        "temp_c": 27.5,
        "rainfall_mm": 6.5,
        "timestamp": "2026-09-07T07:56:51.079660+00:00"
      }
    },
    {
      "type": "Feature",
      "geometry": {
        "type": "Point",
        "coordinates": [
          78.62,
          20.5
        ]
      },
      "properties": {
        "probability": 0.0011,
        "confidence": "low",
        "iron_oxide_index": 0.3177,
        "ferrous_mineral_index": 0.2417,
        "swir_b11_reflectance": 0.1699,
        "swir_b12_reflectance": 0.2195,
        "ndvi": 0.4387,
        "elevation_m": 300.0,
        "slope_deg": 2.3,
        "dist_to_fault_km": 96.08,
        "temp_c": 27.5,
        "rainfall_mm": 6.5,
        "timestamp": "2026-09-07T07:56:51.079660+00:00"
      }
    },
    {
      "type": "Feature",
      "geometry": {
        "type": "Point",
        "coordinates": [
          78.68,
          20.5
        ]
      },
      "properties": {
        "probability": 0.0156,
        "confidence": "low",
        "iron_oxide_index": 0.2971,
        "ferrous_mineral_index": 0.273,
        "swir_b11_reflectance": 0.1518,
        "swir_b12_reflectance": 0.2382,
        "ndvi": 0.4346,
        "elevation_m": 300.0,
        "slope_deg": 3.1,
        "dist_to_fault_km": 91.24,
        "temp_c": 27.5,
        "rainfall_mm": 6.5,
        "timestamp": "2026-09-07T07:56:51.079660+00:00"
      }
    },
    {
      "type": "Feature",
      "geometry": {
        "type": "Point",
        "coordinates": [
          78.74,
          20.5
        ]
      },
      "properties": {
        "probability": 0.0335,
        "confidence": "low",
        "iron_oxide_index": 0.2567,
        "ferrous_mineral_index": 0.216,
        "swir_b11_reflectance": 0.1807,
        "swir_b12_reflectance": 0.219,
        "ndvi": 0.4729,
        "elevation_m": 300.0,
        "slope_deg": 2.9,
        "dist_to_fault_km": 85.99,
        "temp_c": 27.5,
        "rainfall_mm": 6.5,
        "timestamp": "2026-09-07T07:56:51.079660+00:00"
      }
    },
    {
      "type": "Feature",
      "geometry": {
        "type": "Point",
        "coordinates": [
          78.8,
          20.5
        ]
      },
      "properties": {
        "probability": 0.0231,
        "confidence": "low",
        "iron_oxide_index": 0.2959,
        "ferrous_mineral_index": 0.2172,
        "swir_b11_reflectance": 0.1724,
        "swir_b12_reflectance": 0.2019,
        "ndvi": 0.4526,
        "elevation_m": 300.0,
        "slope_deg": 1.8,
        "dist_to_fault_km": 80.94,
        "temp_c": 27.5,
        "rainfall_mm": 6.5,
        "timestamp": "2026-09-07T07:56:51.079660+00:00"
      }
    },
    {
      "type": "Feature",
      "geometry": {
        "type": "Point",
        "coordinates": [
          78.86,
          20.5
        ]
      },
      "properties": {
        "probability": 0.0006,
        "confidence": "low",
        "iron_oxide_index": 0.3143,
        "ferrous_mineral_index": 0.2039,
        "swir_b11_reflectance": 0.1664,
        "swir_b12_reflectance": 0.2244,
        "ndvi": 0.434,
        "elevation_m": 300.0,
        "slope_deg": 2.4,
        "dist_to_fault_km": 76.14,
        "temp_c": 27.5,
        "rainfall_mm": 6.5,
        "timestamp": "2026-09-07T07:56:51.079660+00:00"
      }
    },
    {
      "type": "Feature",
      "geometry": {
        "type": "Point",
        "coordinates": [
          78.92,
          20.5
        ]
      },
      "properties": {
        "probability": 0.0241,
        "confidence": "low",
        "iron_oxide_index": 0.3118,
        "ferrous_mineral_index": 0.2307,
        "swir_b11_reflectance": 0.2033,
        "swir_b12_reflectance": 0.2201,
        "ndvi": 0.45,
        "elevation_m": 300.0,
        "slope_deg": 2.9,
        "dist_to_fault_km": 71.64,
        "temp_c": 27.5,
        "rainfall_mm": 6.5,
        "timestamp": "2026-09-07T07:56:51.079660+00:00"
      }
    },
    {
      "type": "Feature",
      "geometry": {
        "type": "Point",
        "coordinates": [
          78.98,
          20.5
        ]
      },
      "properties": {
        "probability": 0.0516,
        "confidence": "low",
        "iron_oxide_index": 0.3159,
        "ferrous_mineral_index": 0.1984,
        "swir_b11_reflectance": 0.1794,
        "swir_b12_reflectance": 0.2262,
        "ndvi": 0.4958,
        "elevation_m": 300.0,
        "slope_deg": 4.1,
        "dist_to_fault_km": 67.49,
        "temp_c": 27.5,
        "rainfall_mm": 6.5,
        "timestamp": "2026-09-07T07:56:51.079660+00:00"
      }
    },
    {
      "type": "Feature",
      "geometry": {
        "type": "Point",
        "coordinates": [
          79.04,
          20.5
        ]
      },
      "properties": {
        "probability": 0.0187,
        "confidence": "low",
        "iron_oxide_index": 0.2925,
        "ferrous_mineral_index": 0.2262,
        "swir_b11_reflectance": 0.1849,
        "swir_b12_reflectance": 0.2542,
        "ndvi": 0.3956,
        "elevation_m": 300.0,
        "slope_deg": 2.7,
        "dist_to_fault_km": 63.77,
        "temp_c": 27.5,
        "rainfall_mm": 6.5,
        "timestamp": "2026-09-07T07:56:51.079660+00:00"
      }
    },
    {
      "type": "Feature",
      "geometry": {
        "type": "Point",
        "coordinates": [
          79.1,
          20.5
        ]
      },
      "properties": {
        "probability": 0.033,
        "confidence": "low",
        "iron_oxide_index": 0.2983,
        "ferrous_mineral_index": 0.1852,
        "swir_b11_reflectance": 0.1569,
        "swir_b12_reflectance": 0.2012,
        "ndvi": 0.4931,
        "elevation_m": 300.0,
        "slope_deg": 2.8,
        "dist_to_fault_km": 60.56,
        "temp_c": 27.5,
        "rainfall_mm": 6.5,
        "timestamp": "2026-09-07T07:56:51.079660+00:00"
      }
    },
    {
      "type": "Feature",
      "geometry": {
        "type": "Point",
        "coordinates": [
          79.16,
          20.5
        ]
      },
      "properties": {
        "probability": 0.0153,
        "confidence": "low",
        "iron_oxide_index": 0.2862,
        "ferrous_mineral_index": 0.1945,
        "swir_b11_reflectance": 0.1786,
        "swir_b12_reflectance": 0.2131,
        "ndvi": 0.461,
        "elevation_m": 243.6,
        "slope_deg": 1.6,
        "dist_to_fault_km": 57.94,
        "temp_c": 27.8,
        "rainfall_mm": 9.0,
        "timestamp": "2026-09-07T07:56:51.079660+00:00"
      }
    },
    {
      "type": "Feature",
      "geometry": {
        "type": "Point",
        "coordinates": [
          79.22,
          20.5
        ]
      },
      "properties": {
        "probability": 0.0002,
        "confidence": "low",
        "iron_oxide_index": 0.3481,
        "ferrous_mineral_index": 0.2309,
        "swir_b11_reflectance": 0.1698,
        "swir_b12_reflectance": 0.2134,
        "ndvi": 0.4208,
        "elevation_m": 243.6,
        "slope_deg": 1.6,
        "dist_to_fault_km": 56.0,
        "temp_c": 27.8,
        "rainfall_mm": 9.0,
        "timestamp": "2026-09-07T07:56:51.079660+00:00"
      }
    },
    {
      "type": "Feature",
      "geometry": {
        "type": "Point",
        "coordinates": [
          79.28,
          20.5
        ]
      },
      "properties": {
        "probability": 0.0102,
        "confidence": "low",
        "iron_oxide_index": 0.3001,
        "ferrous_mineral_index": 0.2128,
        "swir_b11_reflectance": 0.1734,
        "swir_b12_reflectance": 0.2221,
        "ndvi": 0.4367,
        "elevation_m": 243.6,
        "slope_deg": 1.3,
        "dist_to_fault_km": 54.8,
        "temp_c": 27.8,
        "rainfall_mm": 9.0,
        "timestamp": "2026-09-07T07:56:51.079660+00:00"
      }
    },
    {
      "type": "Feature",
      "geometry": {
        "type": "Point",
        "coordinates": [
          79.34,
          20.5
        ]
      },
      "properties": {
        "probability": 0.0301,
        "confidence": "low",
        "iron_oxide_index": 0.2722,
        "ferrous_mineral_index": 0.2071,
        "swir_b11_reflectance": 0.1916,
        "swir_b12_reflectance": 0.2068,
        "ndvi": 0.472,
        "elevation_m": 243.6,
        "slope_deg": 1.8,
        "dist_to_fault_km": 54.39,
        "temp_c": 27.8,
        "rainfall_mm": 9.0,
        "timestamp": "2026-09-07T07:56:51.079660+00:00"
      }
    },
    {
      "type": "Feature",
      "geometry": {
        "type": "Point",
        "coordinates": [
          79.4,
          20.5
        ]
      },
      "properties": {
        "probability": 0.0052,
        "confidence": "low",
        "iron_oxide_index": 0.286,
        "ferrous_mineral_index": 0.2217,
        "swir_b11_reflectance": 0.1713,
        "swir_b12_reflectance": 0.2172,
        "ndvi": 0.4373,
        "elevation_m": 243.6,
        "slope_deg": 2.0,
        "dist_to_fault_km": 54.8,
        "temp_c": 27.8,
        "rainfall_mm": 9.0,
        "timestamp": "2026-09-07T07:56:51.079660+00:00"
      }
    },
    {
      "type": "Feature",
      "geometry": {
        "type": "Point",
        "coordinates": [
          79.46,
          20.5
        ]
      },
      "properties": {
        "probability": 0.0051,
        "confidence": "low",
        "iron_oxide_index": 0.2858,
        "ferrous_mineral_index": 0.2183,
        "swir_b11_reflectance": 0.1697,
        "swir_b12_reflectance": 0.246,
        "ndvi": 0.4724,
        "elevation_m": 243.6,
        "slope_deg": 1.5,
        "dist_to_fault_km": 56.0,
        "temp_c": 27.8,
        "rainfall_mm": 9.0,
        "timestamp": "2026-09-07T07:56:51.079660+00:00"
      }
    },
    {
      "type": "Feature",
      "geometry": {
        "type": "Point",
        "coordinates": [
          79.52,
          20.5
        ]
      },
      "properties": {
        "probability": 0.0052,
        "confidence": "low",
        "iron_oxide_index": 0.3201,
        "ferrous_mineral_index": 0.2445,
        "swir_b11_reflectance": 0.1686,
        "swir_b12_reflectance": 0.2184,
        "ndvi": 0.4464,
        "elevation_m": 243.6,
        "slope_deg": 2.0,
        "dist_to_fault_km": 57.94,
        "temp_c": 27.8,
        "rainfall_mm": 9.0,
        "timestamp": "2026-09-07T07:56:51.079660+00:00"
      }
    },
    {
      "type": "Feature",
      "geometry": {
        "type": "Point",
        "coordinates": [
          79.58,
          20.5
        ]
      },
      "properties": {
        "probability": 0.0096,
        "confidence": "low",
        "iron_oxide_index": 0.2993,
        "ferrous_mineral_index": 0.2313,
        "swir_b11_reflectance": 0.1877,
        "swir_b12_reflectance": 0.2307,
        "ndvi": 0.4628,
        "elevation_m": 243.6,
        "slope_deg": 2.3,
        "dist_to_fault_km": 60.56,
        "temp_c": 27.8,
        "rainfall_mm": 9.0,
        "timestamp": "2026-09-07T07:56:51.079660+00:00"
      }
    },
    {
      "type": "Feature",
      "geometry": {
        "type": "Point",
        "coordinates": [
          79.64,
          20.5
        ]
      },
      "properties": {
        "probability": 0.0089,
        "confidence": "low",
        "iron_oxide_index": 0.3024,
        "ferrous_mineral_index": 0.2194,
        "swir_b11_reflectance": 0.1504,
        "swir_b12_reflectance": 0.2053,
        "ndvi": 0.4787,
        "elevation_m": 243.6,
        "slope_deg": 2.4,
        "dist_to_fault_km": 63.77,
        "temp_c": 27.8,
        "rainfall_mm": 9.0,
        "timestamp": "2026-09-07T07:56:51.079660+00:00"
      }
    },
    {
      "type": "Feature",
      "geometry": {
        "type": "Point",
        "coordinates": [
          79.7,
          20.5
        ]
      },
      "properties": {
        "probability": 0.025,
        "confidence": "low",
        "iron_oxide_index": 0.3088,
        "ferrous_mineral_index": 0.2118,
        "swir_b11_reflectance": 0.1518,
        "swir_b12_reflectance": 0.2336,
        "ndvi": 0.4006,
        "elevation_m": 264.0,
        "slope_deg": 2.1,
        "dist_to_fault_km": 67.49,
        "temp_c": 27.3,
        "rainfall_mm": 10.0,
        "timestamp": "2026-09-07T07:56:51.079660+00:00"
      }
    },
    {
      "type": "Feature",
      "geometry": {
        "type": "Point",
        "coordinates": [
          79.76,
          20.5
        ]
      },
      "properties": {
        "probability": 0.005,
        "confidence": "low",
        "iron_oxide_index": 0.3034,
        "ferrous_mineral_index": 0.2183,
        "swir_b11_reflectance": 0.1827,
        "swir_b12_reflectance": 0.2114,
        "ndvi": 0.4136,
        "elevation_m": 264.0,
        "slope_deg": 2.0,
        "dist_to_fault_km": 71.64,
        "temp_c": 27.3,
        "rainfall_mm": 10.0,
        "timestamp": "2026-09-07T07:56:51.079660+00:00"
      }
    },
    {
      "type": "Feature",
      "geometry": {
        "type": "Point",
        "coordinates": [
          79.82,
          20.5
        ]
      },
      "properties": {
        "probability": 0.0175,
        "confidence": "low",
        "iron_oxide_index": 0.2911,
        "ferrous_mineral_index": 0.2246,
        "swir_b11_reflectance": 0.1971,
        "swir_b12_reflectance": 0.2135,
        "ndvi": 0.527,
        "elevation_m": 264.0,
        "slope_deg": 2.5,
        "dist_to_fault_km": 76.14,
        "temp_c": 27.3,
        "rainfall_mm": 10.0,
        "timestamp": "2026-09-07T07:56:51.079660+00:00"
      }
    },
    {
      "type": "Feature",
      "geometry": {
        "type": "Point",
        "coordinates": [
          79.88,
          20.5
        ]
      },
      "properties": {
        "probability": 0.024,
        "confidence": "low",
        "iron_oxide_index": 0.2974,
        "ferrous_mineral_index": 0.2257,
        "swir_b11_reflectance": 0.1716,
        "swir_b12_reflectance": 0.1902,
        "ndvi": 0.437,
        "elevation_m": 264.0,
        "slope_deg": 3.1,
        "dist_to_fault_km": 80.94,
        "temp_c": 27.3,
        "rainfall_mm": 10.0,
        "timestamp": "2026-09-07T07:56:51.079660+00:00"
      }
    },
    {
      "type": "Feature",
      "geometry": {
        "type": "Point",
        "coordinates": [
          79.94,
          20.5
        ]
      },
      "properties": {
        "probability": 0.02,
        "confidence": "low",
        "iron_oxide_index": 0.3235,
        "ferrous_mineral_index": 0.1866,
        "swir_b11_reflectance": 0.1614,
        "swir_b12_reflectance": 0.2203,
        "ndvi": 0.409,
        "elevation_m": 264.0,
        "slope_deg": 2.4,
        "dist_to_fault_km": 85.99,
        "temp_c": 27.3,
        "rainfall_mm": 10.0,
        "timestamp": "2026-09-07T07:56:51.079660+00:00"
      }
    },
    {
      "type": "Feature",
      "geometry": {
        "type": "Point",
        "coordinates": [
          80.0,
          20.5
        ]
      },
      "properties": {
        "probability": 0.005,
        "confidence": "low",
        "iron_oxide_index": 0.3,
        "ferrous_mineral_index": 0.2064,
        "swir_b11_reflectance": 0.1495,
        "swir_b12_reflectance": 0.2191,
        "ndvi": 0.4991,
        "elevation_m": 264.0,
        "slope_deg": 2.0,
        "dist_to_fault_km": 91.24,
        "temp_c": 27.3,
        "rainfall_mm": 10.0,
        "timestamp": "2026-09-07T07:56:51.079660+00:00"
      }
    },
    {
      "type": "Feature",
      "geometry": {
        "type": "Point",
        "coordinates": [
          80.06,
          20.5
        ]
      },
      "properties": {
        "probability": 0.04,
        "confidence": "low",
        "iron_oxide_index": 0.2968,
        "ferrous_mineral_index": 0.1793,
        "swir_b11_reflectance": 0.172,
        "swir_b12_reflectance": 0.1909,
        "ndvi": 0.5069,
        "elevation_m": 264.0,
        "slope_deg": 2.4,
        "dist_to_fault_km": 96.67,
        "temp_c": 27.3,
        "rainfall_mm": 10.0,
        "timestamp": "2026-09-07T07:56:51.079660+00:00"
      }
    },
    {
      "type": "Feature",
      "geometry": {
        "type": "Point",
        "coordinates": [
          80.12,
          20.5
        ]
      },
      "properties": {
        "probability": 0.005,
        "confidence": "low",
        "iron_oxide_index": 0.3296,
        "ferrous_mineral_index": 0.2143,
        "swir_b11_reflectance": 0.1866,
        "swir_b12_reflectance": 0.2228,
        "ndvi": 0.4555,
        "elevation_m": 264.0,
        "slope_deg": 2.9,
        "dist_to_fault_km": 102.25,
        "temp_c": 27.3,
        "rainfall_mm": 10.0,
        "timestamp": "2026-09-07T07:56:51.079660+00:00"
      }
    },
    {
      "type": "Feature",
      "geometry": {
        "type": "Point",
        "coordinates": [
          80.18,
          20.5
        ]
      },
      "properties": {
        "probability": 0.006,
        "confidence": "low",
        "iron_oxide_index": 0.3221,
        "ferrous_mineral_index": 0.2338,
        "swir_b11_reflectance": 0.1927,
        "swir_b12_reflectance": 0.2666,
        "ndvi": 0.4697,
        "elevation_m": 264.0,
        "slope_deg": 2.6,
        "dist_to_fault_km": 105.91,
        "temp_c": 27.3,
        "rainfall_mm": 10.0,
        "timestamp": "2026-09-07T07:56:51.079660+00:00"
      }
    },
    {
      "type": "Feature",
      "geometry": {
        "type": "Point",
        "coordinates": [
          80.24,
          20.5
        ]
      },
      "properties": {
        "probability": 0.0,
        "confidence": "low",
        "iron_oxide_index": 0.2756,
        "ferrous_mineral_index": 0.2301,
        "swir_b11_reflectance": 0.1559,
        "swir_b12_reflectance": 0.2166,
        "ndvi": 0.4609,
        "elevation_m": 264.0,
        "slope_deg": 2.1,
        "dist_to_fault_km": 109.68,
        "temp_c": 27.3,
        "rainfall_mm": 10.0,
        "timestamp": "2026-09-07T07:56:51.079660+00:00"
      }
    },
    {
      "type": "Feature",
      "geometry": {
        "type": "Point",
        "coordinates": [
          80.3,
          20.5
        ]
      },
      "properties": {
        "probability": 0.0,
        "confidence": "low",
        "iron_oxide_index": 0.2912,
        "ferrous_mineral_index": 0.2438,
        "swir_b11_reflectance": 0.1466,
        "swir_b12_reflectance": 0.2268,
        "ndvi": 0.4268,
        "elevation_m": 264.0,
        "slope_deg": 2.3,
        "dist_to_fault_km": 113.72,
        "temp_c": 27.3,
        "rainfall_mm": 10.0,
        "timestamp": "2026-09-07T07:56:51.079660+00:00"
      }
    },
    {
      "type": "Feature",
      "geometry": {
        "type": "Point",
        "coordinates": [
          80.36,
          20.5
        ]
      },
      "properties": {
        "probability": 0.0085,
        "confidence": "low",
        "iron_oxide_index": 0.2946,
        "ferrous_mineral_index": 0.2184,
        "swir_b11_reflectance": 0.1767,
        "swir_b12_reflectance": 0.2078,
        "ndvi": 0.431,
        "elevation_m": 343.9,
        "slope_deg": 4.1,
        "dist_to_fault_km": 118.0,
        "temp_c": 26.4,
        "rainfall_mm": 10.1,
        "timestamp": "2026-09-07T07:56:51.079660+00:00"
      }
    },
    {
      "type": "Feature",
      "geometry": {
        "type": "Point",
        "coordinates": [
          80.42,
          20.5
        ]
      },
      "properties": {
        "probability": 0.0101,
        "confidence": "low",
        "iron_oxide_index": 0.2922,
        "ferrous_mineral_index": 0.2211,
        "swir_b11_reflectance": 0.1839,
        "swir_b12_reflectance": 0.2042,
        "ndvi": 0.4694,
        "elevation_m": 343.9,
        "slope_deg": 4.0,
        "dist_to_fault_km": 122.48,
        "temp_c": 26.4,
        "rainfall_mm": 10.1,
        "timestamp": "2026-09-07T07:56:51.079660+00:00"
      }
    },
    {
      "type": "Feature",
      "geometry": {
        "type": "Point",
        "coordinates": [
          80.48,
          20.5
        ]
      },
      "properties": {
        "probability": 0.0176,
        "confidence": "low",
        "iron_oxide_index": 0.2858,
        "ferrous_mineral_index": 0.2254,
        "swir_b11_reflectance": 0.1587,
        "swir_b12_reflectance": 0.2049,
        "ndvi": 0.4133,
        "elevation_m": 343.9,
        "slope_deg": 3.7,
        "dist_to_fault_km": 127.16,
        "temp_c": 26.4,
        "rainfall_mm": 10.1,
        "timestamp": "2026-09-07T07:56:51.079660+00:00"
      }
    },
    {
      "type": "Feature",
      "geometry": {
        "type": "Point",
        "coordinates": [
          80.54,
          20.5
        ]
      },
      "properties": {
        "probability": 0.0696,
        "confidence": "low",
        "iron_oxide_index": 0.2606,
        "ferrous_mineral_index": 0.1906,
        "swir_b11_reflectance": 0.1852,
        "swir_b12_reflectance": 0.202,
        "ndvi": 0.4299,
        "elevation_m": 343.9,
        "slope_deg": 3.7,
        "dist_to_fault_km": 132.01,
        "temp_c": 26.4,
        "rainfall_mm": 10.1,
        "timestamp": "2026-09-07T07:56:51.079660+00:00"
      }
    },
    {
      "type": "Feature",
      "geometry": {
        "type": "Point",
        "coordinates": [
          80.6,
          20.5
        ]
      },
      "properties": {
        "probability": 0.0004,
        "confidence": "low",
        "iron_oxide_index": 0.3282,
        "ferrous_mineral_index": 0.2547,
        "swir_b11_reflectance": 0.1851,
        "swir_b12_reflectance": 0.2226,
        "ndvi": 0.4496,
        "elevation_m": 343.9,
        "slope_deg": 3.6,
        "dist_to_fault_km": 137.01,
        "temp_c": 26.4,
        "rainfall_mm": 10.1,
        "timestamp": "2026-09-07T07:56:51.079660+00:00"
      }
    },
    {
      "type": "Feature",
      "geometry": {
        "type": "Point",
        "coordinates": [
          80.66,
          20.5
        ]
      },
      "properties": {
        "probability": 0.0177,
        "confidence": "low",
        "iron_oxide_index": 0.2896,
        "ferrous_mineral_index": 0.2223,
        "swir_b11_reflectance": 0.1564,
        "swir_b12_reflectance": 0.2082,
        "ndvi": 0.4848,
        "elevation_m": 343.9,
        "slope_deg": 2.4,
        "dist_to_fault_km": 142.15,
        "temp_c": 26.4,
        "rainfall_mm": 10.1,
        "timestamp": "2026-09-07T07:56:51.079660+00:00"
      }
    },
    {
      "type": "Feature",
      "geometry": {
        "type": "Point",
        "coordinates": [
          80.72,
          20.5
        ]
      },
      "properties": {
        "probability": 0.0005,
        "confidence": "low",
        "iron_oxide_index": 0.2904,
        "ferrous_mineral_index": 0.2225,
        "swir_b11_reflectance": 0.1842,
        "swir_b12_reflectance": 0.2282,
        "ndvi": 0.4296,
        "elevation_m": 343.9,
        "slope_deg": 3.1,
        "dist_to_fault_km": 147.41,
        "temp_c": 26.4,
        "rainfall_mm": 10.1,
        "timestamp": "2026-09-07T07:56:51.079660+00:00"
      }
    },
    {
      "type": "Feature",
      "geometry": {
        "type": "Point",
        "coordinates": [
          80.78,
          20.5
        ]
      },
      "properties": {
        "probability": 0.02,
        "confidence": "low",
        "iron_oxide_index": 0.2859,
        "ferrous_mineral_index": 0.2418,
        "swir_b11_reflectance": 0.1786,
        "swir_b12_reflectance": 0.205,
        "ndvi": 0.423,
        "elevation_m": 343.9,
        "slope_deg": 2.7,
        "dist_to_fault_km": 152.78,
        "temp_c": 26.4,
        "rainfall_mm": 10.1,
        "timestamp": "2026-09-07T07:56:51.079660+00:00"
      }
    },
    {
      "type": "Feature",
      "geometry": {
        "type": "Point",
        "coordinates": [
          78.5,
          20.56
        ]
      },
      "properties": {
        "probability": 0.0312,
        "confidence": "low",
        "iron_oxide_index": 0.2798,
        "ferrous_mineral_index": 0.2073,
        "swir_b11_reflectance": 0.2079,
        "swir_b12_reflectance": 0.2087,
        "ndvi": 0.4338,
        "elevation_m": 274.2,
        "slope_deg": 1.7,
        "dist_to_fault_km": 100.66,
        "temp_c": 27.9,
        "rainfall_mm": 7.5,
        "timestamp": "2026-09-07T07:56:51.079660+00:00"
      }
    },
    {
      "type": "Feature",
      "geometry": {
        "type": "Point",
        "coordinates": [
          78.56,
          20.56
        ]
      },
      "properties": {
        "probability": 0.0164,
        "confidence": "low",
        "iron_oxide_index": 0.2978,
        "ferrous_mineral_index": 0.2306,
        "swir_b11_reflectance": 0.1786,
        "swir_b12_reflectance": 0.2316,
        "ndvi": 0.4366,
        "elevation_m": 274.2,
        "slope_deg": 2.4,
        "dist_to_fault_km": 95.77,
        "temp_c": 27.9,
        "rainfall_mm": 7.5,
        "timestamp": "2026-09-07T07:56:51.079660+00:00"
      }
    },
    {
      "type": "Feature",
      "geometry": {
        "type": "Point",
        "coordinates": [
          78.62,
          20.56
        ]
      },
      "properties": {
        "probability": 0.0011,
        "confidence": "low",
        "iron_oxide_index": 0.2799,
        "ferrous_mineral_index": 0.2522,
        "swir_b11_reflectance": 0.172,
        "swir_b12_reflectance": 0.2322,
        "ndvi": 0.4217,
        "elevation_m": 274.2,
        "slope_deg": 2.0,
        "dist_to_fault_km": 91.1,
        "temp_c": 27.9,
        "rainfall_mm": 7.5,
        "timestamp": "2026-09-07T07:56:51.079660+00:00"
      }
    },
    {
      "type": "Feature",
      "geometry": {
        "type": "Point",
        "coordinates": [
          78.68,
          20.56
        ]
      },
      "properties": {
        "probability": 0.0257,
        "confidence": "low",
        "iron_oxide_index": 0.2925,
        "ferrous_mineral_index": 0.2238,
        "swir_b11_reflectance": 0.1502,
        "swir_b12_reflectance": 0.2031,
        "ndvi": 0.4917,
        "elevation_m": 274.2,
        "slope_deg": 1.7,
        "dist_to_fault_km": 86.69,
        "temp_c": 27.9,
        "rainfall_mm": 7.5,
        "timestamp": "2026-09-07T07:56:51.079660+00:00"
      }
    },
    {
      "type": "Feature",
      "geometry": {
        "type": "Point",
        "coordinates": [
          78.74,
          20.56
        ]
      },
      "properties": {
        "probability": 0.0138,
        "confidence": "low",
        "iron_oxide_index": 0.2835,
        "ferrous_mineral_index": 0.2114,
        "swir_b11_reflectance": 0.1775,
        "swir_b12_reflectance": 0.2147,
        "ndvi": 0.4522,
        "elevation_m": 274.2,
        "slope_deg": 1.6,
        "dist_to_fault_km": 81.94,
        "temp_c": 27.9,
        "rainfall_mm": 7.5,
        "timestamp": "2026-09-07T07:56:51.079660+00:00"
      }
    },
    {
      "type": "Feature",
      "geometry": {
        "type": "Point",
        "coordinates": [
          78.8,
          20.56
        ]
      },
      "properties": {
        "probability": 0.0449,
        "confidence": "low",
        "iron_oxide_index": 0.3355,
        "ferrous_mineral_index": 0.2293,
        "swir_b11_reflectance": 0.1736,
        "swir_b12_reflectance": 0.2066,
        "ndvi": 0.3887,
        "elevation_m": 274.2,
        "slope_deg": 1.7,
        "dist_to_fault_km": 76.62,
        "temp_c": 27.9,
        "rainfall_mm": 7.5,
        "timestamp": "2026-09-07T07:56:51.079660+00:00"
      }
    },
    {
      "type": "Feature",
      "geometry": {
        "type": "Point",
        "coordinates": [
          78.86,
          20.56
        ]
      },
      "properties": {
        "probability": 0.0062,
        "confidence": "low",
        "iron_oxide_index": 0.3095,
        "ferrous_mineral_index": 0.2201,
        "swir_b11_reflectance": 0.1612,
        "swir_b12_reflectance": 0.2271,
        "ndvi": 0.449,
        "elevation_m": 274.2,
        "slope_deg": 2.3,
        "dist_to_fault_km": 71.53,
        "temp_c": 27.9,
        "rainfall_mm": 7.5,
        "timestamp": "2026-09-07T07:56:51.079660+00:00"
      }
    },
    {
      "type": "Feature",
      "geometry": {
        "type": "Point",
        "coordinates": [
          78.92,
          20.56
        ]
      },
      "properties": {
        "probability": 0.0215,
        "confidence": "low",
        "iron_oxide_index": 0.3505,
        "ferrous_mineral_index": 0.2343,
        "swir_b11_reflectance": 0.1634,
        "swir_b12_reflectance": 0.2521,
        "ndvi": 0.4205,
        "elevation_m": 274.2,
        "slope_deg": 3.3,
        "dist_to_fault_km": 66.72,
        "temp_c": 27.9,
        "rainfall_mm": 7.5,
        "timestamp": "2026-09-07T07:56:51.079660+00:00"
      }
    },
    {
      "type": "Feature",
      "geometry": {
        "type": "Point",
        "coordinates": [
          78.98,
          20.56
        ]
      },
      "properties": {
        "probability": 0.0423,
        "confidence": "low",
        "iron_oxide_index": 0.3198,
        "ferrous_mineral_index": 0.2568,
        "swir_b11_reflectance": 0.1674,
        "swir_b12_reflectance": 0.22,
        "ndvi": 0.5157,
        "elevation_m": 274.2,
        "slope_deg": 3.2,
        "dist_to_fault_km": 62.25,
        "temp_c": 27.9,
        "rainfall_mm": 7.5,
        "timestamp": "2026-09-07T07:56:51.079660+00:00"
      }
    },
    {
      "type": "Feature",
      "geometry": {
        "type": "Point",
        "coordinates": [
          79.04,
          20.56
        ]
      },
      "properties": {
        "probability": 0.0283,
        "confidence": "low",
        "iron_oxide_index": 0.3201,
        "ferrous_mineral_index": 0.2375,
        "swir_b11_reflectance": 0.1687,
        "swir_b12_reflectance": 0.2265,
        "ndvi": 0.5035,
        "elevation_m": 274.2,
        "slope_deg": 2.5,
        "dist_to_fault_km": 58.2,
        "temp_c": 27.9,
        "rainfall_mm": 7.5,
        "timestamp": "2026-09-07T07:56:51.079660+00:00"
      }
    },
    {
      "type": "Feature",
      "geometry": {
        "type": "Point",
        "coordinates": [
          79.1,
          20.56
        ]
      },
      "properties": {
        "probability": 0.0001,
        "confidence": "low",
        "iron_oxide_index": 0.3448,
        "ferrous_mineral_index": 0.2043,
        "swir_b11_reflectance": 0.1517,
        "swir_b12_reflectance": 0.1918,
        "ndvi": 0.4809,
        "elevation_m": 243.6,
        "slope_deg": 1.4,
        "dist_to_fault_km": 54.66,
        "temp_c": 27.8,
        "rainfall_mm": 9.0,
        "timestamp": "2026-09-07T07:56:51.079660+00:00"
      }
    },
    {
      "type": "Feature",
      "geometry": {
        "type": "Point",
        "coordinates": [
          79.16,
          20.56
        ]
      },
      "properties": {
        "probability": 0.0051,
        "confidence": "low",
        "iron_oxide_index": 0.3074,
        "ferrous_mineral_index": 0.2528,
        "swir_b11_reflectance": 0.1636,
        "swir_b12_reflectance": 0.2361,
        "ndvi": 0.4308,
        "elevation_m": 243.6,
        "slope_deg": 1.9,
        "dist_to_fault_km": 51.74,
        "temp_c": 27.8,
        "rainfall_mm": 9.0,
        "timestamp": "2026-09-07T07:56:51.079660+00:00"
      }
    },
    {
      "type": "Feature",
      "geometry": {
        "type": "Point",
        "coordinates": [
          79.22,
          20.56
        ]
      },
      "properties": {
        "probability": 0.0005,
        "confidence": "low",
        "iron_oxide_index": 0.294,
        "ferrous_mineral_index": 0.2046,
        "swir_b11_reflectance": 0.1777,
        "swir_b12_reflectance": 0.2285,
        "ndvi": 0.4297,
        "elevation_m": 243.6,
        "slope_deg": 0.9,
        "dist_to_fault_km": 49.55,
        "temp_c": 27.8,
        "rainfall_mm": 9.0,
        "timestamp": "2026-09-07T07:56:51.079660+00:00"
      }
    },
    {
      "type": "Feature",
      "geometry": {
        "type": "Point",
        "coordinates": [
          79.28,
          20.56
        ]
      },
      "properties": {
        "probability": 0.0002,
        "confidence": "low",
        "iron_oxide_index": 0.2913,
        "ferrous_mineral_index": 0.2379,
        "swir_b11_reflectance": 0.1528,
        "swir_b12_reflectance": 0.2192,
        "ndvi": 0.4672,
        "elevation_m": 243.6,
        "slope_deg": 2.1,
        "dist_to_fault_km": 48.19,
        "temp_c": 27.8,
        "rainfall_mm": 9.0,
        "timestamp": "2026-09-07T07:56:51.079660+00:00"
      }
    },
    {
      "type": "Feature",
      "geometry": {
        "type": "Point",
        "coordinates": [
          79.34,
          20.56
        ]
      },
      "properties": {
        "probability": 0.0001,
        "confidence": "low",
        "iron_oxide_index": 0.3188,
        "ferrous_mineral_index": 0.2006,
        "swir_b11_reflectance": 0.1572,
        "swir_b12_reflectance": 0.2235,
        "ndvi": 0.4535,
        "elevation_m": 243.6,
        "slope_deg": 2.6,
        "dist_to_fault_km": 47.73,
        "temp_c": 27.8,
        "rainfall_mm": 9.0,
        "timestamp": "2026-09-07T07:56:51.079660+00:00"
      }
    },
    {
      "type": "Feature",
      "geometry": {
        "type": "Point",
        "coordinates": [
          79.4,
          20.56
        ]
      },
      "properties": {
        "probability": 0.0641,
        "confidence": "low",
        "iron_oxide_index": 0.2654,
        "ferrous_mineral_index": 0.2503,
        "swir_b11_reflectance": 0.165,
        "swir_b12_reflectance": 0.1923,
        "ndvi": 0.4486,
        "elevation_m": 243.6,
        "slope_deg": 2.8,
        "dist_to_fault_km": 48.19,
        "temp_c": 27.8,
        "rainfall_mm": 9.0,
        "timestamp": "2026-09-07T07:56:51.079660+00:00"
      }
    },
    {
      "type": "Feature",
      "geometry": {
        "type": "Point",
        "coordinates": [
          79.46,
          20.56
        ]
      },
      "properties": {
        "probability": 0.0101,
        "confidence": "low",
        "iron_oxide_index": 0.3009,
        "ferrous_mineral_index": 0.2385,
        "swir_b11_reflectance": 0.1816,
        "swir_b12_reflectance": 0.2573,
        "ndvi": 0.4274,
        "elevation_m": 243.6,
        "slope_deg": 1.9,
        "dist_to_fault_km": 49.55,
        "temp_c": 27.8,
        "rainfall_mm": 9.0,
        "timestamp": "2026-09-07T07:56:51.079660+00:00"
      }
    },
    {
      "type": "Feature",
      "geometry": {
        "type": "Point",
        "coordinates": [
          79.52,
          20.56
        ]
      },
      "properties": {
        "probability": 0.0203,
        "confidence": "low",
        "iron_oxide_index": 0.301,
        "ferrous_mineral_index": 0.1816,
        "swir_b11_reflectance": 0.1552,
        "swir_b12_reflectance": 0.2217,
        "ndvi": 0.418,
        "elevation_m": 243.6,
        "slope_deg": 2.2,
        "dist_to_fault_km": 51.74,
        "temp_c": 27.8,
        "rainfall_mm": 9.0,
        "timestamp": "2026-09-07T07:56:51.079660+00:00"
      }
    },
    {
      "type": "Feature",
      "geometry": {
        "type": "Point",
        "coordinates": [
          79.58,
          20.56
        ]
      },
      "properties": {
        "probability": 0.028,
        "confidence": "low",
        "iron_oxide_index": 0.2817,
        "ferrous_mineral_index": 0.1891,
        "swir_b11_reflectance": 0.1459,
        "swir_b12_reflectance": 0.2257,
        "ndvi": 0.4583,
        "elevation_m": 243.6,
        "slope_deg": 2.6,
        "dist_to_fault_km": 54.66,
        "temp_c": 27.8,
        "rainfall_mm": 9.0,
        "timestamp": "2026-09-07T07:56:51.079660+00:00"
      }
    },
    {
      "type": "Feature",
      "geometry": {
        "type": "Point",
        "coordinates": [
          79.64,
          20.56
        ]
      },
      "properties": {
        "probability": 0.0002,
        "confidence": "low",
        "iron_oxide_index": 0.3141,
        "ferrous_mineral_index": 0.2198,
        "swir_b11_reflectance": 0.1811,
        "swir_b12_reflectance": 0.2121,
        "ndvi": 0.4289,
        "elevation_m": 243.6,
        "slope_deg": 1.4,
        "dist_to_fault_km": 58.2,
        "temp_c": 27.8,
        "rainfall_mm": 9.0,
        "timestamp": "2026-09-07T07:56:51.079660+00:00"
      }
    },
    {
      "type": "Feature",
      "geometry": {
        "type": "Point",
        "coordinates": [
          79.7,
          20.56
        ]
      },
      "properties": {
        "probability": 0.005,
        "confidence": "low",
        "iron_oxide_index": 0.331,
        "ferrous_mineral_index": 0.2365,
        "swir_b11_reflectance": 0.1603,
        "swir_b12_reflectance": 0.1909,
        "ndvi": 0.4438,
        "elevation_m": 264.0,
        "slope_deg": 1.3,
        "dist_to_fault_km": 62.25,
        "temp_c": 27.3,
        "rainfall_mm": 10.0,
        "timestamp": "2026-09-07T07:56:51.079660+00:00"
      }
    },
    {
      "type": "Feature",
      "geometry": {
        "type": "Point",
        "coordinates": [
          79.76,
          20.56
        ]
      },
      "properties": {
        "probability": 0.0246,
        "confidence": "low",
        "iron_oxide_index": 0.3001,
        "ferrous_mineral_index": 0.2013,
        "swir_b11_reflectance": 0.1516,
        "swir_b12_reflectance": 0.2279,
        "ndvi": 0.4938,
        "elevation_m": 264.0,
        "slope_deg": 3.4,
        "dist_to_fault_km": 66.72,
        "temp_c": 27.3,
        "rainfall_mm": 10.0,
        "timestamp": "2026-09-07T07:56:51.079660+00:00"
      }
    },
    {
      "type": "Feature",
      "geometry": {
        "type": "Point",
        "coordinates": [
          79.82,
          20.56
        ]
      },
      "properties": {
        "probability": 0.0288,
        "confidence": "low",
        "iron_oxide_index": 0.3264,
        "ferrous_mineral_index": 0.2067,
        "swir_b11_reflectance": 0.1967,
        "swir_b12_reflectance": 0.2223,
        "ndvi": 0.3945,
        "elevation_m": 264.0,
        "slope_deg": 1.3,
        "dist_to_fault_km": 71.53,
        "temp_c": 27.3,
        "rainfall_mm": 10.0,
        "timestamp": "2026-09-07T07:56:51.079660+00:00"
      }
    },
    {
      "type": "Feature",
      "geometry": {
        "type": "Point",
        "coordinates": [
          79.88,
          20.56
        ]
      },
      "properties": {
        "probability": 0.005,
        "confidence": "low",
        "iron_oxide_index": 0.29,
        "ferrous_mineral_index": 0.2281,
        "swir_b11_reflectance": 0.1824,
        "swir_b12_reflectance": 0.2192,
        "ndvi": 0.3925,
        "elevation_m": 264.0,
        "slope_deg": 2.3,
        "dist_to_fault_km": 76.62,
        "temp_c": 27.3,
        "rainfall_mm": 10.0,
        "timestamp": "2026-09-07T07:56:51.079660+00:00"
      }
    },
    {
      "type": "Feature",
      "geometry": {
        "type": "Point",
        "coordinates": [
          79.94,
          20.56
        ]
      },
      "properties": {
        "probability": 0.011,
        "confidence": "low",
        "iron_oxide_index": 0.313,
        "ferrous_mineral_index": 0.2226,
        "swir_b11_reflectance": 0.1876,
        "swir_b12_reflectance": 0.2336,
        "ndvi": 0.4827,
        "elevation_m": 264.0,
        "slope_deg": 1.7,
        "dist_to_fault_km": 81.94,
        "temp_c": 27.3,
        "rainfall_mm": 10.0,
        "timestamp": "2026-09-07T07:56:51.079660+00:00"
      }
    },
    {
      "type": "Feature",
      "geometry": {
        "type": "Point",
        "coordinates": [
          80.0,
          20.56
        ]
      },
      "properties": {
        "probability": 0.045,
        "confidence": "low",
        "iron_oxide_index": 0.3261,
        "ferrous_mineral_index": 0.2164,
        "swir_b11_reflectance": 0.1766,
        "swir_b12_reflectance": 0.2257,
        "ndvi": 0.3656,
        "elevation_m": 264.0,
        "slope_deg": 2.9,
        "dist_to_fault_km": 87.44,
        "temp_c": 27.3,
        "rainfall_mm": 10.0,
        "timestamp": "2026-09-07T07:56:51.079660+00:00"
      }
    },
    {
      "type": "Feature",
      "geometry": {
        "type": "Point",
        "coordinates": [
          80.06,
          20.56
        ]
      },
      "properties": {
        "probability": 0.01,
        "confidence": "low",
        "iron_oxide_index": 0.2886,
        "ferrous_mineral_index": 0.1936,
        "swir_b11_reflectance": 0.1822,
        "swir_b12_reflectance": 0.2194,
        "ndvi": 0.4128,
        "elevation_m": 264.0,
        "slope_deg": 1.2,
        "dist_to_fault_km": 93.09,
        "temp_c": 27.3,
        "rainfall_mm": 10.0,
        "timestamp": "2026-09-07T07:56:51.079660+00:00"
      }
    },
    {
      "type": "Feature",
      "geometry": {
        "type": "Point",
        "coordinates": [
          80.12,
          20.56
        ]
      },
      "properties": {
        "probability": 0.03,
        "confidence": "low",
        "iron_oxide_index": 0.2913,
        "ferrous_mineral_index": 0.2461,
        "swir_b11_reflectance": 0.1508,
        "swir_b12_reflectance": 0.1927,
        "ndvi": 0.4273,
        "elevation_m": 264.0,
        "slope_deg": 3.2,
        "dist_to_fault_km": 96.72,
        "temp_c": 27.3,
        "rainfall_mm": 10.0,
        "timestamp": "2026-09-07T07:56:51.079660+00:00"
      }
    },
    {
      "type": "Feature",
      "geometry": {
        "type": "Point",
        "coordinates": [
          80.18,
          20.56
        ]
      },
      "properties": {
        "probability": 0.005,
        "confidence": "low",
        "iron_oxide_index": 0.3026,
        "ferrous_mineral_index": 0.2241,
        "swir_b11_reflectance": 0.1615,
        "swir_b12_reflectance": 0.2351,
        "ndvi": 0.4646,
        "elevation_m": 264.0,
        "slope_deg": 0.9,
        "dist_to_fault_km": 100.39,
        "temp_c": 27.3,
        "rainfall_mm": 10.0,
        "timestamp": "2026-09-07T07:56:51.079660+00:00"
      }
    },
    {
      "type": "Feature",
      "geometry": {
        "type": "Point",
        "coordinates": [
          80.24,
          20.56
        ]
      },
      "properties": {
        "probability": 0.0025,
        "confidence": "low",
        "iron_oxide_index": 0.3028,
        "ferrous_mineral_index": 0.2337,
        "swir_b11_reflectance": 0.1681,
        "swir_b12_reflectance": 0.1985,
        "ndvi": 0.4747,
        "elevation_m": 264.0,
        "slope_deg": 2.3,
        "dist_to_fault_km": 104.36,
        "temp_c": 27.3,
        "rainfall_mm": 10.0,
        "timestamp": "2026-09-07T07:56:51.079660+00:00"
      }
    },
    {
      "type": "Feature",
      "geometry": {
        "type": "Point",
        "coordinates": [
          80.3,
          20.56
        ]
      },
      "properties": {
        "probability": 0.005,
        "confidence": "low",
        "iron_oxide_index": 0.299,
        "ferrous_mineral_index": 0.2265,
        "swir_b11_reflectance": 0.1735,
        "swir_b12_reflectance": 0.2105,
        "ndvi": 0.477,
        "elevation_m": 264.0,
        "slope_deg": 1.6,
        "dist_to_fault_km": 108.6,
        "temp_c": 27.3,
        "rainfall_mm": 10.0,
        "timestamp": "2026-09-07T07:56:51.079660+00:00"
      }
    },
    {
      "type": "Feature",
      "geometry": {
        "type": "Point",
        "coordinates": [
          80.36,
          20.56
        ]
      },
      "properties": {
        "probability": 0.01,
        "confidence": "low",
        "iron_oxide_index": 0.3109,
        "ferrous_mineral_index": 0.2183,
        "swir_b11_reflectance": 0.1852,
        "swir_b12_reflectance": 0.2329,
        "ndvi": 0.4353,
        "elevation_m": 343.9,
        "slope_deg": 2.1,
        "dist_to_fault_km": 113.07,
        "temp_c": 26.4,
        "rainfall_mm": 10.1,
        "timestamp": "2026-09-07T07:56:51.079660+00:00"
      }
    },
    {
      "type": "Feature",
      "geometry": {
        "type": "Point",
        "coordinates": [
          80.42,
          20.56
        ]
      },
      "properties": {
        "probability": 0.0109,
        "confidence": "low",
        "iron_oxide_index": 0.2944,
        "ferrous_mineral_index": 0.2446,
        "swir_b11_reflectance": 0.1552,
        "swir_b12_reflectance": 0.2229,
        "ndvi": 0.4104,
        "elevation_m": 343.9,
        "slope_deg": 3.8,
        "dist_to_fault_km": 117.74,
        "temp_c": 26.4,
        "rainfall_mm": 10.1,
        "timestamp": "2026-09-07T07:56:51.079660+00:00"
      }
    },
    {
      "type": "Feature",
      "geometry": {
        "type": "Point",
        "coordinates": [
          80.48,
          20.56
        ]
      },
      "properties": {
        "probability": 0.0059,
        "confidence": "low",
        "iron_oxide_index": 0.3179,
        "ferrous_mineral_index": 0.2388,
        "swir_b11_reflectance": 0.1724,
        "swir_b12_reflectance": 0.2215,
        "ndvi": 0.4307,
        "elevation_m": 343.9,
        "slope_deg": 3.8,
        "dist_to_fault_km": 122.6,
        "temp_c": 26.4,
        "rainfall_mm": 10.1,
        "timestamp": "2026-09-07T07:56:51.079660+00:00"
      }
    },
    {
      "type": "Feature",
      "geometry": {
        "type": "Point",
        "coordinates": [
          80.54,
          20.56
        ]
      },
      "properties": {
        "probability": 0.0423,
        "confidence": "low",
        "iron_oxide_index": 0.2729,
        "ferrous_mineral_index": 0.2087,
        "swir_b11_reflectance": 0.156,
        "swir_b12_reflectance": 0.2161,
        "ndvi": 0.3959,
        "elevation_m": 343.9,
        "slope_deg": 3.0,
        "dist_to_fault_km": 127.63,
        "temp_c": 26.4,
        "rainfall_mm": 10.1,
        "timestamp": "2026-09-07T07:56:51.079660+00:00"
      }
    },
    {
      "type": "Feature",
      "geometry": {
        "type": "Point",
        "coordinates": [
          80.6,
          20.56
        ]
      },
      "properties": {
        "probability": 0.0185,
        "confidence": "low",
        "iron_oxide_index": 0.2883,
        "ferrous_mineral_index": 0.2329,
        "swir_b11_reflectance": 0.1866,
        "swir_b12_reflectance": 0.2161,
        "ndvi": 0.4518,
        "elevation_m": 343.9,
        "slope_deg": 4.0,
        "dist_to_fault_km": 132.79,
        "temp_c": 26.4,
        "rainfall_mm": 10.1,
        "timestamp": "2026-09-07T07:56:51.079660+00:00"
      }
    },
    {
      "type": "Feature",
      "geometry": {
        "type": "Point",
        "coordinates": [
          80.66,
          20.56
        ]
      },
      "properties": {
        "probability": 0.0288,
        "confidence": "low",
        "iron_oxide_index": 0.2765,
        "ferrous_mineral_index": 0.2463,
        "swir_b11_reflectance": 0.1303,
        "swir_b12_reflectance": 0.2296,
        "ndvi": 0.4862,
        "elevation_m": 343.9,
        "slope_deg": 4.0,
        "dist_to_fault_km": 138.09,
        "temp_c": 26.4,
        "rainfall_mm": 10.1,
        "timestamp": "2026-09-07T07:56:51.079660+00:00"
      }
    },
    {
      "type": "Feature",
      "geometry": {
        "type": "Point",
        "coordinates": [
          80.72,
          20.56
        ]
      },
      "properties": {
        "probability": 0.0572,
        "confidence": "low",
        "iron_oxide_index": 0.2687,
        "ferrous_mineral_index": 0.2483,
        "swir_b11_reflectance": 0.1766,
        "swir_b12_reflectance": 0.1974,
        "ndvi": 0.4313,
        "elevation_m": 343.9,
        "slope_deg": 3.0,
        "dist_to_fault_km": 143.5,
        "temp_c": 26.4,
        "rainfall_mm": 10.1,
        "timestamp": "2026-09-07T07:56:51.079660+00:00"
      }
    },
    {
      "type": "Feature",
      "geometry": {
        "type": "Point",
        "coordinates": [
          80.78,
          20.56
        ]
      },
      "properties": {
        "probability": 0.0566,
        "confidence": "low",
        "iron_oxide_index": 0.3083,
        "ferrous_mineral_index": 0.1662,
        "swir_b11_reflectance": 0.1701,
        "swir_b12_reflectance": 0.2253,
        "ndvi": 0.5024,
        "elevation_m": 343.9,
        "slope_deg": 3.8,
        "dist_to_fault_km": 149.0,
        "temp_c": 26.4,
        "rainfall_mm": 10.1,
        "timestamp": "2026-09-07T07:56:51.079660+00:00"
      }
    },
    {
      "type": "Feature",
      "geometry": {
        "type": "Point",
        "coordinates": [
          78.5,
          20.62
        ]
      },
      "properties": {
        "probability": 0.0006,
        "confidence": "low",
        "iron_oxide_index": 0.3112,
        "ferrous_mineral_index": 0.2055,
        "swir_b11_reflectance": 0.1611,
        "swir_b12_reflectance": 0.2281,
        "ndvi": 0.4191,
        "elevation_m": 274.2,
        "slope_deg": 2.8,
        "dist_to_fault_km": 96.39,
        "temp_c": 27.9,
        "rainfall_mm": 7.5,
        "timestamp": "2026-09-07T07:56:51.079660+00:00"
      }
    },
    {
      "type": "Feature",
      "geometry": {
        "type": "Point",
        "coordinates": [
          78.56,
          20.62
        ]
      },
      "properties": {
        "probability": 0.0751,
        "confidence": "low",
        "iron_oxide_index": 0.313,
        "ferrous_mineral_index": 0.2135,
        "swir_b11_reflectance": 0.1691,
        "swir_b12_reflectance": 0.183,
        "ndvi": 0.4789,
        "elevation_m": 274.2,
        "slope_deg": 3.1,
        "dist_to_fault_km": 91.26,
        "temp_c": 27.9,
        "rainfall_mm": 7.5,
        "timestamp": "2026-09-07T07:56:51.079660+00:00"
      }
    },
    {
      "type": "Feature",
      "geometry": {
        "type": "Point",
        "coordinates": [
          78.62,
          20.62
        ]
      },
      "properties": {
        "probability": 0.0551,
        "confidence": "low",
        "iron_oxide_index": 0.3139,
        "ferrous_mineral_index": 0.2283,
        "swir_b11_reflectance": 0.1808,
        "swir_b12_reflectance": 0.2343,
        "ndvi": 0.3815,
        "elevation_m": 274.2,
        "slope_deg": 2.5,
        "dist_to_fault_km": 86.35,
        "temp_c": 27.9,
        "rainfall_mm": 7.5,
        "timestamp": "2026-09-07T07:56:51.079660+00:00"
      }
    },
    {
      "type": "Feature",
      "geometry": {
        "type": "Point",
        "coordinates": [
          78.68,
          20.62
        ]
      },
      "properties": {
        "probability": 0.0754,
        "confidence": "low",
        "iron_oxide_index": 0.2775,
        "ferrous_mineral_index": 0.2182,
        "swir_b11_reflectance": 0.1851,
        "swir_b12_reflectance": 0.1771,
        "ndvi": 0.4595,
        "elevation_m": 274.2,
        "slope_deg": 2.9,
        "dist_to_fault_km": 81.69,
        "temp_c": 27.9,
        "rainfall_mm": 7.5,
        "timestamp": "2026-09-07T07:56:51.079660+00:00"
      }
    },
    {
      "type": "Feature",
      "geometry": {
        "type": "Point",
        "coordinates": [
          78.74,
          20.62
        ]
      },
      "properties": {
        "probability": 0.0521,
        "confidence": "low",
        "iron_oxide_index": 0.2762,
        "ferrous_mineral_index": 0.2258,
        "swir_b11_reflectance": 0.1551,
        "swir_b12_reflectance": 0.1996,
        "ndvi": 0.455,
        "elevation_m": 274.2,
        "slope_deg": 3.4,
        "dist_to_fault_km": 77.32,
        "temp_c": 27.9,
        "rainfall_mm": 7.5,
        "timestamp": "2026-09-07T07:56:51.079660+00:00"
      }
    },
    {
      "type": "Feature",
      "geometry": {
        "type": "Point",
        "coordinates": [
          78.8,
          20.62
        ]
      },
      "properties": {
        "probability": 0.0108,
        "confidence": "low",
        "iron_oxide_index": 0.2968,
        "ferrous_mineral_index": 0.2287,
        "swir_b11_reflectance": 0.1821,
        "swir_b12_reflectance": 0.2183,
        "ndvi": 0.4106,
        "elevation_m": 274.2,
        "slope_deg": 2.5,
        "dist_to_fault_km": 72.66,
        "temp_c": 27.9,
        "rainfall_mm": 7.5,
        "timestamp": "2026-09-07T07:56:51.079660+00:00"
      }
    },
    {
      "type": "Feature",
      "geometry": {
        "type": "Point",
        "coordinates": [
          78.86,
          20.62
        ]
      },
      "properties": {
        "probability": 0.016,
        "confidence": "low",
        "iron_oxide_index": 0.344,
        "ferrous_mineral_index": 0.2213,
        "swir_b11_reflectance": 0.1755,
        "swir_b12_reflectance": 0.2284,
        "ndvi": 0.4415,
        "elevation_m": 274.2,
        "slope_deg": 2.4,
        "dist_to_fault_km": 67.27,
        "temp_c": 27.9,
        "rainfall_mm": 7.5,
        "timestamp": "2026-09-07T07:56:51.079660+00:00"
      }
    },
    {
      "type": "Feature",
      "geometry": {
        "type": "Point",
        "coordinates": [
          78.92,
          20.62
        ]
      },
      "properties": {
        "probability": 0.0055,
        "confidence": "low",
        "iron_oxide_index": 0.3011,
        "ferrous_mineral_index": 0.1989,
        "swir_b11_reflectance": 0.1719,
        "swir_b12_reflectance": 0.2197,
        "ndvi": 0.4833,
        "elevation_m": 274.2,
        "slope_deg": 1.9,
        "dist_to_fault_km": 62.13,
        "temp_c": 27.9,
        "rainfall_mm": 7.5,
        "timestamp": "2026-09-07T07:56:51.079660+00:00"
      }
    },
    {
      "type": "Feature",
      "geometry": {
        "type": "Point",
        "coordinates": [
          78.98,
          20.62
        ]
      },
      "properties": {
        "probability": 0.0542,
        "confidence": "low",
        "iron_oxide_index": 0.2522,
        "ferrous_mineral_index": 0.1673,
        "swir_b11_reflectance": 0.1789,
        "swir_b12_reflectance": 0.2214,
        "ndvi": 0.447,
        "elevation_m": 274.2,
        "slope_deg": 1.7,
        "dist_to_fault_km": 57.3,
        "temp_c": 27.9,
        "rainfall_mm": 7.5,
        "timestamp": "2026-09-07T07:56:51.079660+00:00"
      }
    },
    {
      "type": "Feature",
      "geometry": {
        "type": "Point",
        "coordinates": [
          79.04,
          20.62
        ]
      },
      "properties": {
        "probability": 0.0421,
        "confidence": "low",
        "iron_oxide_index": 0.3007,
        "ferrous_mineral_index": 0.2171,
        "swir_b11_reflectance": 0.1984,
        "swir_b12_reflectance": 0.2035,
        "ndvi": 0.3931,
        "elevation_m": 274.2,
        "slope_deg": 2.6,
        "dist_to_fault_km": 52.87,
        "temp_c": 27.9,
        "rainfall_mm": 7.5,
        "timestamp": "2026-09-07T07:56:51.079660+00:00"
      }
    },
    {
      "type": "Feature",
      "geometry": {
        "type": "Point",
        "coordinates": [
          79.1,
          20.62
        ]
      },
      "properties": {
        "probability": 0.0102,
        "confidence": "low",
        "iron_oxide_index": 0.2982,
        "ferrous_mineral_index": 0.2184,
        "swir_b11_reflectance": 0.172,
        "swir_b12_reflectance": 0.2233,
        "ndvi": 0.4301,
        "elevation_m": 243.6,
        "slope_deg": 1.6,
        "dist_to_fault_km": 48.95,
        "temp_c": 27.8,
        "rainfall_mm": 9.0,
        "timestamp": "2026-09-07T07:56:51.079660+00:00"
      }
    },
    {
      "type": "Feature",
      "geometry": {
        "type": "Point",
        "coordinates": [
          79.16,
          20.62
        ]
      },
      "properties": {
        "probability": 0.0052,
        "confidence": "low",
        "iron_oxide_index": 0.3201,
        "ferrous_mineral_index": 0.2163,
        "swir_b11_reflectance": 0.1628,
        "swir_b12_reflectance": 0.2263,
        "ndvi": 0.4886,
        "elevation_m": 243.6,
        "slope_deg": 2.3,
        "dist_to_fault_km": 45.67,
        "temp_c": 27.8,
        "rainfall_mm": 9.0,
        "timestamp": "2026-09-07T07:56:51.079660+00:00"
      }
    },
    {
      "type": "Feature",
      "geometry": {
        "type": "Point",
        "coordinates": [
          79.22,
          20.62
        ]
      },
      "properties": {
        "probability": 0.0151,
        "confidence": "low",
        "iron_oxide_index": 0.305,
        "ferrous_mineral_index": 0.2524,
        "swir_b11_reflectance": 0.1715,
        "swir_b12_reflectance": 0.1916,
        "ndvi": 0.4769,
        "elevation_m": 243.6,
        "slope_deg": 1.7,
        "dist_to_fault_km": 43.18,
        "temp_c": 27.8,
        "rainfall_mm": 9.0,
        "timestamp": "2026-09-07T07:56:51.079660+00:00"
      }
    },
    {
      "type": "Feature",
      "geometry": {
        "type": "Point",
        "coordinates": [
          79.28,
          20.62
        ]
      },
      "properties": {
        "probability": 0.0349,
        "confidence": "low",
        "iron_oxide_index": 0.2895,
        "ferrous_mineral_index": 0.2313,
        "swir_b11_reflectance": 0.1934,
        "swir_b12_reflectance": 0.2154,
        "ndvi": 0.4388,
        "elevation_m": 243.6,
        "slope_deg": 3.1,
        "dist_to_fault_km": 41.61,
        "temp_c": 27.8,
        "rainfall_mm": 9.0,
        "timestamp": "2026-09-07T07:56:51.079660+00:00"
      }
    },
    {
      "type": "Feature",
      "geometry": {
        "type": "Point",
        "coordinates": [
          79.34,
          20.62
        ]
      },
      "properties": {
        "probability": 0.0182,
        "confidence": "low",
        "iron_oxide_index": 0.2852,
        "ferrous_mineral_index": 0.2054,
        "swir_b11_reflectance": 0.1461,
        "swir_b12_reflectance": 0.2118,
        "ndvi": 0.4944,
        "elevation_m": 243.6,
        "slope_deg": 3.1,
        "dist_to_fault_km": 41.07,
        "temp_c": 27.8,
        "rainfall_mm": 9.0,
        "timestamp": "2026-09-07T07:56:51.079660+00:00"
      }
    },
    {
      "type": "Feature",
      "geometry": {
        "type": "Point",
        "coordinates": [
          79.4,
          20.62
        ]
      },
      "properties": {
        "probability": 0.0052,
        "confidence": "low",
        "iron_oxide_index": 0.3004,
        "ferrous_mineral_index": 0.2385,
        "swir_b11_reflectance": 0.1546,
        "swir_b12_reflectance": 0.22,
        "ndvi": 0.4817,
        "elevation_m": 243.6,
        "slope_deg": 2.0,
        "dist_to_fault_km": 41.61,
        "temp_c": 27.8,
        "rainfall_mm": 9.0,
        "timestamp": "2026-09-07T07:56:51.079660+00:00"
      }
    },
    {
      "type": "Feature",
      "geometry": {
        "type": "Point",
        "coordinates": [
          79.46,
          20.62
        ]
      },
      "properties": {
        "probability": 0.0152,
        "confidence": "low",
        "iron_oxide_index": 0.3334,
        "ferrous_mineral_index": 0.2185,
        "swir_b11_reflectance": 0.1489,
        "swir_b12_reflectance": 0.2313,
        "ndvi": 0.4593,
        "elevation_m": 243.6,
        "slope_deg": 2.0,
        "dist_to_fault_km": 43.18,
        "temp_c": 27.8,
        "rainfall_mm": 9.0,
        "timestamp": "2026-09-07T07:56:51.079660+00:00"
      }
    },
    {
      "type": "Feature",
      "geometry": {
        "type": "Point",
        "coordinates": [
          79.52,
          20.62
        ]
      },
      "properties": {
        "probability": 0.0051,
        "confidence": "low",
        "iron_oxide_index": 0.3241,
        "ferrous_mineral_index": 0.2023,
        "swir_b11_reflectance": 0.176,
        "swir_b12_reflectance": 0.223,
        "ndvi": 0.4789,
        "elevation_m": 243.6,
        "slope_deg": 2.6,
        "dist_to_fault_km": 45.67,
        "temp_c": 27.8,
        "rainfall_mm": 9.0,
        "timestamp": "2026-09-07T07:56:51.079660+00:00"
      }
    },
    {
      "type": "Feature",
      "geometry": {
        "type": "Point",
        "coordinates": [
          79.58,
          20.62
        ]
      },
      "properties": {
        "probability": 0.0051,
        "confidence": "low",
        "iron_oxide_index": 0.3162,
        "ferrous_mineral_index": 0.2558,
        "swir_b11_reflectance": 0.1606,
        "swir_b12_reflectance": 0.2296,
        "ndvi": 0.4199,
        "elevation_m": 243.6,
        "slope_deg": 1.5,
        "dist_to_fault_km": 48.95,
        "temp_c": 27.8,
        "rainfall_mm": 9.0,
        "timestamp": "2026-09-07T07:56:51.079660+00:00"
      }
    },
    {
      "type": "Feature",
      "geometry": {
        "type": "Point",
        "coordinates": [
          79.64,
          20.62
        ]
      },
      "properties": {
        "probability": 0.0107,
        "confidence": "low",
        "iron_oxide_index": 0.3168,
        "ferrous_mineral_index": 0.1966,
        "swir_b11_reflectance": 0.1659,
        "swir_b12_reflectance": 0.2324,
        "ndvi": 0.4164,
        "elevation_m": 243.6,
        "slope_deg": 2.9,
        "dist_to_fault_km": 52.87,
        "temp_c": 27.8,
        "rainfall_mm": 9.0,
        "timestamp": "2026-09-07T07:56:51.079660+00:00"
      }
    },
    {
      "type": "Feature",
      "geometry": {
        "type": "Point",
        "coordinates": [
          79.7,
          20.62
        ]
      },
      "properties": {
        "probability": 0.015,
        "confidence": "low",
        "iron_oxide_index": 0.2788,
        "ferrous_mineral_index": 0.2267,
        "swir_b11_reflectance": 0.1508,
        "swir_b12_reflectance": 0.202,
        "ndvi": 0.4291,
        "elevation_m": 264.0,
        "slope_deg": 2.1,
        "dist_to_fault_km": 57.3,
        "temp_c": 27.3,
        "rainfall_mm": 10.0,
        "timestamp": "2026-09-07T07:56:51.079660+00:00"
      }
    },
    {
      "type": "Feature",
      "geometry": {
        "type": "Point",
        "coordinates": [
          79.76,
          20.62
        ]
      },
      "properties": {
        "probability": 0.0075,
        "confidence": "low",
        "iron_oxide_index": 0.3119,
        "ferrous_mineral_index": 0.2345,
        "swir_b11_reflectance": 0.1665,
        "swir_b12_reflectance": 0.1825,
        "ndvi": 0.4848,
        "elevation_m": 264.0,
        "slope_deg": 2.3,
        "dist_to_fault_km": 62.13,
        "temp_c": 27.3,
        "rainfall_mm": 10.0,
        "timestamp": "2026-09-07T07:56:51.079660+00:00"
      }
    },
    {
      "type": "Feature",
      "geometry": {
        "type": "Point",
        "coordinates": [
          79.82,
          20.62
        ]
      },
      "properties": {
        "probability": 0.005,
        "confidence": "low",
        "iron_oxide_index": 0.2644,
        "ferrous_mineral_index": 0.2396,
        "swir_b11_reflectance": 0.1786,
        "swir_b12_reflectance": 0.2184,
        "ndvi": 0.4539,
        "elevation_m": 264.0,
        "slope_deg": 2.1,
        "dist_to_fault_km": 67.27,
        "temp_c": 27.3,
        "rainfall_mm": 10.0,
        "timestamp": "2026-09-07T07:56:51.079660+00:00"
      }
    },
    {
      "type": "Feature",
      "geometry": {
        "type": "Point",
        "coordinates": [
          79.88,
          20.62
        ]
      },
      "properties": {
        "probability": 0.0025,
        "confidence": "low",
        "iron_oxide_index": 0.3076,
        "ferrous_mineral_index": 0.2287,
        "swir_b11_reflectance": 0.1686,
        "swir_b12_reflectance": 0.1859,
        "ndvi": 0.4806,
        "elevation_m": 264.0,
        "slope_deg": 1.9,
        "dist_to_fault_km": 72.66,
        "temp_c": 27.3,
        "rainfall_mm": 10.0,
        "timestamp": "2026-09-07T07:56:51.079660+00:00"
      }
    },
    {
      "type": "Feature",
      "geometry": {
        "type": "Point",
        "coordinates": [
          79.94,
          20.62
        ]
      },
      "properties": {
        "probability": 0.0,
        "confidence": "low",
        "iron_oxide_index": 0.2813,
        "ferrous_mineral_index": 0.2608,
        "swir_b11_reflectance": 0.1669,
        "swir_b12_reflectance": 0.214,
        "ndvi": 0.4407,
        "elevation_m": 264.0,
        "slope_deg": 2.8,
        "dist_to_fault_km": 78.25,
        "temp_c": 27.3,
        "rainfall_mm": 10.0,
        "timestamp": "2026-09-07T07:56:51.079660+00:00"
      }
    },
    {
      "type": "Feature",
      "geometry": {
        "type": "Point",
        "coordinates": [
          80.0,
          20.62
        ]
      },
      "properties": {
        "probability": 0.025,
        "confidence": "low",
        "iron_oxide_index": 0.2994,
        "ferrous_mineral_index": 0.1929,
        "swir_b11_reflectance": 0.199,
        "swir_b12_reflectance": 0.2231,
        "ndvi": 0.4206,
        "elevation_m": 264.0,
        "slope_deg": 3.0,
        "dist_to_fault_km": 83.99,
        "temp_c": 27.3,
        "rainfall_mm": 10.0,
        "timestamp": "2026-09-07T07:56:51.079660+00:00"
      }
    },
    {
      "type": "Feature",
      "geometry": {
        "type": "Point",
        "coordinates": [
          80.06,
          20.62
        ]
      },
      "properties": {
        "probability": 0.0,
        "confidence": "low",
        "iron_oxide_index": 0.3168,
        "ferrous_mineral_index": 0.2137,
        "swir_b11_reflectance": 0.1683,
        "swir_b12_reflectance": 0.2259,
        "ndvi": 0.4523,
        "elevation_m": 264.0,
        "slope_deg": 2.3,
        "dist_to_fault_km": 87.57,
        "temp_c": 27.3,
        "rainfall_mm": 10.0,
        "timestamp": "2026-09-07T07:56:51.079660+00:00"
      }
    },
    {
      "type": "Feature",
      "geometry": {
        "type": "Point",
        "coordinates": [
          80.12,
          20.62
        ]
      },
      "properties": {
        "probability": 0.005,
        "confidence": "low",
        "iron_oxide_index": 0.312,
        "ferrous_mineral_index": 0.2168,
        "swir_b11_reflectance": 0.1624,
        "swir_b12_reflectance": 0.2415,
        "ndvi": 0.4384,
        "elevation_m": 264.0,
        "slope_deg": 2.7,
        "dist_to_fault_km": 91.13,
        "temp_c": 27.3,
        "rainfall_mm": 10.0,
        "timestamp": "2026-09-07T07:56:51.079660+00:00"
      }
    },
    {
      "type": "Feature",
      "geometry": {
        "type": "Point",
        "coordinates": [
          80.18,
          20.62
        ]
      },
      "properties": {
        "probability": 0.005,
        "confidence": "low",
        "iron_oxide_index": 0.3431,
        "ferrous_mineral_index": 0.218,
        "swir_b11_reflectance": 0.1713,
        "swir_b12_reflectance": 0.2346,
        "ndvi": 0.4666,
        "elevation_m": 264.0,
        "slope_deg": 2.2,
        "dist_to_fault_km": 95.02,
        "temp_c": 27.3,
        "rainfall_mm": 10.0,
        "timestamp": "2026-09-07T07:56:51.079660+00:00"
      }
    },
    {
      "type": "Feature",
      "geometry": {
        "type": "Point",
        "coordinates": [
          80.24,
          20.62
        ]
      },
      "properties": {
        "probability": 0.0025,
        "confidence": "low",
        "iron_oxide_index": 0.3266,
        "ferrous_mineral_index": 0.223,
        "swir_b11_reflectance": 0.1636,
        "swir_b12_reflectance": 0.1948,
        "ndvi": 0.483,
        "elevation_m": 264.0,
        "slope_deg": 1.7,
        "dist_to_fault_km": 99.21,
        "temp_c": 27.3,
        "rainfall_mm": 10.0,
        "timestamp": "2026-09-07T07:56:51.079660+00:00"
      }
    },
    {
      "type": "Feature",
      "geometry": {
        "type": "Point",
        "coordinates": [
          80.3,
          20.62
        ]
      },
      "properties": {
        "probability": 0.005,
        "confidence": "low",
        "iron_oxide_index": 0.2897,
        "ferrous_mineral_index": 0.2257,
        "swir_b11_reflectance": 0.1761,
        "swir_b12_reflectance": 0.1981,
        "ndvi": 0.4736,
        "elevation_m": 264.0,
        "slope_deg": 2.5,
        "dist_to_fault_km": 103.65,
        "temp_c": 27.3,
        "rainfall_mm": 10.0,
        "timestamp": "2026-09-07T07:56:51.079660+00:00"
      }
    },
    {
      "type": "Feature",
      "geometry": {
        "type": "Point",
        "coordinates": [
          80.36,
          20.62
        ]
      },
      "properties": {
        "probability": 0.0634,
        "confidence": "low",
        "iron_oxide_index": 0.3101,
        "ferrous_mineral_index": 0.1913,
        "swir_b11_reflectance": 0.1526,
        "swir_b12_reflectance": 0.1985,
        "ndvi": 0.43,
        "elevation_m": 343.9,
        "slope_deg": 3.6,
        "dist_to_fault_km": 108.33,
        "temp_c": 26.4,
        "rainfall_mm": 10.1,
        "timestamp": "2026-09-07T07:56:51.079660+00:00"
      }
    },
    {
      "type": "Feature",
      "geometry": {
        "type": "Point",
        "coordinates": [
          80.42,
          20.62
        ]
      },
      "properties": {
        "probability": 0.0304,
        "confidence": "low",
        "iron_oxide_index": 0.3109,
        "ferrous_mineral_index": 0.1984,
        "swir_b11_reflectance": 0.1561,
        "swir_b12_reflectance": 0.2323,
        "ndvi": 0.5077,
        "elevation_m": 343.9,
        "slope_deg": 4.7,
        "dist_to_fault_km": 113.2,
        "temp_c": 26.4,
        "rainfall_mm": 10.1,
        "timestamp": "2026-09-07T07:56:51.079660+00:00"
      }
    },
    {
      "type": "Feature",
      "geometry": {
        "type": "Point",
        "coordinates": [
          80.48,
          20.62
        ]
      },
      "properties": {
        "probability": 0.0544,
        "confidence": "low",
        "iron_oxide_index": 0.2737,
        "ferrous_mineral_index": 0.2309,
        "swir_b11_reflectance": 0.1783,
        "swir_b12_reflectance": 0.1878,
        "ndvi": 0.4332,
        "elevation_m": 343.9,
        "slope_deg": 2.6,
        "dist_to_fault_km": 118.25,
        "temp_c": 26.4,
        "rainfall_mm": 10.1,
        "timestamp": "2026-09-07T07:56:51.079660+00:00"
      }
    },
    {
      "type": "Feature",
      "geometry": {
        "type": "Point",
        "coordinates": [
          80.54,
          20.62
        ]
      },
      "properties": {
        "probability": 0.0258,
        "confidence": "low",
        "iron_oxide_index": 0.3193,
        "ferrous_mineral_index": 0.2291,
        "swir_b11_reflectance": 0.175,
        "swir_b12_reflectance": 0.201,
        "ndvi": 0.4305,
        "elevation_m": 343.9,
        "slope_deg": 3.9,
        "dist_to_fault_km": 123.44,
        "temp_c": 26.4,
        "rainfall_mm": 10.1,
        "timestamp": "2026-09-07T07:56:51.079660+00:00"
      }
    },
    {
      "type": "Feature",
      "geometry": {
        "type": "Point",
        "coordinates": [
          80.6,
          20.62
        ]
      },
      "properties": {
        "probability": 0.0175,
        "confidence": "low",
        "iron_oxide_index": 0.3314,
        "ferrous_mineral_index": 0.2285,
        "swir_b11_reflectance": 0.1661,
        "swir_b12_reflectance": 0.2358,
        "ndvi": 0.4842,
        "elevation_m": 343.9,
        "slope_deg": 3.1,
        "dist_to_fault_km": 128.78,
        "temp_c": 26.4,
        "rainfall_mm": 10.1,
        "timestamp": "2026-09-07T07:56:51.079660+00:00"
      }
    },
    {
      "type": "Feature",
      "geometry": {
        "type": "Point",
        "coordinates": [
          80.66,
          20.62
        ]
      },
      "properties": {
        "probability": 0.0032,
        "confidence": "low",
        "iron_oxide_index": 0.2739,
        "ferrous_mineral_index": 0.2344,
        "swir_b11_reflectance": 0.1616,
        "swir_b12_reflectance": 0.2058,
        "ndvi": 0.485,
        "elevation_m": 343.9,
        "slope_deg": 3.9,
        "dist_to_fault_km": 134.23,
        "temp_c": 26.4,
        "rainfall_mm": 10.1,
        "timestamp": "2026-09-07T07:56:51.079660+00:00"
      }
    },
    {
      "type": "Feature",
      "geometry": {
        "type": "Point",
        "coordinates": [
          80.72,
          20.62
        ]
      },
      "properties": {
        "probability": 0.0639,
        "confidence": "low",
        "iron_oxide_index": 0.2863,
        "ferrous_mineral_index": 0.209,
        "swir_b11_reflectance": 0.1397,
        "swir_b12_reflectance": 0.1976,
        "ndvi": 0.4444,
        "elevation_m": 343.9,
        "slope_deg": 4.7,
        "dist_to_fault_km": 139.79,
        "temp_c": 26.4,
        "rainfall_mm": 10.1,
        "timestamp": "2026-09-07T07:56:51.079660+00:00"
      }
    },
    {
      "type": "Feature",
      "geometry": {
        "type": "Point",
        "coordinates": [
          80.78,
          20.62
        ]
      },
      "properties": {
        "probability": 0.04,
        "confidence": "low",
        "iron_oxide_index": 0.3327,
        "ferrous_mineral_index": 0.2021,
        "swir_b11_reflectance": 0.1714,
        "swir_b12_reflectance": 0.231,
        "ndvi": 0.3755,
        "elevation_m": 343.9,
        "slope_deg": 3.2,
        "dist_to_fault_km": 145.44,
        "temp_c": 26.4,
        "rainfall_mm": 10.1,
        "timestamp": "2026-09-07T07:56:51.079660+00:00"
      }
    },
    {
      "type": "Feature",
      "geometry": {
        "type": "Point",
        "coordinates": [
          78.5,
          20.68
        ]
      },
      "properties": {
        "probability": 0.0105,
        "confidence": "low",
        "iron_oxide_index": 0.3104,
        "ferrous_mineral_index": 0.2011,
        "swir_b11_reflectance": 0.1569,
        "swir_b12_reflectance": 0.2274,
        "ndvi": 0.4186,
        "elevation_m": 274.2,
        "slope_deg": 2.2,
        "dist_to_fault_km": 92.39,
        "temp_c": 27.9,
        "rainfall_mm": 7.5,
        "timestamp": "2026-09-07T07:56:51.079660+00:00"
      }
    },
    {
      "type": "Feature",
      "geometry": {
        "type": "Point",
        "coordinates": [
          78.56,
          20.68
        ]
      },
      "properties": {
        "probability": 0.0043,
        "confidence": "low",
        "iron_oxide_index": 0.3095,
        "ferrous_mineral_index": 0.2288,
        "swir_b11_reflectance": 0.1823,
        "swir_b12_reflectance": 0.2152,
        "ndvi": 0.4205,
        "elevation_m": 274.2,
        "slope_deg": 1.1,
        "dist_to_fault_km": 87.03,
        "temp_c": 27.9,
        "rainfall_mm": 7.5,
        "timestamp": "2026-09-07T07:56:51.079660+00:00"
      }
    },
    {
      "type": "Feature",
      "geometry": {
        "type": "Point",
        "coordinates": [
          78.62,
          20.68
        ]
      },
      "properties": {
        "probability": 0.0704,
        "confidence": "low",
        "iron_oxide_index": 0.3338,
        "ferrous_mineral_index": 0.2306,
        "swir_b11_reflectance": 0.1613,
        "swir_b12_reflectance": 0.201,
        "ndvi": 0.3892,
        "elevation_m": 274.2,
        "slope_deg": 2.4,
        "dist_to_fault_km": 81.87,
        "temp_c": 27.9,
        "rainfall_mm": 7.5,
        "timestamp": "2026-09-07T07:56:51.079660+00:00"
      }
    },
    {
      "type": "Feature",
      "geometry": {
        "type": "Point",
        "coordinates": [
          78.68,
          20.68
        ]
      },
      "properties": {
        "probability": 0.0585,
        "confidence": "low",
        "iron_oxide_index": 0.27,
        "ferrous_mineral_index": 0.1863,
        "swir_b11_reflectance": 0.1757,
        "swir_b12_reflectance": 0.2162,
        "ndvi": 0.4237,
        "elevation_m": 274.2,
        "slope_deg": 4.0,
        "dist_to_fault_km": 76.94,
        "temp_c": 27.9,
        "rainfall_mm": 7.5,
        "timestamp": "2026-09-07T07:56:51.079660+00:00"
      }
    },
    {
      "type": "Feature",
      "geometry": {
        "type": "Point",
        "coordinates": [
          78.74,
          20.68
        ]
      },
      "properties": {
        "probability": 0.0081,
        "confidence": "low",
        "iron_oxide_index": 0.2963,
        "ferrous_mineral_index": 0.2398,
        "swir_b11_reflectance": 0.1763,
        "swir_b12_reflectance": 0.2246,
        "ndvi": 0.4354,
        "elevation_m": 274.2,
        "slope_deg": 2.4,
        "dist_to_fault_km": 72.28,
        "temp_c": 27.9,
        "rainfall_mm": 7.5,
        "timestamp": "2026-09-07T07:56:51.079660+00:00"
      }
    },
    {
      "type": "Feature",
      "geometry": {
        "type": "Point",
        "coordinates": [
          78.8,
          20.68
        ]
      },
      "properties": {
        "probability": 0.0031,
        "confidence": "low",
        "iron_oxide_index": 0.2819,
        "ferrous_mineral_index": 0.2451,
        "swir_b11_reflectance": 0.1608,
        "swir_b12_reflectance": 0.2183,
        "ndvi": 0.4151,
        "elevation_m": 274.2,
        "slope_deg": 2.8,
        "dist_to_fault_km": 67.95,
        "temp_c": 27.9,
        "rainfall_mm": 7.5,
        "timestamp": "2026-09-07T07:56:51.079660+00:00"
      }
    },
    {
      "type": "Feature",
      "geometry": {
        "type": "Point",
        "coordinates": [
          78.86,
          20.68
        ]
      },
      "properties": {
        "probability": 0.0123,
        "confidence": "low",
        "iron_oxide_index": 0.2895,
        "ferrous_mineral_index": 0.2087,
        "swir_b11_reflectance": 0.1849,
        "swir_b12_reflectance": 0.2208,
        "ndvi": 0.4743,
        "elevation_m": 274.2,
        "slope_deg": 2.6,
        "dist_to_fault_km": 63.43,
        "temp_c": 27.9,
        "rainfall_mm": 7.5,
        "timestamp": "2026-09-07T07:56:51.079660+00:00"
      }
    },
    {
      "type": "Feature",
      "geometry": {
        "type": "Point",
        "coordinates": [
          78.92,
          20.68
        ]
      },
      "properties": {
        "probability": 0.0401,
        "confidence": "low",
        "iron_oxide_index": 0.3335,
        "ferrous_mineral_index": 0.2395,
        "swir_b11_reflectance": 0.2044,
        "swir_b12_reflectance": 0.2083,
        "ndvi": 0.4568,
        "elevation_m": 274.2,
        "slope_deg": 2.8,
        "dist_to_fault_km": 57.94,
        "temp_c": 27.9,
        "rainfall_mm": 7.5,
        "timestamp": "2026-09-07T07:56:51.079660+00:00"
      }
    },
    {
      "type": "Feature",
      "geometry": {
        "type": "Point",
        "coordinates": [
          78.98,
          20.68
        ]
      },
      "properties": {
        "probability": 0.0142,
        "confidence": "low",
        "iron_oxide_index": 0.248,
        "ferrous_mineral_index": 0.2596,
        "swir_b11_reflectance": 0.1728,
        "swir_b12_reflectance": 0.209,
        "ndvi": 0.4807,
        "elevation_m": 274.2,
        "slope_deg": 2.3,
        "dist_to_fault_km": 52.73,
        "temp_c": 27.9,
        "rainfall_mm": 7.5,
        "timestamp": "2026-09-07T07:56:51.079660+00:00"
      }
    },
    {
      "type": "Feature",
      "geometry": {
        "type": "Point",
        "coordinates": [
          79.04,
          20.68
        ]
      },
      "properties": {
        "probability": 0.0083,
        "confidence": "low",
        "iron_oxide_index": 0.3,
        "ferrous_mineral_index": 0.2357,
        "swir_b11_reflectance": 0.1762,
        "swir_b12_reflectance": 0.2303,
        "ndvi": 0.4375,
        "elevation_m": 274.2,
        "slope_deg": 2.9,
        "dist_to_fault_km": 47.88,
        "temp_c": 27.9,
        "rainfall_mm": 7.5,
        "timestamp": "2026-09-07T07:56:51.079660+00:00"
      }
    },
    {
      "type": "Feature",
      "geometry": {
        "type": "Point",
        "coordinates": [
          79.1,
          20.68
        ]
      },
      "properties": {
        "probability": 0.0002,
        "confidence": "low",
        "iron_oxide_index": 0.3486,
        "ferrous_mineral_index": 0.2247,
        "swir_b11_reflectance": 0.1697,
        "swir_b12_reflectance": 0.2279,
        "ndvi": 0.4572,
        "elevation_m": 243.6,
        "slope_deg": 1.3,
        "dist_to_fault_km": 43.52,
        "temp_c": 27.8,
        "rainfall_mm": 9.0,
        "timestamp": "2026-09-07T07:56:51.079660+00:00"
      }
    },
    {
      "type": "Feature",
      "geometry": {
        "type": "Point",
        "coordinates": [
          79.16,
          20.68
        ]
      },
      "properties": {
        "probability": 0.0301,
        "confidence": "low",
        "iron_oxide_index": 0.3122,
        "ferrous_mineral_index": 0.2392,
        "swir_b11_reflectance": 0.1766,
        "swir_b12_reflectance": 0.2436,
        "ndvi": 0.3911,
        "elevation_m": 243.6,
        "slope_deg": 1.9,
        "dist_to_fault_km": 39.79,
        "temp_c": 27.8,
        "rainfall_mm": 9.0,
        "timestamp": "2026-09-07T07:56:51.079660+00:00"
      }
    },
    {
      "type": "Feature",
      "geometry": {
        "type": "Point",
        "coordinates": [
          79.22,
          20.68
        ]
      },
      "properties": {
        "probability": 0.0155,
        "confidence": "low",
        "iron_oxide_index": 0.2874,
        "ferrous_mineral_index": 0.2077,
        "swir_b11_reflectance": 0.161,
        "swir_b12_reflectance": 0.2104,
        "ndvi": 0.4514,
        "elevation_m": 243.6,
        "slope_deg": 1.7,
        "dist_to_fault_km": 36.9,
        "temp_c": 27.8,
        "rainfall_mm": 9.0,
        "timestamp": "2026-09-07T07:56:51.079660+00:00"
      }
    },
    {
      "type": "Feature",
      "geometry": {
        "type": "Point",
        "coordinates": [
          79.28,
          20.68
        ]
      },
      "properties": {
        "probability": 0.0055,
        "confidence": "low",
        "iron_oxide_index": 0.3086,
        "ferrous_mineral_index": 0.2063,
        "swir_b11_reflectance": 0.1781,
        "swir_b12_reflectance": 0.2123,
        "ndvi": 0.4685,
        "elevation_m": 243.6,
        "slope_deg": 2.0,
        "dist_to_fault_km": 35.05,
        "temp_c": 27.8,
        "rainfall_mm": 9.0,
        "timestamp": "2026-09-07T07:56:51.079660+00:00"
      }
    },
    {
      "type": "Feature",
      "geometry": {
        "type": "Point",
        "coordinates": [
          79.34,
          20.68
        ]
      },
      "properties": {
        "probability": 0.0073,
        "confidence": "low",
        "iron_oxide_index": 0.2497,
        "ferrous_mineral_index": 0.224,
        "swir_b11_reflectance": 0.1493,
        "swir_b12_reflectance": 0.2182,
        "ndvi": 0.4254,
        "elevation_m": 243.6,
        "slope_deg": 1.8,
        "dist_to_fault_km": 34.41,
        "temp_c": 27.8,
        "rainfall_mm": 9.0,
        "timestamp": "2026-09-07T07:56:51.079660+00:00"
      }
    },
    {
      "type": "Feature",
      "geometry": {
        "type": "Point",
        "coordinates": [
          79.4,
          20.68
        ]
      },
      "properties": {
        "probability": 0.0067,
        "confidence": "low",
        "iron_oxide_index": 0.3379,
        "ferrous_mineral_index": 0.2101,
        "swir_b11_reflectance": 0.1648,
        "swir_b12_reflectance": 0.2361,
        "ndvi": 0.4232,
        "elevation_m": 243.6,
        "slope_deg": 2.7,
        "dist_to_fault_km": 35.05,
        "temp_c": 27.8,
        "rainfall_mm": 9.0,
        "timestamp": "2026-09-07T07:56:51.079660+00:00"
      }
    },
    {
      "type": "Feature",
      "geometry": {
        "type": "Point",
        "coordinates": [
          79.46,
          20.68
        ]
      },
      "properties": {
        "probability": 0.0184,
        "confidence": "low",
        "iron_oxide_index": 0.2748,
        "ferrous_mineral_index": 0.2227,
        "swir_b11_reflectance": 0.1878,
        "swir_b12_reflectance": 0.2043,
        "ndvi": 0.447,
        "elevation_m": 243.6,
        "slope_deg": 2.4,
        "dist_to_fault_km": 36.9,
        "temp_c": 27.8,
        "rainfall_mm": 9.0,
        "timestamp": "2026-09-07T07:56:51.079660+00:00"
      }
    },
    {
      "type": "Feature",
      "geometry": {
        "type": "Point",
        "coordinates": [
          79.52,
          20.68
        ]
      },
      "properties": {
        "probability": 0.0218,
        "confidence": "low",
        "iron_oxide_index": 0.2921,
        "ferrous_mineral_index": 0.2219,
        "swir_b11_reflectance": 0.1753,
        "swir_b12_reflectance": 0.1969,
        "ndvi": 0.4899,
        "elevation_m": 243.6,
        "slope_deg": 1.6,
        "dist_to_fault_km": 39.79,
        "temp_c": 27.8,
        "rainfall_mm": 9.0,
        "timestamp": "2026-09-07T07:56:51.079660+00:00"
      }
    },
    {
      "type": "Feature",
      "geometry": {
        "type": "Point",
        "coordinates": [
          79.58,
          20.68
        ]
      },
      "properties": {
        "probability": 0.0397,
        "confidence": "low",
        "iron_oxide_index": 0.3004,
        "ferrous_mineral_index": 0.2139,
        "swir_b11_reflectance": 0.1891,
        "swir_b12_reflectance": 0.2284,
        "ndvi": 0.4951,
        "elevation_m": 243.6,
        "slope_deg": 2.6,
        "dist_to_fault_km": 43.52,
        "temp_c": 27.8,
        "rainfall_mm": 9.0,
        "timestamp": "2026-09-07T07:56:51.079660+00:00"
      }
    },
    {
      "type": "Feature",
      "geometry": {
        "type": "Point",
        "coordinates": [
          79.64,
          20.68
        ]
      },
      "properties": {
        "probability": 0.0166,
        "confidence": "low",
        "iron_oxide_index": 0.2813,
        "ferrous_mineral_index": 0.258,
        "swir_b11_reflectance": 0.1646,
        "swir_b12_reflectance": 0.2014,
        "ndvi": 0.4873,
        "elevation_m": 243.6,
        "slope_deg": 1.1,
        "dist_to_fault_km": 47.88,
        "temp_c": 27.8,
        "rainfall_mm": 9.0,
        "timestamp": "2026-09-07T07:56:51.079660+00:00"
      }
    },
    {
      "type": "Feature",
      "geometry": {
        "type": "Point",
        "coordinates": [
          79.7,
          20.68
        ]
      },
      "properties": {
        "probability": 0.0,
        "confidence": "low",
        "iron_oxide_index": 0.3234,
        "ferrous_mineral_index": 0.21,
        "swir_b11_reflectance": 0.1872,
        "swir_b12_reflectance": 0.2209,
        "ndvi": 0.4526,
        "elevation_m": 264.0,
        "slope_deg": 2.8,
        "dist_to_fault_km": 52.73,
        "temp_c": 27.3,
        "rainfall_mm": 10.0,
        "timestamp": "2026-09-07T07:56:51.079660+00:00"
      }
    },
    {
      "type": "Feature",
      "geometry": {
        "type": "Point",
        "coordinates": [
          79.76,
          20.68
        ]
      },
      "properties": {
        "probability": 0.01,
        "confidence": "low",
        "iron_oxide_index": 0.2811,
        "ferrous_mineral_index": 0.2441,
        "swir_b11_reflectance": 0.1839,
        "swir_b12_reflectance": 0.2047,
        "ndvi": 0.4498,
        "elevation_m": 264.0,
        "slope_deg": 2.6,
        "dist_to_fault_km": 57.94,
        "temp_c": 27.3,
        "rainfall_mm": 10.0,
        "timestamp": "2026-09-07T07:56:51.079660+00:00"
      }
    },
    {
      "type": "Feature",
      "geometry": {
        "type": "Point",
        "coordinates": [
          79.82,
          20.68
        ]
      },
      "properties": {
        "probability": 0.0,
        "confidence": "low",
        "iron_oxide_index": 0.3236,
        "ferrous_mineral_index": 0.223,
        "swir_b11_reflectance": 0.1617,
        "swir_b12_reflectance": 0.2066,
        "ndvi": 0.4287,
        "elevation_m": 264.0,
        "slope_deg": 2.4,
        "dist_to_fault_km": 63.43,
        "temp_c": 27.3,
        "rainfall_mm": 10.0,
        "timestamp": "2026-09-07T07:56:51.079660+00:00"
      }
    },
    {
      "type": "Feature",
      "geometry": {
        "type": "Point",
        "coordinates": [
          79.88,
          20.68
        ]
      },
      "properties": {
        "probability": 0.0,
        "confidence": "low",
        "iron_oxide_index": 0.2803,
        "ferrous_mineral_index": 0.2337,
        "swir_b11_reflectance": 0.165,
        "swir_b12_reflectance": 0.2168,
        "ndvi": 0.3996,
        "elevation_m": 264.0,
        "slope_deg": 1.8,
        "dist_to_fault_km": 69.11,
        "temp_c": 27.3,
        "rainfall_mm": 10.0,
        "timestamp": "2026-09-07T07:56:51.079660+00:00"
      }
    },
    {
      "type": "Feature",
      "geometry": {
        "type": "Point",
        "coordinates": [
          79.94,
          20.68
        ]
      },
      "properties": {
        "probability": 0.035,
        "confidence": "low",
        "iron_oxide_index": 0.3041,
        "ferrous_mineral_index": 0.1819,
        "swir_b11_reflectance": 0.1651,
        "swir_b12_reflectance": 0.2187,
        "ndvi": 0.4772,
        "elevation_m": 264.0,
        "slope_deg": 2.4,
        "dist_to_fault_km": 74.96,
        "temp_c": 27.3,
        "rainfall_mm": 10.0,
        "timestamp": "2026-09-07T07:56:51.079660+00:00"
      }
    },
    {
      "type": "Feature",
      "geometry": {
        "type": "Point",
        "coordinates": [
          80.0,
          20.68
        ]
      },
      "properties": {
        "probability": 0.0025,
        "confidence": "low",
        "iron_oxide_index": 0.2915,
        "ferrous_mineral_index": 0.2366,
        "swir_b11_reflectance": 0.1429,
        "swir_b12_reflectance": 0.2221,
        "ndvi": 0.4843,
        "elevation_m": 264.0,
        "slope_deg": 2.6,
        "dist_to_fault_km": 78.49,
        "temp_c": 27.3,
        "rainfall_mm": 10.0,
        "timestamp": "2026-09-07T07:56:51.079660+00:00"
      }
    },
    {
      "type": "Feature",
      "geometry": {
        "type": "Point",
        "coordinates": [
          80.06,
          20.68
        ]
      },
      "properties": {
        "probability": 0.014,
        "confidence": "low",
        "iron_oxide_index": 0.3047,
        "ferrous_mineral_index": 0.2246,
        "swir_b11_reflectance": 0.1898,
        "swir_b12_reflectance": 0.2067,
        "ndvi": 0.4552,
        "elevation_m": 264.0,
        "slope_deg": 3.1,
        "dist_to_fault_km": 81.9,
        "temp_c": 27.3,
        "rainfall_mm": 10.0,
        "timestamp": "2026-09-07T07:56:51.079660+00:00"
      }
    },
    {
      "type": "Feature",
      "geometry": {
        "type": "Point",
        "coordinates": [
          80.12,
          20.68
        ]
      },
      "properties": {
        "probability": 0.0,
        "confidence": "low",
        "iron_oxide_index": 0.2755,
        "ferrous_mineral_index": 0.2228,
        "swir_b11_reflectance": 0.1701,
        "swir_b12_reflectance": 0.2217,
        "ndvi": 0.4489,
        "elevation_m": 264.0,
        "slope_deg": 1.9,
        "dist_to_fault_km": 85.69,
        "temp_c": 27.3,
        "rainfall_mm": 10.0,
        "timestamp": "2026-09-07T07:56:51.079660+00:00"
      }
    },
    {
      "type": "Feature",
      "geometry": {
        "type": "Point",
        "coordinates": [
          80.18,
          20.68
        ]
      },
      "properties": {
        "probability": 0.005,
        "confidence": "low",
        "iron_oxide_index": 0.3159,
        "ferrous_mineral_index": 0.2003,
        "swir_b11_reflectance": 0.171,
        "swir_b12_reflectance": 0.2141,
        "ndvi": 0.4897,
        "elevation_m": 264.0,
        "slope_deg": 2.6,
        "dist_to_fault_km": 89.82,
        "temp_c": 27.3,
        "rainfall_mm": 10.0,
        "timestamp": "2026-09-07T07:56:51.079660+00:00"
      }
    },
    {
      "type": "Feature",
      "geometry": {
        "type": "Point",
        "coordinates": [
          80.24,
          20.68
        ]
      },
      "properties": {
        "probability": 0.006,
        "confidence": "low",
        "iron_oxide_index": 0.3178,
        "ferrous_mineral_index": 0.2293,
        "swir_b11_reflectance": 0.1946,
        "swir_b12_reflectance": 0.2123,
        "ndvi": 0.4722,
        "elevation_m": 264.0,
        "slope_deg": 2.3,
        "dist_to_fault_km": 94.24,
        "temp_c": 27.3,
        "rainfall_mm": 10.0,
        "timestamp": "2026-09-07T07:56:51.079660+00:00"
      }
    },
    {
      "type": "Feature",
      "geometry": {
        "type": "Point",
        "coordinates": [
          80.3,
          20.68
        ]
      },
      "properties": {
        "probability": 0.011,
        "confidence": "low",
        "iron_oxide_index": 0.2841,
        "ferrous_mineral_index": 0.2308,
        "swir_b11_reflectance": 0.1943,
        "swir_b12_reflectance": 0.2552,
        "ndvi": 0.4857,
        "elevation_m": 264.0,
        "slope_deg": 2.6,
        "dist_to_fault_km": 98.91,
        "temp_c": 27.3,
        "rainfall_mm": 10.0,
        "timestamp": "2026-09-07T07:56:51.079660+00:00"
      }
    },
    {
      "type": "Feature",
      "geometry": {
        "type": "Point",
        "coordinates": [
          80.36,
          20.68
        ]
      },
      "properties": {
        "probability": 0.0005,
        "confidence": "low",
        "iron_oxide_index": 0.3061,
        "ferrous_mineral_index": 0.251,
        "swir_b11_reflectance": 0.1811,
        "swir_b12_reflectance": 0.2256,
        "ndvi": 0.4609,
        "elevation_m": 343.9,
        "slope_deg": 3.2,
        "dist_to_fault_km": 103.8,
        "temp_c": 26.4,
        "rainfall_mm": 10.1,
        "timestamp": "2026-09-07T07:56:51.079660+00:00"
      }
    },
    {
      "type": "Feature",
      "geometry": {
        "type": "Point",
        "coordinates": [
          80.42,
          20.68
        ]
      },
      "properties": {
        "probability": 0.0227,
        "confidence": "low",
        "iron_oxide_index": 0.2848,
        "ferrous_mineral_index": 0.2085,
        "swir_b11_reflectance": 0.153,
        "swir_b12_reflectance": 0.2384,
        "ndvi": 0.4359,
        "elevation_m": 343.9,
        "slope_deg": 3.6,
        "dist_to_fault_km": 108.87,
        "temp_c": 26.4,
        "rainfall_mm": 10.1,
        "timestamp": "2026-09-07T07:56:51.079660+00:00"
      }
    },
    {
      "type": "Feature",
      "geometry": {
        "type": "Point",
        "coordinates": [
          80.48,
          20.68
        ]
      },
      "properties": {
        "probability": 0.0375,
        "confidence": "low",
        "iron_oxide_index": 0.2581,
        "ferrous_mineral_index": 0.1932,
        "swir_b11_reflectance": 0.1531,
        "swir_b12_reflectance": 0.2281,
        "ndvi": 0.4403,
        "elevation_m": 343.9,
        "slope_deg": 2.5,
        "dist_to_fault_km": 114.11,
        "temp_c": 26.4,
        "rainfall_mm": 10.1,
        "timestamp": "2026-09-07T07:56:51.079660+00:00"
      }
    },
    {
      "type": "Feature",
      "geometry": {
        "type": "Point",
        "coordinates": [
          80.54,
          20.68
        ]
      },
      "properties": {
        "probability": 0.0205,
        "confidence": "low",
        "iron_oxide_index": 0.2738,
        "ferrous_mineral_index": 0.2242,
        "swir_b11_reflectance": 0.2122,
        "swir_b12_reflectance": 0.2216,
        "ndvi": 0.3944,
        "elevation_m": 343.9,
        "slope_deg": 3.3,
        "dist_to_fault_km": 119.49,
        "temp_c": 26.4,
        "rainfall_mm": 10.1,
        "timestamp": "2026-09-07T07:56:51.079660+00:00"
      }
    },
    {
      "type": "Feature",
      "geometry": {
        "type": "Point",
        "coordinates": [
          80.6,
          20.68
        ]
      },
      "properties": {
        "probability": 0.0516,
        "confidence": "low",
        "iron_oxide_index": 0.3145,
        "ferrous_mineral_index": 0.2034,
        "swir_b11_reflectance": 0.1845,
        "swir_b12_reflectance": 0.1961,
        "ndvi": 0.3987,
        "elevation_m": 343.9,
        "slope_deg": 3.6,
        "dist_to_fault_km": 124.99,
        "temp_c": 26.4,
        "rainfall_mm": 10.1,
        "timestamp": "2026-09-07T07:56:51.079660+00:00"
      }
    },
    {
      "type": "Feature",
      "geometry": {
        "type": "Point",
        "coordinates": [
          80.66,
          20.68
        ]
      },
      "properties": {
        "probability": 0.0133,
        "confidence": "low",
        "iron_oxide_index": 0.2818,
        "ferrous_mineral_index": 0.2184,
        "swir_b11_reflectance": 0.1632,
        "swir_b12_reflectance": 0.2462,
        "ndvi": 0.4155,
        "elevation_m": 343.9,
        "slope_deg": 2.9,
        "dist_to_fault_km": 130.6,
        "temp_c": 26.4,
        "rainfall_mm": 10.1,
        "timestamp": "2026-09-07T07:56:51.079660+00:00"
      }
    },
    {
      "type": "Feature",
      "geometry": {
        "type": "Point",
        "coordinates": [
          80.72,
          20.68
        ]
      },
      "properties": {
        "probability": 0.0109,
        "confidence": "low",
        "iron_oxide_index": 0.2973,
        "ferrous_mineral_index": 0.2267,
        "swir_b11_reflectance": 0.1549,
        "swir_b12_reflectance": 0.2248,
        "ndvi": 0.4594,
        "elevation_m": 343.9,
        "slope_deg": 4.1,
        "dist_to_fault_km": 136.31,
        "temp_c": 26.4,
        "rainfall_mm": 10.1,
        "timestamp": "2026-09-07T07:56:51.079660+00:00"
      }
    },
    {
      "type": "Feature",
      "geometry": {
        "type": "Point",
        "coordinates": [
          80.78,
          20.68
        ]
      },
      "properties": {
        "probability": 0.0059,
        "confidence": "low",
        "iron_oxide_index": 0.304,
        "ferrous_mineral_index": 0.2519,
        "swir_b11_reflectance": 0.1679,
        "swir_b12_reflectance": 0.2191,
        "ndvi": 0.4609,
        "elevation_m": 343.9,
        "slope_deg": 3.5,
        "dist_to_fault_km": 141.72,
        "temp_c": 26.4,
        "rainfall_mm": 10.1,
        "timestamp": "2026-09-07T07:56:51.079660+00:00"
      }
    },
    {
      "type": "Feature",
      "geometry": {
        "type": "Point",
        "coordinates": [
          78.5,
          20.74
        ]
      },
      "properties": {
        "probability": 0.0166,
        "confidence": "low",
        "iron_oxide_index": 0.3143,
        "ferrous_mineral_index": 0.2259,
        "swir_b11_reflectance": 0.1915,
        "swir_b12_reflectance": 0.228,
        "ndvi": 0.4418,
        "elevation_m": 274.2,
        "slope_deg": 2.0,
        "dist_to_fault_km": 88.03,
        "temp_c": 27.9,
        "rainfall_mm": 7.5,
        "timestamp": "2026-09-07T07:56:51.079660+00:00"
      }
    },
    {
      "type": "Feature",
      "geometry": {
        "type": "Point",
        "coordinates": [
          78.56,
          20.74
        ]
      },
      "properties": {
        "probability": 0.0671,
        "confidence": "low",
        "iron_oxide_index": 0.3063,
        "ferrous_mineral_index": 0.2155,
        "swir_b11_reflectance": 0.2184,
        "swir_b12_reflectance": 0.2422,
        "ndvi": 0.3824,
        "elevation_m": 274.2,
        "slope_deg": 3.1,
        "dist_to_fault_km": 83.12,
        "temp_c": 27.9,
        "rainfall_mm": 7.5,
        "timestamp": "2026-09-07T07:56:51.079660+00:00"
      }
    },
    {
      "type": "Feature",
      "geometry": {
        "type": "Point",
        "coordinates": [
          78.62,
          20.74
        ]
      },
      "properties": {
        "probability": 0.006,
        "confidence": "low",
        "iron_oxide_index": 0.3155,
        "ferrous_mineral_index": 0.2847,
        "swir_b11_reflectance": 0.1659,
        "swir_b12_reflectance": 0.2134,
        "ndvi": 0.4258,
        "elevation_m": 274.2,
        "slope_deg": 2.3,
        "dist_to_fault_km": 77.7,
        "temp_c": 27.9,
        "rainfall_mm": 7.5,
        "timestamp": "2026-09-07T07:56:51.079660+00:00"
      }
    },
    {
      "type": "Feature",
      "geometry": {
        "type": "Point",
        "coordinates": [
          78.68,
          20.74
        ]
      },
      "properties": {
        "probability": 0.0195,
        "confidence": "low",
        "iron_oxide_index": 0.3303,
        "ferrous_mineral_index": 0.202,
        "swir_b11_reflectance": 0.1842,
        "swir_b12_reflectance": 0.2073,
        "ndvi": 0.446,
        "elevation_m": 274.2,
        "slope_deg": 2.8,
        "dist_to_fault_km": 72.48,
        "temp_c": 27.9,
        "rainfall_mm": 7.5,
        "timestamp": "2026-09-07T07:56:51.079660+00:00"
      }
    },
    {
      "type": "Feature",
      "geometry": {
        "type": "Point",
        "coordinates": [
          78.74,
          20.74
        ]
      },
      "properties": {
        "probability": 0.0093,
        "confidence": "low",
        "iron_oxide_index": 0.288,
        "ferrous_mineral_index": 0.2516,
        "swir_b11_reflectance": 0.2022,
        "swir_b12_reflectance": 0.2217,
        "ndvi": 0.4271,
        "elevation_m": 274.2,
        "slope_deg": 2.3,
        "dist_to_fault_km": 67.52,
        "temp_c": 27.9,
        "rainfall_mm": 7.5,
        "timestamp": "2026-09-07T07:56:51.079660+00:00"
      }
    },
    {
      "type": "Feature",
      "geometry": {
        "type": "Point",
        "coordinates": [
          78.8,
          20.74
        ]
      },
      "properties": {
        "probability": 0.0277,
        "confidence": "low",
        "iron_oxide_index": 0.2914,
        "ferrous_mineral_index": 0.235,
        "swir_b11_reflectance": 0.1902,
        "swir_b12_reflectance": 0.2082,
        "ndvi": 0.4416,
        "elevation_m": 274.2,
        "slope_deg": 2.0,
        "dist_to_fault_km": 62.87,
        "temp_c": 27.9,
        "rainfall_mm": 7.5,
        "timestamp": "2026-09-07T07:56:51.079660+00:00"
      }
    },
    {
      "type": "Feature",
      "geometry": {
        "type": "Point",
        "coordinates": [
          78.86,
          20.74
        ]
      },
      "properties": {
        "probability": 0.0009,
        "confidence": "low",
        "iron_oxide_index": 0.3076,
        "ferrous_mineral_index": 0.204,
        "swir_b11_reflectance": 0.1722,
        "swir_b12_reflectance": 0.233,
        "ndvi": 0.431,
        "elevation_m": 274.2,
        "slope_deg": 1.5,
        "dist_to_fault_km": 58.61,
        "temp_c": 27.9,
        "rainfall_mm": 7.5,
        "timestamp": "2026-09-07T07:56:51.079660+00:00"
      }
    },
    {
      "type": "Feature",
      "geometry": {
        "type": "Point",
        "coordinates": [
          78.92,
          20.74
        ]
      },
      "properties": {
        "probability": 0.0192,
        "confidence": "low",
        "iron_oxide_index": 0.2515,
        "ferrous_mineral_index": 0.2205,
        "swir_b11_reflectance": 0.1715,
        "swir_b12_reflectance": 0.2128,
        "ndvi": 0.4281,
        "elevation_m": 274.2,
        "slope_deg": 3.1,
        "dist_to_fault_km": 54.25,
        "temp_c": 27.9,
        "rainfall_mm": 7.5,
        "timestamp": "2026-09-07T07:56:51.079660+00:00"
      }
    },
    {
      "type": "Feature",
      "geometry": {
        "type": "Point",
        "coordinates": [
          78.98,
          20.74
        ]
      },
      "properties": {
        "probability": 0.0283,
        "confidence": "low",
        "iron_oxide_index": 0.2897,
        "ferrous_mineral_index": 0.2125,
        "swir_b11_reflectance": 0.1564,
        "swir_b12_reflectance": 0.2118,
        "ndvi": 0.4428,
        "elevation_m": 274.2,
        "slope_deg": 3.5,
        "dist_to_fault_km": 48.65,
        "temp_c": 27.9,
        "rainfall_mm": 7.5,
        "timestamp": "2026-09-07T07:56:51.079660+00:00"
      }
    },
    {
      "type": "Feature",
      "geometry": {
        "type": "Point",
        "coordinates": [
          79.04,
          20.74
        ]
      },
      "properties": {
        "probability": 0.0467,
        "confidence": "low",
        "iron_oxide_index": 0.3207,
        "ferrous_mineral_index": 0.236,
        "swir_b11_reflectance": 0.1699,
        "swir_b12_reflectance": 0.1828,
        "ndvi": 0.4205,
        "elevation_m": 274.2,
        "slope_deg": 1.9,
        "dist_to_fault_km": 43.35,
        "temp_c": 27.9,
        "rainfall_mm": 7.5,
        "timestamp": "2026-09-07T07:56:51.079660+00:00"
      }
    },
    {
      "type": "Feature",
      "geometry": {
        "type": "Point",
        "coordinates": [
          79.1,
          20.74
        ]
      },
      "properties": {
        "probability": 0.0101,
        "confidence": "low",
        "iron_oxide_index": 0.3132,
        "ferrous_mineral_index": 0.2449,
        "swir_b11_reflectance": 0.1872,
        "swir_b12_reflectance": 0.2489,
        "ndvi": 0.4484,
        "elevation_m": 243.6,
        "slope_deg": 0.7,
        "dist_to_fault_km": 38.47,
        "temp_c": 27.8,
        "rainfall_mm": 9.0,
        "timestamp": "2026-09-07T07:56:51.079660+00:00"
      }
    },
    {
      "type": "Feature",
      "geometry": {
        "type": "Point",
        "coordinates": [
          79.16,
          20.74
        ]
      },
      "properties": {
        "probability": 0.0005,
        "confidence": "low",
        "iron_oxide_index": 0.3052,
        "ferrous_mineral_index": 0.2048,
        "swir_b11_reflectance": 0.1681,
        "swir_b12_reflectance": 0.2278,
        "ndvi": 0.4635,
        "elevation_m": 243.6,
        "slope_deg": 1.1,
        "dist_to_fault_km": 34.19,
        "temp_c": 27.8,
        "rainfall_mm": 9.0,
        "timestamp": "2026-09-07T07:56:51.079660+00:00"
      }
    },
    {
      "type": "Feature",
      "geometry": {
        "type": "Point",
        "coordinates": [
          79.22,
          20.74
        ]
      },
      "properties": {
        "probability": 0.0104,
        "confidence": "low",
        "iron_oxide_index": 0.2789,
        "ferrous_mineral_index": 0.2157,
        "swir_b11_reflectance": 0.1732,
        "swir_b12_reflectance": 0.2236,
        "ndvi": 0.4959,
        "elevation_m": 243.6,
        "slope_deg": 1.5,
        "dist_to_fault_km": 30.78,
        "temp_c": 27.8,
        "rainfall_mm": 9.0,
        "timestamp": "2026-09-07T07:56:51.079660+00:00"
      }
    },
    {
      "type": "Feature",
      "geometry": {
        "type": "Point",
        "coordinates": [
          79.28,
          20.74
        ]
      },
      "properties": {
        "probability": 0.0077,
        "confidence": "low",
        "iron_oxide_index": 0.2899,
        "ferrous_mineral_index": 0.2247,
        "swir_b11_reflectance": 0.1671,
        "swir_b12_reflectance": 0.2154,
        "ndvi": 0.4472,
        "elevation_m": 243.6,
        "slope_deg": 1.6,
        "dist_to_fault_km": 28.54,
        "temp_c": 27.8,
        "rainfall_mm": 9.0,
        "timestamp": "2026-09-07T07:56:51.079660+00:00"
      }
    },
    {
      "type": "Feature",
      "geometry": {
        "type": "Point",
        "coordinates": [
          79.34,
          20.74
        ]
      },
      "properties": {
        "probability": 0.0075,
        "confidence": "low",
        "iron_oxide_index": 0.3132,
        "ferrous_mineral_index": 0.2363,
        "swir_b11_reflectance": 0.1635,
        "swir_b12_reflectance": 0.2506,
        "ndvi": 0.4241,
        "elevation_m": 243.6,
        "slope_deg": 1.2,
        "dist_to_fault_km": 27.75,
        "temp_c": 27.8,
        "rainfall_mm": 9.0,
        "timestamp": "2026-09-07T07:56:51.079660+00:00"
      }
    },
    {
      "type": "Feature",
      "geometry": {
        "type": "Point",
        "coordinates": [
          79.4,
          20.74
        ]
      },
      "properties": {
        "probability": 0.0077,
        "confidence": "low",
        "iron_oxide_index": 0.3076,
        "ferrous_mineral_index": 0.218,
        "swir_b11_reflectance": 0.1589,
        "swir_b12_reflectance": 0.2128,
        "ndvi": 0.4673,
        "elevation_m": 243.6,
        "slope_deg": 1.6,
        "dist_to_fault_km": 28.54,
        "temp_c": 27.8,
        "rainfall_mm": 9.0,
        "timestamp": "2026-09-07T07:56:51.079660+00:00"
      }
    },
    {
      "type": "Feature",
      "geometry": {
        "type": "Point",
        "coordinates": [
          79.46,
          20.74
        ]
      },
      "properties": {
        "probability": 0.0037,
        "confidence": "low",
        "iron_oxide_index": 0.3411,
        "ferrous_mineral_index": 0.1954,
        "swir_b11_reflectance": 0.1687,
        "swir_b12_reflectance": 0.2019,
        "ndvi": 0.4898,
        "elevation_m": 243.6,
        "slope_deg": 1.8,
        "dist_to_fault_km": 30.78,
        "temp_c": 27.8,
        "rainfall_mm": 9.0,
        "timestamp": "2026-09-07T07:56:51.079660+00:00"
      }
    },
    {
      "type": "Feature",
      "geometry": {
        "type": "Point",
        "coordinates": [
          79.52,
          20.74
        ]
      },
      "properties": {
        "probability": 0.0005,
        "confidence": "low",
        "iron_oxide_index": 0.3077,
        "ferrous_mineral_index": 0.2038,
        "swir_b11_reflectance": 0.1718,
        "swir_b12_reflectance": 0.2273,
        "ndvi": 0.4639,
        "elevation_m": 243.6,
        "slope_deg": 1.7,
        "dist_to_fault_km": 34.19,
        "temp_c": 27.8,
        "rainfall_mm": 9.0,
        "timestamp": "2026-09-07T07:56:51.079660+00:00"
      }
    },
    {
      "type": "Feature",
      "geometry": {
        "type": "Point",
        "coordinates": [
          79.58,
          20.74
        ]
      },
      "properties": {
        "probability": 0.0002,
        "confidence": "low",
        "iron_oxide_index": 0.3067,
        "ferrous_mineral_index": 0.2128,
        "swir_b11_reflectance": 0.1366,
        "swir_b12_reflectance": 0.2018,
        "ndvi": 0.4694,
        "elevation_m": 243.6,
        "slope_deg": 2.1,
        "dist_to_fault_km": 38.47,
        "temp_c": 27.8,
        "rainfall_mm": 9.0,
        "timestamp": "2026-09-07T07:56:51.079660+00:00"
      }
    },
    {
      "type": "Feature",
      "geometry": {
        "type": "Point",
        "coordinates": [
          79.64,
          20.74
        ]
      },
      "properties": {
        "probability": 0.0212,
        "confidence": "low",
        "iron_oxide_index": 0.2945,
        "ferrous_mineral_index": 0.2381,
        "swir_b11_reflectance": 0.1824,
        "swir_b12_reflectance": 0.2009,
        "ndvi": 0.4401,
        "elevation_m": 243.6,
        "slope_deg": 2.0,
        "dist_to_fault_km": 43.35,
        "temp_c": 27.8,
        "rainfall_mm": 9.0,
        "timestamp": "2026-09-07T07:56:51.079660+00:00"
      }
    },
    {
      "type": "Feature",
      "geometry": {
        "type": "Point",
        "coordinates": [
          79.7,
          20.74
        ]
      },
      "properties": {
        "probability": 0.02,
        "confidence": "low",
        "iron_oxide_index": 0.3019,
        "ferrous_mineral_index": 0.2477,
        "swir_b11_reflectance": 0.1764,
        "swir_b12_reflectance": 0.1896,
        "ndvi": 0.4473,
        "elevation_m": 264.0,
        "slope_deg": 2.6,
        "dist_to_fault_km": 48.65,
        "temp_c": 27.3,
        "rainfall_mm": 10.0,
        "timestamp": "2026-09-07T07:56:51.079660+00:00"
      }
    },
    {
      "type": "Feature",
      "geometry": {
        "type": "Point",
        "coordinates": [
          79.76,
          20.74
        ]
      },
      "properties": {
        "probability": 0.0308,
        "confidence": "low",
        "iron_oxide_index": 0.3103,
        "ferrous_mineral_index": 0.236,
        "swir_b11_reflectance": 0.176,
        "swir_b12_reflectance": 0.2071,
        "ndvi": 0.4793,
        "elevation_m": 264.0,
        "slope_deg": 2.9,
        "dist_to_fault_km": 54.25,
        "temp_c": 27.3,
        "rainfall_mm": 10.0,
        "timestamp": "2026-09-07T07:56:51.079660+00:00"
      }
    },
    {
      "type": "Feature",
      "geometry": {
        "type": "Point",
        "coordinates": [
          79.82,
          20.74
        ]
      },
      "properties": {
        "probability": 0.005,
        "confidence": "low",
        "iron_oxide_index": 0.3001,
        "ferrous_mineral_index": 0.2396,
        "swir_b11_reflectance": 0.1976,
        "swir_b12_reflectance": 0.2148,
        "ndvi": 0.4596,
        "elevation_m": 264.0,
        "slope_deg": 2.6,
        "dist_to_fault_km": 60.07,
        "temp_c": 27.3,
        "rainfall_mm": 10.0,
        "timestamp": "2026-09-07T07:56:51.079660+00:00"
      }
    },
    {
      "type": "Feature",
      "geometry": {
        "type": "Point",
        "coordinates": [
          79.88,
          20.74
        ]
      },
      "properties": {
        "probability": 0.005,
        "confidence": "low",
        "iron_oxide_index": 0.282,
        "ferrous_mineral_index": 0.2459,
        "swir_b11_reflectance": 0.1592,
        "swir_b12_reflectance": 0.2174,
        "ndvi": 0.4132,
        "elevation_m": 264.0,
        "slope_deg": 2.1,
        "dist_to_fault_km": 66.05,
        "temp_c": 27.3,
        "rainfall_mm": 10.0,
        "timestamp": "2026-09-07T07:56:51.079660+00:00"
      }
    },
    {
      "type": "Feature",
      "geometry": {
        "type": "Point",
        "coordinates": [
          79.94,
          20.74
        ]
      },
      "properties": {
        "probability": 0.0,
        "confidence": "low",
        "iron_oxide_index": 0.2655,
        "ferrous_mineral_index": 0.2263,
        "swir_b11_reflectance": 0.1612,
        "swir_b12_reflectance": 0.2194,
        "ndvi": 0.4334,
        "elevation_m": 264.0,
        "slope_deg": 1.8,
        "dist_to_fault_km": 69.5,
        "temp_c": 27.3,
        "rainfall_mm": 10.0,
        "timestamp": "2026-09-07T07:56:51.079660+00:00"
      }
    },
    {
      "type": "Feature",
      "geometry": {
        "type": "Point",
        "coordinates": [
          80.0,
          20.74
        ]
      },
      "properties": {
        "probability": 0.0,
        "confidence": "low",
        "iron_oxide_index": 0.3087,
        "ferrous_mineral_index": 0.2485,
        "swir_b11_reflectance": 0.1796,
        "swir_b12_reflectance": 0.2078,
        "ndvi": 0.4674,
        "elevation_m": 264.0,
        "slope_deg": 1.7,
        "dist_to_fault_km": 72.72,
        "temp_c": 27.3,
        "rainfall_mm": 10.0,
        "timestamp": "2026-09-07T07:56:51.079660+00:00"
      }
    },
    {
      "type": "Feature",
      "geometry": {
        "type": "Point",
        "coordinates": [
          80.06,
          20.74
        ]
      },
      "properties": {
        "probability": 0.015,
        "confidence": "low",
        "iron_oxide_index": 0.3367,
        "ferrous_mineral_index": 0.1853,
        "swir_b11_reflectance": 0.1859,
        "swir_b12_reflectance": 0.2279,
        "ndvi": 0.4463,
        "elevation_m": 264.0,
        "slope_deg": 1.8,
        "dist_to_fault_km": 76.39,
        "temp_c": 27.3,
        "rainfall_mm": 10.0,
        "timestamp": "2026-09-07T07:56:51.079660+00:00"
      }
    },
    {
      "type": "Feature",
      "geometry": {
        "type": "Point",
        "coordinates": [
          80.12,
          20.74
        ]
      },
      "properties": {
        "probability": 0.0,
        "confidence": "low",
        "iron_oxide_index": 0.3268,
        "ferrous_mineral_index": 0.2202,
        "swir_b11_reflectance": 0.1613,
        "swir_b12_reflectance": 0.2144,
        "ndvi": 0.4437,
        "elevation_m": 264.0,
        "slope_deg": 1.9,
        "dist_to_fault_km": 80.44,
        "temp_c": 27.3,
        "rainfall_mm": 10.0,
        "timestamp": "2026-09-07T07:56:51.079660+00:00"
      }
    },
    {
      "type": "Feature",
      "geometry": {
        "type": "Point",
        "coordinates": [
          80.18,
          20.74
        ]
      },
      "properties": {
        "probability": 0.005,
        "confidence": "low",
        "iron_oxide_index": 0.3038,
        "ferrous_mineral_index": 0.2017,
        "swir_b11_reflectance": 0.1687,
        "swir_b12_reflectance": 0.2161,
        "ndvi": 0.4596,
        "elevation_m": 264.0,
        "slope_deg": 2.8,
        "dist_to_fault_km": 84.83,
        "temp_c": 27.3,
        "rainfall_mm": 10.0,
        "timestamp": "2026-09-07T07:56:51.079660+00:00"
      }
    },
    {
      "type": "Feature",
      "geometry": {
        "type": "Point",
        "coordinates": [
          80.24,
          20.74
        ]
      },
      "properties": {
        "probability": 0.005,
        "confidence": "low",
        "iron_oxide_index": 0.2994,
        "ferrous_mineral_index": 0.2417,
        "swir_b11_reflectance": 0.1551,
        "swir_b12_reflectance": 0.243,
        "ndvi": 0.4244,
        "elevation_m": 264.0,
        "slope_deg": 2.1,
        "dist_to_fault_km": 89.49,
        "temp_c": 27.3,
        "rainfall_mm": 10.0,
        "timestamp": "2026-09-07T07:56:51.079660+00:00"
      }
    },
    {
      "type": "Feature",
      "geometry": {
        "type": "Point",
        "coordinates": [
          80.3,
          20.74
        ]
      },
      "properties": {
        "probability": 0.0,
        "confidence": "low",
        "iron_oxide_index": 0.2906,
        "ferrous_mineral_index": 0.2519,
        "swir_b11_reflectance": 0.1743,
        "swir_b12_reflectance": 0.2083,
        "ndvi": 0.3963,
        "elevation_m": 264.0,
        "slope_deg": 2.5,
        "dist_to_fault_km": 94.4,
        "temp_c": 27.3,
        "rainfall_mm": 10.0,
        "timestamp": "2026-09-07T07:56:51.079660+00:00"
      }
    },
    {
      "type": "Feature",
      "geometry": {
        "type": "Point",
        "coordinates": [
          80.36,
          20.74
        ]
      },
      "properties": {
        "probability": 0.015,
        "confidence": "low",
        "iron_oxide_index": 0.3106,
        "ferrous_mineral_index": 0.228,
        "swir_b11_reflectance": 0.1884,
        "swir_b12_reflectance": 0.259,
        "ndvi": 0.4471,
        "elevation_m": 343.9,
        "slope_deg": 3.0,
        "dist_to_fault_km": 99.5,
        "temp_c": 26.4,
        "rainfall_mm": 10.1,
        "timestamp": "2026-09-07T07:56:51.079660+00:00"
      }
    },
    {
      "type": "Feature",
      "geometry": {
        "type": "Point",
        "coordinates": [
          80.42,
          20.74
        ]
      },
      "properties": {
        "probability": 0.0487,
        "confidence": "low",
        "iron_oxide_index": 0.2585,
        "ferrous_mineral_index": 0.2277,
        "swir_b11_reflectance": 0.1494,
        "swir_b12_reflectance": 0.2259,
        "ndvi": 0.3911,
        "elevation_m": 343.9,
        "slope_deg": 3.6,
        "dist_to_fault_km": 104.79,
        "temp_c": 26.4,
        "rainfall_mm": 10.1,
        "timestamp": "2026-09-07T07:56:51.079660+00:00"
      }
    },
    {
      "type": "Feature",
      "geometry": {
        "type": "Point",
        "coordinates": [
          80.48,
          20.74
        ]
      },
      "properties": {
        "probability": 0.0125,
        "confidence": "low",
        "iron_oxide_index": 0.2994,
        "ferrous_mineral_index": 0.2337,
        "swir_b11_reflectance": 0.153,
        "swir_b12_reflectance": 0.2011,
        "ndvi": 0.4935,
        "elevation_m": 343.9,
        "slope_deg": 4.1,
        "dist_to_fault_km": 110.22,
        "temp_c": 26.4,
        "rainfall_mm": 10.1,
        "timestamp": "2026-09-07T07:56:51.079660+00:00"
      }
    },
    {
      "type": "Feature",
      "geometry": {
        "type": "Point",
        "coordinates": [
          80.54,
          20.74
        ]
      },
      "properties": {
        "probability": 0.0054,
        "confidence": "low",
        "iron_oxide_index": 0.2904,
        "ferrous_mineral_index": 0.2395,
        "swir_b11_reflectance": 0.1776,
        "swir_b12_reflectance": 0.2222,
        "ndvi": 0.4046,
        "elevation_m": 343.9,
        "slope_deg": 3.9,
        "dist_to_fault_km": 115.78,
        "temp_c": 26.4,
        "rainfall_mm": 10.1,
        "timestamp": "2026-09-07T07:56:51.079660+00:00"
      }
    },
    {
      "type": "Feature",
      "geometry": {
        "type": "Point",
        "coordinates": [
          80.6,
          20.74
        ]
      },
      "properties": {
        "probability": 0.0164,
        "confidence": "low",
        "iron_oxide_index": 0.3045,
        "ferrous_mineral_index": 0.2268,
        "swir_b11_reflectance": 0.1901,
        "swir_b12_reflectance": 0.2316,
        "ndvi": 0.4476,
        "elevation_m": 343.9,
        "slope_deg": 4.1,
        "dist_to_fault_km": 121.45,
        "temp_c": 26.4,
        "rainfall_mm": 10.1,
        "timestamp": "2026-09-07T07:56:51.079660+00:00"
      }
    },
    {
      "type": "Feature",
      "geometry": {
        "type": "Point",
        "coordinates": [
          80.66,
          20.74
        ]
      },
      "properties": {
        "probability": 0.0154,
        "confidence": "low",
        "iron_oxide_index": 0.2866,
        "ferrous_mineral_index": 0.2081,
        "swir_b11_reflectance": 0.1776,
        "swir_b12_reflectance": 0.2322,
        "ndvi": 0.4154,
        "elevation_m": 343.9,
        "slope_deg": 3.8,
        "dist_to_fault_km": 127.22,
        "temp_c": 26.4,
        "rainfall_mm": 10.1,
        "timestamp": "2026-09-07T07:56:51.079660+00:00"
      }
    },
    {
      "type": "Feature",
      "geometry": {
        "type": "Point",
        "coordinates": [
          80.72,
          20.74
        ]
      },
      "properties": {
        "probability": 0.0238,
        "confidence": "low",
        "iron_oxide_index": 0.2948,
        "ferrous_mineral_index": 0.2381,
        "swir_b11_reflectance": 0.1911,
        "swir_b12_reflectance": 0.2347,
        "ndvi": 0.4248,
        "elevation_m": 343.9,
        "slope_deg": 2.8,
        "dist_to_fault_km": 133.07,
        "temp_c": 26.4,
        "rainfall_mm": 10.1,
        "timestamp": "2026-09-07T07:56:51.079660+00:00"
      }
    },
    {
      "type": "Feature",
      "geometry": {
        "type": "Point",
        "coordinates": [
          80.78,
          20.74
        ]
      },
      "properties": {
        "probability": 0.0009,
        "confidence": "low",
        "iron_oxide_index": 0.3056,
        "ferrous_mineral_index": 0.233,
        "swir_b11_reflectance": 0.1831,
        "swir_b12_reflectance": 0.227,
        "ndvi": 0.4257,
        "elevation_m": 343.9,
        "slope_deg": 3.5,
        "dist_to_fault_km": 135.21,
        "temp_c": 26.4,
        "rainfall_mm": 10.1,
        "timestamp": "2026-09-07T07:56:51.079660+00:00"
      }
    },
    {
      "type": "Feature",
      "geometry": {
        "type": "Point",
        "coordinates": [
          78.5,
          20.8
        ]
      },
      "properties": {
        "probability": 0.0081,
        "confidence": "low",
        "iron_oxide_index": 0.2759,
        "ferrous_mineral_index": 0.2393,
        "swir_b11_reflectance": 0.189,
        "swir_b12_reflectance": 0.2139,
        "ndvi": 0.4085,
        "elevation_m": 337.0,
        "slope_deg": 2.8,
        "dist_to_fault_km": 83.2,
        "temp_c": 27.4,
        "rainfall_mm": 7.6,
        "timestamp": "2026-09-07T07:56:51.079660+00:00"
      }
    },
    {
      "type": "Feature",
      "geometry": {
        "type": "Point",
        "coordinates": [
          78.56,
          20.8
        ]
      },
      "properties": {
        "probability": 0.0717,
        "confidence": "low",
        "iron_oxide_index": 0.2768,
        "ferrous_mineral_index": 0.1976,
        "swir_b11_reflectance": 0.1557,
        "swir_b12_reflectance": 0.1976,
        "ndvi": 0.4418,
        "elevation_m": 337.0,
        "slope_deg": 3.6,
        "dist_to_fault_km": 78.63,
        "temp_c": 27.4,
        "rainfall_mm": 7.6,
        "timestamp": "2026-09-07T07:56:51.079660+00:00"
      }
    },
    {
      "type": "Feature",
      "geometry": {
        "type": "Point",
        "coordinates": [
          78.62,
          20.8
        ]
      },
      "properties": {
        "probability": 0.04,
        "confidence": "low",
        "iron_oxide_index": 0.3199,
        "ferrous_mineral_index": 0.1995,
        "swir_b11_reflectance": 0.1565,
        "swir_b12_reflectance": 0.1983,
        "ndvi": 0.4177,
        "elevation_m": 337.0,
        "slope_deg": 2.5,
        "dist_to_fault_km": 73.9,
        "temp_c": 27.4,
        "rainfall_mm": 7.6,
        "timestamp": "2026-09-07T07:56:51.079660+00:00"
      }
    },
    {
      "type": "Feature",
      "geometry": {
        "type": "Point",
        "coordinates": [
          78.68,
          20.8
        ]
      },
      "properties": {
        "probability": 0.0298,
        "confidence": "low",
        "iron_oxide_index": 0.2659,
        "ferrous_mineral_index": 0.2074,
        "swir_b11_reflectance": 0.1651,
        "swir_b12_reflectance": 0.2533,
        "ndvi": 0.4209,
        "elevation_m": 337.0,
        "slope_deg": 3.6,
        "dist_to_fault_km": 68.39,
        "temp_c": 27.4,
        "rainfall_mm": 7.6,
        "timestamp": "2026-09-07T07:56:51.079660+00:00"
      }
    },
    {
      "type": "Feature",
      "geometry": {
        "type": "Point",
        "coordinates": [
          78.74,
          20.8
        ]
      },
      "properties": {
        "probability": 0.0059,
        "confidence": "low",
        "iron_oxide_index": 0.3049,
        "ferrous_mineral_index": 0.2089,
        "swir_b11_reflectance": 0.1482,
        "swir_b12_reflectance": 0.2439,
        "ndvi": 0.4413,
        "elevation_m": 337.0,
        "slope_deg": 2.8,
        "dist_to_fault_km": 63.1,
        "temp_c": 27.4,
        "rainfall_mm": 7.6,
        "timestamp": "2026-09-07T07:56:51.079660+00:00"
      }
    },
    {
      "type": "Feature",
      "geometry": {
        "type": "Point",
        "coordinates": [
          78.8,
          20.8
        ]
      },
      "properties": {
        "probability": 0.0314,
        "confidence": "low",
        "iron_oxide_index": 0.2964,
        "ferrous_mineral_index": 0.2285,
        "swir_b11_reflectance": 0.1754,
        "swir_b12_reflectance": 0.2057,
        "ndvi": 0.4318,
        "elevation_m": 337.0,
        "slope_deg": 2.6,
        "dist_to_fault_km": 58.1,
        "temp_c": 27.4,
        "rainfall_mm": 7.6,
        "timestamp": "2026-09-07T07:56:51.079660+00:00"
      }
    },
    {
      "type": "Feature",
      "geometry": {
        "type": "Point",
        "coordinates": [
          78.86,
          20.8
        ]
      },
      "properties": {
        "probability": 0.0075,
        "confidence": "low",
        "iron_oxide_index": 0.3128,
        "ferrous_mineral_index": 0.201,
        "swir_b11_reflectance": 0.1772,
        "swir_b12_reflectance": 0.2209,
        "ndvi": 0.4485,
        "elevation_m": 337.0,
        "slope_deg": 3.2,
        "dist_to_fault_km": 53.47,
        "temp_c": 27.4,
        "rainfall_mm": 7.6,
        "timestamp": "2026-09-07T07:56:51.079660+00:00"
      }
    },
    {
      "type": "Feature",
      "geometry": {
        "type": "Point",
        "coordinates": [
          78.92,
          20.8
        ]
      },
      "properties": {
        "probability": 0.006,
        "confidence": "low",
        "iron_oxide_index": 0.319,
        "ferrous_mineral_index": 0.2174,
        "swir_b11_reflectance": 0.1582,
        "swir_b12_reflectance": 0.2237,
        "ndvi": 0.461,
        "elevation_m": 337.0,
        "slope_deg": 2.5,
        "dist_to_fault_km": 49.29,
        "temp_c": 27.4,
        "rainfall_mm": 7.6,
        "timestamp": "2026-09-07T07:56:51.079660+00:00"
      }
    },
    {
      "type": "Feature",
      "geometry": {
        "type": "Point",
        "coordinates": [
          78.98,
          20.8
        ]
      },
      "properties": {
        "probability": 0.0368,
        "confidence": "low",
        "iron_oxide_index": 0.2977,
        "ferrous_mineral_index": 0.2506,
        "swir_b11_reflectance": 0.177,
        "swir_b12_reflectance": 0.2194,
        "ndvi": 0.3903,
        "elevation_m": 337.0,
        "slope_deg": 4.0,
        "dist_to_fault_km": 45.18,
        "temp_c": 27.4,
        "rainfall_mm": 7.6,
        "timestamp": "2026-09-07T07:56:51.079660+00:00"
      }
    },
    {
      "type": "Feature",
      "geometry": {
        "type": "Point",
        "coordinates": [
          79.04,
          20.8
        ]
      },
      "properties": {
        "probability": 0.0852,
        "confidence": "low",
        "iron_oxide_index": 0.2867,
        "ferrous_mineral_index": 0.1908,
        "swir_b11_reflectance": 0.1642,
        "swir_b12_reflectance": 0.2101,
        "ndvi": 0.4604,
        "elevation_m": 337.0,
        "slope_deg": 3.4,
        "dist_to_fault_km": 39.42,
        "temp_c": 27.4,
        "rainfall_mm": 7.6,
        "timestamp": "2026-09-07T07:56:51.079660+00:00"
      }
    },
    {
      "type": "Feature",
      "geometry": {
        "type": "Point",
        "coordinates": [
          79.1,
          20.8
        ]
      },
      "properties": {
        "probability": 0.013,
        "confidence": "low",
        "iron_oxide_index": 0.3088,
        "ferrous_mineral_index": 0.2084,
        "swir_b11_reflectance": 0.1726,
        "swir_b12_reflectance": 0.2086,
        "ndvi": 0.4248,
        "elevation_m": 282.6,
        "slope_deg": 1.8,
        "dist_to_fault_km": 33.98,
        "temp_c": 27.5,
        "rainfall_mm": 8.9,
        "timestamp": "2026-09-07T07:56:51.079660+00:00"
      }
    },
    {
      "type": "Feature",
      "geometry": {
        "type": "Point",
        "coordinates": [
          79.16,
          20.8
        ]
      },
      "properties": {
        "probability": 0.0211,
        "confidence": "low",
        "iron_oxide_index": 0.3513,
        "ferrous_mineral_index": 0.2552,
        "swir_b11_reflectance": 0.1859,
        "swir_b12_reflectance": 0.2186,
        "ndvi": 0.4276,
        "elevation_m": 282.6,
        "slope_deg": 2.9,
        "dist_to_fault_km": 29.05,
        "temp_c": 27.5,
        "rainfall_mm": 8.9,
        "timestamp": "2026-09-07T07:56:51.079660+00:00"
      }
    },
    {
      "type": "Feature",
      "geometry": {
        "type": "Point",
        "coordinates": [
          79.22,
          20.8
        ]
      },
      "properties": {
        "probability": 0.0187,
        "confidence": "low",
        "iron_oxide_index": 0.312,
        "ferrous_mineral_index": 0.2273,
        "swir_b11_reflectance": 0.1523,
        "swir_b12_reflectance": 0.2364,
        "ndvi": 0.4706,
        "elevation_m": 282.6,
        "slope_deg": 1.6,
        "dist_to_fault_km": 24.94,
        "temp_c": 27.5,
        "rainfall_mm": 8.9,
        "timestamp": "2026-09-07T07:56:51.079660+00:00"
      }
    },
    {
      "type": "Feature",
      "geometry": {
        "type": "Point",
        "coordinates": [
          79.28,
          20.8
        ]
      },
      "properties": {
        "probability": 0.0162,
        "confidence": "low",
        "iron_oxide_index": 0.2638,
        "ferrous_mineral_index": 0.2352,
        "swir_b11_reflectance": 0.1499,
        "swir_b12_reflectance": 0.2393,
        "ndvi": 0.4274,
        "elevation_m": 282.6,
        "slope_deg": 3.1,
        "dist_to_fault_km": 22.12,
        "temp_c": 27.5,
        "rainfall_mm": 8.9,
        "timestamp": "2026-09-07T07:56:51.079660+00:00"
      }
    },
    {
      "type": "Feature",
      "geometry": {
        "type": "Point",
        "coordinates": [
          79.34,
          20.8
        ]
      },
      "properties": {
        "probability": 0.0116,
        "confidence": "low",
        "iron_oxide_index": 0.3031,
        "ferrous_mineral_index": 0.2377,
        "swir_b11_reflectance": 0.1646,
        "swir_b12_reflectance": 0.1975,
        "ndvi": 0.4299,
        "elevation_m": 282.6,
        "slope_deg": 3.4,
        "dist_to_fault_km": 21.09,
        "temp_c": 27.5,
        "rainfall_mm": 8.9,
        "timestamp": "2026-09-07T07:56:51.079660+00:00"
      }
    },
    {
      "type": "Feature",
      "geometry": {
        "type": "Point",
        "coordinates": [
          79.4,
          20.8
        ]
      },
      "properties": {
        "probability": 0.025,
        "confidence": "low",
        "iron_oxide_index": 0.2764,
        "ferrous_mineral_index": 0.2064,
        "swir_b11_reflectance": 0.191,
        "swir_b12_reflectance": 0.2147,
        "ndvi": 0.4744,
        "elevation_m": 282.6,
        "slope_deg": 2.4,
        "dist_to_fault_km": 22.12,
        "temp_c": 27.5,
        "rainfall_mm": 8.9,
        "timestamp": "2026-09-07T07:56:51.079660+00:00"
      }
    },
    {
      "type": "Feature",
      "geometry": {
        "type": "Point",
        "coordinates": [
          79.46,
          20.8
        ]
      },
      "properties": {
        "probability": 0.0187,
        "confidence": "low",
        "iron_oxide_index": 0.2948,
        "ferrous_mineral_index": 0.2261,
        "swir_b11_reflectance": 0.1546,
        "swir_b12_reflectance": 0.233,
        "ndvi": 0.4723,
        "elevation_m": 282.6,
        "slope_deg": 1.9,
        "dist_to_fault_km": 24.94,
        "temp_c": 27.5,
        "rainfall_mm": 8.9,
        "timestamp": "2026-09-07T07:56:51.079660+00:00"
      }
    },
    {
      "type": "Feature",
      "geometry": {
        "type": "Point",
        "coordinates": [
          79.52,
          20.8
        ]
      },
      "properties": {
        "probability": 0.0318,
        "confidence": "low",
        "iron_oxide_index": 0.3333,
        "ferrous_mineral_index": 0.2127,
        "swir_b11_reflectance": 0.152,
        "swir_b12_reflectance": 0.2082,
        "ndvi": 0.4426,
        "elevation_m": 282.6,
        "slope_deg": 3.5,
        "dist_to_fault_km": 29.05,
        "temp_c": 27.5,
        "rainfall_mm": 8.9,
        "timestamp": "2026-09-07T07:56:51.079660+00:00"
      }
    },
    {
      "type": "Feature",
      "geometry": {
        "type": "Point",
        "coordinates": [
          79.58,
          20.8
        ]
      },
      "properties": {
        "probability": 0.0291,
        "confidence": "low",
        "iron_oxide_index": 0.3357,
        "ferrous_mineral_index": 0.188,
        "swir_b11_reflectance": 0.1654,
        "swir_b12_reflectance": 0.214,
        "ndvi": 0.4533,
        "elevation_m": 282.6,
        "slope_deg": 1.7,
        "dist_to_fault_km": 33.98,
        "temp_c": 27.5,
        "rainfall_mm": 8.9,
        "timestamp": "2026-09-07T07:56:51.079660+00:00"
      }
    },
    {
      "type": "Feature",
      "geometry": {
        "type": "Point",
        "coordinates": [
          79.64,
          20.8
        ]
      },
      "properties": {
        "probability": 0.0144,
        "confidence": "low",
        "iron_oxide_index": 0.3105,
        "ferrous_mineral_index": 0.2096,
        "swir_b11_reflectance": 0.1676,
        "swir_b12_reflectance": 0.2291,
        "ndvi": 0.4483,
        "elevation_m": 282.6,
        "slope_deg": 2.8,
        "dist_to_fault_km": 39.42,
        "temp_c": 27.5,
        "rainfall_mm": 8.9,
        "timestamp": "2026-09-07T07:56:51.079660+00:00"
      }
    },
    {
      "type": "Feature",
      "geometry": {
        "type": "Point",
        "coordinates": [
          79.7,
          20.8
        ]
      },
      "properties": {
        "probability": 0.01,
        "confidence": "low",
        "iron_oxide_index": 0.3012,
        "ferrous_mineral_index": 0.2007,
        "swir_b11_reflectance": 0.1562,
        "swir_b12_reflectance": 0.2489,
        "ndvi": 0.4667,
        "elevation_m": 291.9,
        "slope_deg": 1.8,
        "dist_to_fault_km": 45.18,
        "temp_c": 27.2,
        "rainfall_mm": 9.8,
        "timestamp": "2026-09-07T07:56:51.079660+00:00"
      }
    },
    {
      "type": "Feature",
      "geometry": {
        "type": "Point",
        "coordinates": [
          79.76,
          20.8
        ]
      },
      "properties": {
        "probability": 0.005,
        "confidence": "low",
        "iron_oxide_index": 0.3226,
        "ferrous_mineral_index": 0.2071,
        "swir_b11_reflectance": 0.1712,
        "swir_b12_reflectance": 0.2097,
        "ndvi": 0.4574,
        "elevation_m": 291.9,
        "slope_deg": 2.7,
        "dist_to_fault_km": 51.17,
        "temp_c": 27.2,
        "rainfall_mm": 9.8,
        "timestamp": "2026-09-07T07:56:51.079660+00:00"
      }
    },
    {
      "type": "Feature",
      "geometry": {
        "type": "Point",
        "coordinates": [
          79.82,
          20.8
        ]
      },
      "properties": {
        "probability": 0.01,
        "confidence": "low",
        "iron_oxide_index": 0.3186,
        "ferrous_mineral_index": 0.2,
        "swir_b11_reflectance": 0.161,
        "swir_b12_reflectance": 0.2094,
        "ndvi": 0.4533,
        "elevation_m": 291.9,
        "slope_deg": 2.7,
        "dist_to_fault_km": 57.3,
        "temp_c": 27.2,
        "rainfall_mm": 9.8,
        "timestamp": "2026-09-07T07:56:51.079660+00:00"
      }
    },
    {
      "type": "Feature",
      "geometry": {
        "type": "Point",
        "coordinates": [
          79.88,
          20.8
        ]
      },
      "properties": {
        "probability": 0.0333,
        "confidence": "low",
        "iron_oxide_index": 0.3116,
        "ferrous_mineral_index": 0.1931,
        "swir_b11_reflectance": 0.2002,
        "swir_b12_reflectance": 0.1964,
        "ndvi": 0.4097,
        "elevation_m": 291.9,
        "slope_deg": 2.1,
        "dist_to_fault_km": 60.63,
        "temp_c": 27.2,
        "rainfall_mm": 9.8,
        "timestamp": "2026-09-07T07:56:51.079660+00:00"
      }
    },
    {
      "type": "Feature",
      "geometry": {
        "type": "Point",
        "coordinates": [
          79.94,
          20.8
        ]
      },
      "properties": {
        "probability": 0.0,
        "confidence": "low",
        "iron_oxide_index": 0.3198,
        "ferrous_mineral_index": 0.211,
        "swir_b11_reflectance": 0.1464,
        "swir_b12_reflectance": 0.2159,
        "ndvi": 0.4526,
        "elevation_m": 291.9,
        "slope_deg": 2.8,
        "dist_to_fault_km": 63.61,
        "temp_c": 27.2,
        "rainfall_mm": 9.8,
        "timestamp": "2026-09-07T07:56:51.079660+00:00"
      }
    },
    {
      "type": "Feature",
      "geometry": {
        "type": "Point",
        "coordinates": [
          80.0,
          20.8
        ]
      },
      "properties": {
        "probability": 0.02,
        "confidence": "low",
        "iron_oxide_index": 0.2628,
        "ferrous_mineral_index": 0.2146,
        "swir_b11_reflectance": 0.1931,
        "swir_b12_reflectance": 0.2199,
        "ndvi": 0.4171,
        "elevation_m": 291.9,
        "slope_deg": 2.8,
        "dist_to_fault_km": 67.12,
        "temp_c": 27.2,
        "rainfall_mm": 9.8,
        "timestamp": "2026-09-07T07:56:51.079660+00:00"
      }
    },
    {
      "type": "Feature",
      "geometry": {
        "type": "Point",
        "coordinates": [
          80.06,
          20.8
        ]
      },
      "properties": {
        "probability": 0.0106,
        "confidence": "low",
        "iron_oxide_index": 0.3013,
        "ferrous_mineral_index": 0.2239,
        "swir_b11_reflectance": 0.1524,
        "swir_b12_reflectance": 0.1981,
        "ndvi": 0.4602,
        "elevation_m": 291.9,
        "slope_deg": 3.7,
        "dist_to_fault_km": 71.08,
        "temp_c": 27.2,
        "rainfall_mm": 9.8,
        "timestamp": "2026-09-07T07:56:51.079660+00:00"
      }
    },
    {
      "type": "Feature",
      "geometry": {
        "type": "Point",
        "coordinates": [
          80.12,
          20.8
        ]
      },
      "properties": {
        "probability": 0.0099,
        "confidence": "low",
        "iron_oxide_index": 0.3165,
        "ferrous_mineral_index": 0.2411,
        "swir_b11_reflectance": 0.1605,
        "swir_b12_reflectance": 0.1977,
        "ndvi": 0.4864,
        "elevation_m": 291.9,
        "slope_deg": 3.5,
        "dist_to_fault_km": 75.42,
        "temp_c": 27.2,
        "rainfall_mm": 9.8,
        "timestamp": "2026-09-07T07:56:51.079660+00:00"
      }
    },
    {
      "type": "Feature",
      "geometry": {
        "type": "Point",
        "coordinates": [
          80.18,
          20.8
        ]
      },
      "properties": {
        "probability": 0.015,
        "confidence": "low",
        "iron_oxide_index": 0.2817,
        "ferrous_mineral_index": 0.228,
        "swir_b11_reflectance": 0.2103,
        "swir_b12_reflectance": 0.1998,
        "ndvi": 0.4557,
        "elevation_m": 291.9,
        "slope_deg": 2.8,
        "dist_to_fault_km": 80.07,
        "temp_c": 27.2,
        "rainfall_mm": 9.8,
        "timestamp": "2026-09-07T07:56:51.079660+00:00"
      }
    },
    {
      "type": "Feature",
      "geometry": {
        "type": "Point",
        "coordinates": [
          80.24,
          20.8
        ]
      },
      "properties": {
        "probability": 0.0187,
        "confidence": "low",
        "iron_oxide_index": 0.2978,
        "ferrous_mineral_index": 0.2391,
        "swir_b11_reflectance": 0.1894,
        "swir_b12_reflectance": 0.1996,
        "ndvi": 0.4045,
        "elevation_m": 291.9,
        "slope_deg": 2.2,
        "dist_to_fault_km": 85.0,
        "temp_c": 27.2,
        "rainfall_mm": 9.8,
        "timestamp": "2026-09-07T07:56:51.079660+00:00"
      }
    },
    {
      "type": "Feature",
      "geometry": {
        "type": "Point",
        "coordinates": [
          80.3,
          20.8
        ]
      },
      "properties": {
        "probability": 0.0,
        "confidence": "low",
        "iron_oxide_index": 0.3064,
        "ferrous_mineral_index": 0.2217,
        "swir_b11_reflectance": 0.1578,
        "swir_b12_reflectance": 0.2052,
        "ndvi": 0.4389,
        "elevation_m": 291.9,
        "slope_deg": 2.8,
        "dist_to_fault_km": 90.15,
        "temp_c": 27.2,
        "rainfall_mm": 9.8,
        "timestamp": "2026-09-07T07:56:51.079660+00:00"
      }
    },
    {
      "type": "Feature",
      "geometry": {
        "type": "Point",
        "coordinates": [
          80.36,
          20.8
        ]
      },
      "properties": {
        "probability": 0.0682,
        "confidence": "low",
        "iron_oxide_index": 0.3053,
        "ferrous_mineral_index": 0.1909,
        "swir_b11_reflectance": 0.166,
        "swir_b12_reflectance": 0.209,
        "ndvi": 0.4444,
        "elevation_m": 349.6,
        "slope_deg": 3.4,
        "dist_to_fault_km": 95.49,
        "temp_c": 26.5,
        "rainfall_mm": 9.7,
        "timestamp": "2026-09-07T07:56:51.079660+00:00"
      }
    },
    {
      "type": "Feature",
      "geometry": {
        "type": "Point",
        "coordinates": [
          80.42,
          20.8
        ]
      },
      "properties": {
        "probability": 0.0188,
        "confidence": "low",
        "iron_oxide_index": 0.3146,
        "ferrous_mineral_index": 0.2117,
        "swir_b11_reflectance": 0.1974,
        "swir_b12_reflectance": 0.2319,
        "ndvi": 0.4082,
        "elevation_m": 349.6,
        "slope_deg": 2.9,
        "dist_to_fault_km": 100.98,
        "temp_c": 26.5,
        "rainfall_mm": 9.7,
        "timestamp": "2026-09-07T07:56:51.079660+00:00"
      }
    },
    {
      "type": "Feature",
      "geometry": {
        "type": "Point",
        "coordinates": [
          80.48,
          20.8
        ]
      },
      "properties": {
        "probability": 0.0083,
        "confidence": "low",
        "iron_oxide_index": 0.3084,
        "ferrous_mineral_index": 0.2114,
        "swir_b11_reflectance": 0.162,
        "swir_b12_reflectance": 0.2326,
        "ndvi": 0.4724,
        "elevation_m": 349.6,
        "slope_deg": 2.5,
        "dist_to_fault_km": 106.61,
        "temp_c": 26.5,
        "rainfall_mm": 9.7,
        "timestamp": "2026-09-07T07:56:51.079660+00:00"
      }
    },
    {
      "type": "Feature",
      "geometry": {
        "type": "Point",
        "coordinates": [
          80.54,
          20.8
        ]
      },
      "properties": {
        "probability": 0.0722,
        "confidence": "low",
        "iron_oxide_index": 0.2978,
        "ferrous_mineral_index": 0.2086,
        "swir_b11_reflectance": 0.195,
        "swir_b12_reflectance": 0.1923,
        "ndvi": 0.3917,
        "elevation_m": 349.6,
        "slope_deg": 2.5,
        "dist_to_fault_km": 112.35,
        "temp_c": 26.5,
        "rainfall_mm": 9.7,
        "timestamp": "2026-09-07T07:56:51.079660+00:00"
      }
    },
    {
      "type": "Feature",
      "geometry": {
        "type": "Point",
        "coordinates": [
          80.6,
          20.8
        ]
      },
      "properties": {
        "probability": 0.0353,
        "confidence": "low",
        "iron_oxide_index": 0.309,
        "ferrous_mineral_index": 0.2086,
        "swir_b11_reflectance": 0.2149,
        "swir_b12_reflectance": 0.2202,
        "ndvi": 0.3954,
        "elevation_m": 349.6,
        "slope_deg": 3.5,
        "dist_to_fault_km": 118.18,
        "temp_c": 26.5,
        "rainfall_mm": 9.7,
        "timestamp": "2026-09-07T07:56:51.079660+00:00"
      }
    },
    {
      "type": "Feature",
      "geometry": {
        "type": "Point",
        "coordinates": [
          80.66,
          20.8
        ]
      },
      "properties": {
        "probability": 0.0437,
        "confidence": "low",
        "iron_oxide_index": 0.3248,
        "ferrous_mineral_index": 0.1906,
        "swir_b11_reflectance": 0.1633,
        "swir_b12_reflectance": 0.2249,
        "ndvi": 0.4307,
        "elevation_m": 349.6,
        "slope_deg": 2.9,
        "dist_to_fault_km": 124.1,
        "temp_c": 26.5,
        "rainfall_mm": 9.7,
        "timestamp": "2026-09-07T07:56:51.079660+00:00"
      }
    },
    {
      "type": "Feature",
      "geometry": {
        "type": "Point",
        "coordinates": [
          80.72,
          20.8
        ]
      },
      "properties": {
        "probability": 0.039,
        "confidence": "low",
        "iron_oxide_index": 0.291,
        "ferrous_mineral_index": 0.1974,
        "swir_b11_reflectance": 0.1608,
        "swir_b12_reflectance": 0.2312,
        "ndvi": 0.4583,
        "elevation_m": 349.6,
        "slope_deg": 3.2,
        "dist_to_fault_km": 127.38,
        "temp_c": 26.5,
        "rainfall_mm": 9.7,
        "timestamp": "2026-09-07T07:56:51.079660+00:00"
      }
    },
    {
      "type": "Feature",
      "geometry": {
        "type": "Point",
        "coordinates": [
          80.78,
          20.8
        ]
      },
      "properties": {
        "probability": 0.03,
        "confidence": "low",
        "iron_oxide_index": 0.3443,
        "ferrous_mineral_index": 0.2436,
        "swir_b11_reflectance": 0.1674,
        "swir_b12_reflectance": 0.1881,
        "ndvi": 0.4546,
        "elevation_m": 349.6,
        "slope_deg": 2.6,
        "dist_to_fault_km": 128.71,
        "temp_c": 26.5,
        "rainfall_mm": 9.7,
        "timestamp": "2026-09-07T07:56:51.079660+00:00"
      }
    },
    {
      "type": "Feature",
      "geometry": {
        "type": "Point",
        "coordinates": [
          78.5,
          20.86
        ]
      },
      "properties": {
        "probability": 0.039,
        "confidence": "low",
        "iron_oxide_index": 0.3038,
        "ferrous_mineral_index": 0.1956,
        "swir_b11_reflectance": 0.1661,
        "swir_b12_reflectance": 0.2092,
        "ndvi": 0.444,
        "elevation_m": 337.0,
        "slope_deg": 3.4,
        "dist_to_fault_km": 78.63,
        "temp_c": 27.4,
        "rainfall_mm": 7.6,
        "timestamp": "2026-09-07T07:56:51.079660+00:00"
      }
    },
    {
      "type": "Feature",
      "geometry": {
        "type": "Point",
        "coordinates": [
          78.56,
          20.86
        ]
      },
      "properties": {
        "probability": 0.035,
        "confidence": "low",
        "iron_oxide_index": 0.2801,
        "ferrous_mineral_index": 0.1919,
        "swir_b11_reflectance": 0.1817,
        "swir_b12_reflectance": 0.2058,
        "ndvi": 0.4465,
        "elevation_m": 337.0,
        "slope_deg": 2.2,
        "dist_to_fault_km": 73.78,
        "temp_c": 27.4,
        "rainfall_mm": 7.6,
        "timestamp": "2026-09-07T07:56:51.079660+00:00"
      }
    },
    {
      "type": "Feature",
      "geometry": {
        "type": "Point",
        "coordinates": [
          78.62,
          20.86
        ]
      },
      "properties": {
        "probability": 0.0717,
        "confidence": "low",
        "iron_oxide_index": 0.2976,
        "ferrous_mineral_index": 0.2248,
        "swir_b11_reflectance": 0.1666,
        "swir_b12_reflectance": 0.2213,
        "ndvi": 0.3668,
        "elevation_m": 337.0,
        "slope_deg": 3.6,
        "dist_to_fault_km": 69.23,
        "temp_c": 27.4,
        "rainfall_mm": 7.6,
        "timestamp": "2026-09-07T07:56:51.079660+00:00"
      }
    },
    {
      "type": "Feature",
      "geometry": {
        "type": "Point",
        "coordinates": [
          78.68,
          20.86
        ]
      },
      "properties": {
        "probability": 0.0217,
        "confidence": "low",
        "iron_oxide_index": 0.3053,
        "ferrous_mineral_index": 0.2338,
        "swir_b11_reflectance": 0.1738,
        "swir_b12_reflectance": 0.2324,
        "ndvi": 0.4273,
        "elevation_m": 337.0,
        "slope_deg": 3.9,
        "dist_to_fault_km": 64.72,
        "temp_c": 27.4,
        "rainfall_mm": 7.6,
        "timestamp": "2026-09-07T07:56:51.079660+00:00"
      }
    },
    {
      "type": "Feature",
      "geometry": {
        "type": "Point",
        "coordinates": [
          78.74,
          20.86
        ]
      },
      "properties": {
        "probability": 0.0067,
        "confidence": "low",
        "iron_oxide_index": 0.2814,
        "ferrous_mineral_index": 0.2462,
        "swir_b11_reflectance": 0.1478,
        "swir_b12_reflectance": 0.2358,
        "ndvi": 0.446,
        "elevation_m": 337.0,
        "slope_deg": 3.0,
        "dist_to_fault_km": 59.11,
        "temp_c": 27.4,
        "rainfall_mm": 7.6,
        "timestamp": "2026-09-07T07:56:51.079660+00:00"
      }
    },
    {
      "type": "Feature",
      "geometry": {
        "type": "Point",
        "coordinates": [
          78.8,
          20.86
        ]
      },
      "properties": {
        "probability": 0.0088,
        "confidence": "low",
        "iron_oxide_index": 0.3132,
        "ferrous_mineral_index": 0.2202,
        "swir_b11_reflectance": 0.1731,
        "swir_b12_reflectance": 0.2198,
        "ndvi": 0.4165,
        "elevation_m": 337.0,
        "slope_deg": 3.0,
        "dist_to_fault_km": 53.74,
        "temp_c": 27.4,
        "rainfall_mm": 7.6,
        "timestamp": "2026-09-07T07:56:51.079660+00:00"
      }
    },
    {
      "type": "Feature",
      "geometry": {
        "type": "Point",
        "coordinates": [
          78.86,
          20.86
        ]
      },
      "properties": {
        "probability": 0.0086,
        "confidence": "low",
        "iron_oxide_index": 0.3525,
        "ferrous_mineral_index": 0.2017,
        "swir_b11_reflectance": 0.1791,
        "swir_b12_reflectance": 0.2413,
        "ndvi": 0.4249,
        "elevation_m": 337.0,
        "slope_deg": 3.3,
        "dist_to_fault_km": 48.69,
        "temp_c": 27.4,
        "rainfall_mm": 7.6,
        "timestamp": "2026-09-07T07:56:51.079660+00:00"
      }
    },
    {
      "type": "Feature",
      "geometry": {
        "type": "Point",
        "coordinates": [
          78.92,
          20.86
        ]
      },
      "properties": {
        "probability": 0.0319,
        "confidence": "low",
        "iron_oxide_index": 0.3057,
        "ferrous_mineral_index": 0.2181,
        "swir_b11_reflectance": 0.1642,
        "swir_b12_reflectance": 0.227,
        "ndvi": 0.4603,
        "elevation_m": 337.0,
        "slope_deg": 4.1,
        "dist_to_fault_km": 44.07,
        "temp_c": 27.4,
        "rainfall_mm": 7.6,
        "timestamp": "2026-09-07T07:56:51.079660+00:00"
      }
    },
    {
      "type": "Feature",
      "geometry": {
        "type": "Point",
        "coordinates": [
          78.98,
          20.86
        ]
      },
      "properties": {
        "probability": 0.0732,
        "confidence": "low",
        "iron_oxide_index": 0.2612,
        "ferrous_mineral_index": 0.2458,
        "swir_b11_reflectance": 0.1781,
        "swir_b12_reflectance": 0.2106,
        "ndvi": 0.3661,
        "elevation_m": 337.0,
        "slope_deg": 3.7,
        "dist_to_fault_km": 40.02,
        "temp_c": 27.4,
        "rainfall_mm": 7.6,
        "timestamp": "2026-09-07T07:56:51.079660+00:00"
      }
    },
    {
      "type": "Feature",
      "geometry": {
        "type": "Point",
        "coordinates": [
          79.04,
          20.86
        ]
      },
      "properties": {
        "probability": 0.0073,
        "confidence": "low",
        "iron_oxide_index": 0.3075,
        "ferrous_mineral_index": 0.2294,
        "swir_b11_reflectance": 0.1651,
        "swir_b12_reflectance": 0.2439,
        "ndvi": 0.4265,
        "elevation_m": 337.0,
        "slope_deg": 3.5,
        "dist_to_fault_km": 36.29,
        "temp_c": 27.4,
        "rainfall_mm": 7.6,
        "timestamp": "2026-09-07T07:56:51.079660+00:00"
      }
    },
    {
      "type": "Feature",
      "geometry": {
        "type": "Point",
        "coordinates": [
          79.1,
          20.86
        ]
      },
      "properties": {
        "probability": 0.0198,
        "confidence": "low",
        "iron_oxide_index": 0.3101,
        "ferrous_mineral_index": 0.2007,
        "swir_b11_reflectance": 0.1526,
        "swir_b12_reflectance": 0.2358,
        "ndvi": 0.4177,
        "elevation_m": 282.6,
        "slope_deg": 3.0,
        "dist_to_fault_km": 30.3,
        "temp_c": 27.5,
        "rainfall_mm": 8.9,
        "timestamp": "2026-09-07T07:56:51.079660+00:00"
      }
    },
    {
      "type": "Feature",
      "geometry": {
        "type": "Point",
        "coordinates": [
          79.16,
          20.86
        ]
      },
      "properties": {
        "probability": 0.0303,
        "confidence": "low",
        "iron_oxide_index": 0.2972,
        "ferrous_mineral_index": 0.1947,
        "swir_b11_reflectance": 0.1523,
        "swir_b12_reflectance": 0.2093,
        "ndvi": 0.4301,
        "elevation_m": 282.6,
        "slope_deg": 1.8,
        "dist_to_fault_km": 24.65,
        "temp_c": 27.5,
        "rainfall_mm": 8.9,
        "timestamp": "2026-09-07T07:56:51.079660+00:00"
      }
    },
    {
      "type": "Feature",
      "geometry": {
        "type": "Point",
        "coordinates": [
          79.22,
          20.86
        ]
      },
      "properties": {
        "probability": 0.0378,
        "confidence": "low",
        "iron_oxide_index": 0.3182,
        "ferrous_mineral_index": 0.2114,
        "swir_b11_reflectance": 0.1818,
        "swir_b12_reflectance": 0.2277,
        "ndvi": 0.4706,
        "elevation_m": 282.6,
        "slope_deg": 3.0,
        "dist_to_fault_km": 19.64,
        "temp_c": 27.5,
        "rainfall_mm": 8.9,
        "timestamp": "2026-09-07T07:56:51.079660+00:00"
      }
    },
    {
      "type": "Feature",
      "geometry": {
        "type": "Point",
        "coordinates": [
          79.28,
          20.86
        ]
      },
      "properties": {
        "probability": 0.0118,
        "confidence": "low",
        "iron_oxide_index": 0.3294,
        "ferrous_mineral_index": 0.2106,
        "swir_b11_reflectance": 0.1429,
        "swir_b12_reflectance": 0.1987,
        "ndvi": 0.428,
        "elevation_m": 282.6,
        "slope_deg": 1.7,
        "dist_to_fault_km": 15.89,
        "temp_c": 27.5,
        "rainfall_mm": 8.9,
        "timestamp": "2026-09-07T07:56:51.079660+00:00"
      }
    },
    {
      "type": "Feature",
      "geometry": {
        "type": "Point",
        "coordinates": [
          79.34,
          20.86
        ]
      },
      "properties": {
        "probability": 0.0062,
        "confidence": "low",
        "iron_oxide_index": 0.3173,
        "ferrous_mineral_index": 0.239,
        "swir_b11_reflectance": 0.2028,
        "swir_b12_reflectance": 0.2273,
        "ndvi": 0.4381,
        "elevation_m": 282.6,
        "slope_deg": 3.6,
        "dist_to_fault_km": 14.43,
        "temp_c": 27.5,
        "rainfall_mm": 8.9,
        "timestamp": "2026-09-07T07:56:51.079660+00:00"
      }
    },
    {
      "type": "Feature",
      "geometry": {
        "type": "Point",
        "coordinates": [
          79.4,
          20.86
        ]
      },
      "properties": {
        "probability": 0.0101,
        "confidence": "low",
        "iron_oxide_index": 0.277,
        "ferrous_mineral_index": 0.2365,
        "swir_b11_reflectance": 0.1809,
        "swir_b12_reflectance": 0.2292,
        "ndvi": 0.4432,
        "elevation_m": 282.6,
        "slope_deg": 2.2,
        "dist_to_fault_km": 15.89,
        "temp_c": 27.5,
        "rainfall_mm": 8.9,
        "timestamp": "2026-09-07T07:56:51.079660+00:00"
      }
    },
    {
      "type": "Feature",
      "geometry": {
        "type": "Point",
        "coordinates": [
          79.46,
          20.86
        ]
      },
      "properties": {
        "probability": 0.0056,
        "confidence": "low",
        "iron_oxide_index": 0.3009,
        "ferrous_mineral_index": 0.2508,
        "swir_b11_reflectance": 0.1952,
        "swir_b12_reflectance": 0.2213,
        "ndvi": 0.4308,
        "elevation_m": 282.6,
        "slope_deg": 1.9,
        "dist_to_fault_km": 19.64,
        "temp_c": 27.5,
        "rainfall_mm": 8.9,
        "timestamp": "2026-09-07T07:56:51.079660+00:00"
      }
    },
    {
      "type": "Feature",
      "geometry": {
        "type": "Point",
        "coordinates": [
          79.52,
          20.86
        ]
      },
      "properties": {
        "probability": 0.0191,
        "confidence": "low",
        "iron_oxide_index": 0.3127,
        "ferrous_mineral_index": 0.2394,
        "swir_b11_reflectance": 0.1671,
        "swir_b12_reflectance": 0.2364,
        "ndvi": 0.4382,
        "elevation_m": 282.6,
        "slope_deg": 2.4,
        "dist_to_fault_km": 24.65,
        "temp_c": 27.5,
        "rainfall_mm": 8.9,
        "timestamp": "2026-09-07T07:56:51.079660+00:00"
      }
    },
    {
      "type": "Feature",
      "geometry": {
        "type": "Point",
        "coordinates": [
          79.58,
          20.86
        ]
      },
      "properties": {
        "probability": 0.0316,
        "confidence": "low",
        "iron_oxide_index": 0.2864,
        "ferrous_mineral_index": 0.2717,
        "swir_b11_reflectance": 0.182,
        "swir_b12_reflectance": 0.2004,
        "ndvi": 0.4468,
        "elevation_m": 282.6,
        "slope_deg": 1.8,
        "dist_to_fault_km": 30.3,
        "temp_c": 27.5,
        "rainfall_mm": 8.9,
        "timestamp": "2026-09-07T07:56:51.079660+00:00"
      }
    },
    {
      "type": "Feature",
      "geometry": {
        "type": "Point",
        "coordinates": [
          79.64,
          20.86
        ]
      },
      "properties": {
        "probability": 0.0252,
        "confidence": "low",
        "iron_oxide_index": 0.2677,
        "ferrous_mineral_index": 0.2067,
        "swir_b11_reflectance": 0.1725,
        "swir_b12_reflectance": 0.2046,
        "ndvi": 0.4158,
        "elevation_m": 282.6,
        "slope_deg": 1.8,
        "dist_to_fault_km": 36.29,
        "temp_c": 27.5,
        "rainfall_mm": 8.9,
        "timestamp": "2026-09-07T07:56:51.079660+00:00"
      }
    },
    {
      "type": "Feature",
      "geometry": {
        "type": "Point",
        "coordinates": [
          79.7,
          20.86
        ]
      },
      "properties": {
        "probability": 0.0633,
        "confidence": "low",
        "iron_oxide_index": 0.3055,
        "ferrous_mineral_index": 0.2051,
        "swir_b11_reflectance": 0.1905,
        "swir_b12_reflectance": 0.2042,
        "ndvi": 0.4036,
        "elevation_m": 291.9,
        "slope_deg": 3.0,
        "dist_to_fault_km": 42.49,
        "temp_c": 27.2,
        "rainfall_mm": 9.8,
        "timestamp": "2026-09-07T07:56:51.079660+00:00"
      }
    },
    {
      "type": "Feature",
      "geometry": {
        "type": "Point",
        "coordinates": [
          79.76,
          20.86
        ]
      },
      "properties": {
        "probability": 0.005,
        "confidence": "low",
        "iron_oxide_index": 0.3428,
        "ferrous_mineral_index": 0.2347,
        "swir_b11_reflectance": 0.1686,
        "swir_b12_reflectance": 0.2394,
        "ndvi": 0.3999,
        "elevation_m": 291.9,
        "slope_deg": 1.4,
        "dist_to_fault_km": 48.8,
        "temp_c": 27.2,
        "rainfall_mm": 9.8,
        "timestamp": "2026-09-07T07:56:51.079660+00:00"
      }
    },
    {
      "type": "Feature",
      "geometry": {
        "type": "Point",
        "coordinates": [
          79.82,
          20.86
        ]
      },
      "properties": {
        "probability": 0.0108,
        "confidence": "low",
        "iron_oxide_index": 0.3156,
        "ferrous_mineral_index": 0.2359,
        "swir_b11_reflectance": 0.1545,
        "swir_b12_reflectance": 0.2169,
        "ndvi": 0.4517,
        "elevation_m": 291.9,
        "slope_deg": 3.5,
        "dist_to_fault_km": 51.97,
        "temp_c": 27.2,
        "rainfall_mm": 9.8,
        "timestamp": "2026-09-07T07:56:51.079660+00:00"
      }
    },
    {
      "type": "Feature",
      "geometry": {
        "type": "Point",
        "coordinates": [
          79.88,
          20.86
        ]
      },
      "properties": {
        "probability": 0.0255,
        "confidence": "low",
        "iron_oxide_index": 0.2699,
        "ferrous_mineral_index": 0.2101,
        "swir_b11_reflectance": 0.1591,
        "swir_b12_reflectance": 0.2088,
        "ndvi": 0.4521,
        "elevation_m": 291.9,
        "slope_deg": 3.4,
        "dist_to_fault_km": 54.6,
        "temp_c": 27.2,
        "rainfall_mm": 9.8,
        "timestamp": "2026-09-07T07:56:51.079660+00:00"
      }
    },
    {
      "type": "Feature",
      "geometry": {
        "type": "Point",
        "coordinates": [
          79.94,
          20.86
        ]
      },
      "properties": {
        "probability": 0.0362,
        "confidence": "low",
        "iron_oxide_index": 0.2956,
        "ferrous_mineral_index": 0.2087,
        "swir_b11_reflectance": 0.1645,
        "swir_b12_reflectance": 0.2183,
        "ndvi": 0.4139,
        "elevation_m": 291.9,
        "slope_deg": 3.8,
        "dist_to_fault_km": 57.89,
        "temp_c": 27.2,
        "rainfall_mm": 9.8,
        "timestamp": "2026-09-07T07:56:51.079660+00:00"
      }
    },
    {
      "type": "Feature",
      "geometry": {
        "type": "Point",
        "coordinates": [
          80.0,
          20.86
        ]
      },
      "properties": {
        "probability": 0.005,
        "confidence": "low",
        "iron_oxide_index": 0.2717,
        "ferrous_mineral_index": 0.2242,
        "swir_b11_reflectance": 0.1639,
        "swir_b12_reflectance": 0.203,
        "ndvi": 0.4346,
        "elevation_m": 291.9,
        "slope_deg": 1.6,
        "dist_to_fault_km": 61.72,
        "temp_c": 27.2,
        "rainfall_mm": 9.8,
        "timestamp": "2026-09-07T07:56:51.079660+00:00"
      }
    },
    {
      "type": "Feature",
      "geometry": {
        "type": "Point",
        "coordinates": [
          80.06,
          20.86
        ]
      },
      "properties": {
        "probability": 0.0125,
        "confidence": "low",
        "iron_oxide_index": 0.2816,
        "ferrous_mineral_index": 0.2115,
        "swir_b11_reflectance": 0.1429,
        "swir_b12_reflectance": 0.2218,
        "ndvi": 0.4818,
        "elevation_m": 291.9,
        "slope_deg": 2.9,
        "dist_to_fault_km": 66.0,
        "temp_c": 27.2,
        "rainfall_mm": 9.8,
        "timestamp": "2026-09-07T07:56:51.079660+00:00"
      }
    },
    {
      "type": "Feature",
      "geometry": {
        "type": "Point",
        "coordinates": [
          80.12,
          20.86
        ]
      },
      "properties": {
        "probability": 0.0,
        "confidence": "low",
        "iron_oxide_index": 0.3004,
        "ferrous_mineral_index": 0.2306,
        "swir_b11_reflectance": 0.1801,
        "swir_b12_reflectance": 0.2221,
        "ndvi": 0.4339,
        "elevation_m": 291.9,
        "slope_deg": 2.8,
        "dist_to_fault_km": 70.66,
        "temp_c": 27.2,
        "rainfall_mm": 9.8,
        "timestamp": "2026-09-07T07:56:51.079660+00:00"
      }
    },
    {
      "type": "Feature",
      "geometry": {
        "type": "Point",
        "coordinates": [
          80.18,
          20.86
        ]
      },
      "properties": {
        "probability": 0.006,
        "confidence": "low",
        "iron_oxide_index": 0.2969,
        "ferrous_mineral_index": 0.2298,
        "swir_b11_reflectance": 0.1927,
        "swir_b12_reflectance": 0.2151,
        "ndvi": 0.4864,
        "elevation_m": 291.9,
        "slope_deg": 2.1,
        "dist_to_fault_km": 75.61,
        "temp_c": 27.2,
        "rainfall_mm": 9.8,
        "timestamp": "2026-09-07T07:56:51.079660+00:00"
      }
    },
    {
      "type": "Feature",
      "geometry": {
        "type": "Point",
        "coordinates": [
          80.24,
          20.86
        ]
      },
      "properties": {
        "probability": 0.0,
        "confidence": "low",
        "iron_oxide_index": 0.299,
        "ferrous_mineral_index": 0.2069,
        "swir_b11_reflectance": 0.1712,
        "swir_b12_reflectance": 0.2343,
        "ndvi": 0.441,
        "elevation_m": 291.9,
        "slope_deg": 2.7,
        "dist_to_fault_km": 80.81,
        "temp_c": 27.2,
        "rainfall_mm": 9.8,
        "timestamp": "2026-09-07T07:56:51.079660+00:00"
      }
    },
    {
      "type": "Feature",
      "geometry": {
        "type": "Point",
        "coordinates": [
          80.3,
          20.86
        ]
      },
      "properties": {
        "probability": 0.0,
        "confidence": "low",
        "iron_oxide_index": 0.334,
        "ferrous_mineral_index": 0.2094,
        "swir_b11_reflectance": 0.1747,
        "swir_b12_reflectance": 0.2237,
        "ndvi": 0.4366,
        "elevation_m": 291.9,
        "slope_deg": 2.9,
        "dist_to_fault_km": 86.21,
        "temp_c": 27.2,
        "rainfall_mm": 9.8,
        "timestamp": "2026-09-07T07:56:51.079660+00:00"
      }
    },
    {
      "type": "Feature",
      "geometry": {
        "type": "Point",
        "coordinates": [
          80.36,
          20.86
        ]
      },
      "properties": {
        "probability": 0.0144,
        "confidence": "low",
        "iron_oxide_index": 0.2767,
        "ferrous_mineral_index": 0.2494,
        "swir_b11_reflectance": 0.1733,
        "swir_b12_reflectance": 0.2144,
        "ndvi": 0.45,
        "elevation_m": 349.6,
        "slope_deg": 3.2,
        "dist_to_fault_km": 91.78,
        "temp_c": 26.5,
        "rainfall_mm": 9.7,
        "timestamp": "2026-09-07T07:56:51.079660+00:00"
      }
    },
    {
      "type": "Feature",
      "geometry": {
        "type": "Point",
        "coordinates": [
          80.42,
          20.86
        ]
      },
      "properties": {
        "probability": 0.0178,
        "confidence": "low",
        "iron_oxide_index": 0.2912,
        "ferrous_mineral_index": 0.2133,
        "swir_b11_reflectance": 0.1634,
        "swir_b12_reflectance": 0.1997,
        "ndvi": 0.4747,
        "elevation_m": 349.6,
        "slope_deg": 3.5,
        "dist_to_fault_km": 97.48,
        "temp_c": 26.5,
        "rainfall_mm": 9.7,
        "timestamp": "2026-09-07T07:56:51.079660+00:00"
      }
    },
    {
      "type": "Feature",
      "geometry": {
        "type": "Point",
        "coordinates": [
          80.48,
          20.86
        ]
      },
      "properties": {
        "probability": 0.0632,
        "confidence": "low",
        "iron_oxide_index": 0.2998,
        "ferrous_mineral_index": 0.1891,
        "swir_b11_reflectance": 0.1743,
        "swir_b12_reflectance": 0.2125,
        "ndvi": 0.4198,
        "elevation_m": 349.6,
        "slope_deg": 3.6,
        "dist_to_fault_km": 103.3,
        "temp_c": 26.5,
        "rainfall_mm": 9.7,
        "timestamp": "2026-09-07T07:56:51.079660+00:00"
      }
    },
    {
      "type": "Feature",
      "geometry": {
        "type": "Point",
        "coordinates": [
          80.54,
          20.86
        ]
      },
      "properties": {
        "probability": 0.0073,
        "confidence": "low",
        "iron_oxide_index": 0.302,
        "ferrous_mineral_index": 0.2151,
        "swir_b11_reflectance": 0.1746,
        "swir_b12_reflectance": 0.2416,
        "ndvi": 0.4111,
        "elevation_m": 349.6,
        "slope_deg": 2.5,
        "dist_to_fault_km": 109.21,
        "temp_c": 26.5,
        "rainfall_mm": 9.7,
        "timestamp": "2026-09-07T07:56:51.079660+00:00"
      }
    },
    {
      "type": "Feature",
      "geometry": {
        "type": "Point",
        "coordinates": [
          80.6,
          20.86
        ]
      },
      "properties": {
        "probability": 0.015,
        "confidence": "low",
        "iron_oxide_index": 0.3,
        "ferrous_mineral_index": 0.2442,
        "swir_b11_reflectance": 0.1618,
        "swir_b12_reflectance": 0.2136,
        "ndvi": 0.4663,
        "elevation_m": 349.6,
        "slope_deg": 2.6,
        "dist_to_fault_km": 115.2,
        "temp_c": 26.5,
        "rainfall_mm": 9.7,
        "timestamp": "2026-09-07T07:56:51.079660+00:00"
      }
    },
    {
      "type": "Feature",
      "geometry": {
        "type": "Point",
        "coordinates": [
          80.66,
          20.86
        ]
      },
      "properties": {
        "probability": 0.0044,
        "confidence": "low",
        "iron_oxide_index": 0.3162,
        "ferrous_mineral_index": 0.2269,
        "swir_b11_reflectance": 0.1756,
        "swir_b12_reflectance": 0.2222,
        "ndvi": 0.48,
        "elevation_m": 349.6,
        "slope_deg": 3.7,
        "dist_to_fault_km": 119.55,
        "temp_c": 26.5,
        "rainfall_mm": 9.7,
        "timestamp": "2026-09-07T07:56:51.079660+00:00"
      }
    },
    {
      "type": "Feature",
      "geometry": {
        "type": "Point",
        "coordinates": [
          80.72,
          20.86
        ]
      },
      "properties": {
        "probability": 0.0087,
        "confidence": "low",
        "iron_oxide_index": 0.3026,
        "ferrous_mineral_index": 0.2578,
        "swir_b11_reflectance": 0.1783,
        "swir_b12_reflectance": 0.2124,
        "ndvi": 0.4316,
        "elevation_m": 349.6,
        "slope_deg": 3.4,
        "dist_to_fault_km": 120.83,
        "temp_c": 26.5,
        "rainfall_mm": 9.7,
        "timestamp": "2026-09-07T07:56:51.079660+00:00"
      }
    },
    {
      "type": "Feature",
      "geometry": {
        "type": "Point",
        "coordinates": [
          80.78,
          20.86
        ]
      },
      "properties": {
        "probability": 0.0388,
        "confidence": "low",
        "iron_oxide_index": 0.3032,
        "ferrous_mineral_index": 0.2391,
        "swir_b11_reflectance": 0.1875,
        "swir_b12_reflectance": 0.1927,
        "ndvi": 0.4366,
        "elevation_m": 349.6,
        "slope_deg": 4.0,
        "dist_to_fault_km": 122.23,
        "temp_c": 26.5,
        "rainfall_mm": 9.7,
        "timestamp": "2026-09-07T07:56:51.079660+00:00"
      }
    },
    {
      "type": "Feature",
      "geometry": {
        "type": "Point",
        "coordinates": [
          78.5,
          20.92
        ]
      },
      "properties": {
        "probability": 0.0166,
        "confidence": "low",
        "iron_oxide_index": 0.2825,
        "ferrous_mineral_index": 0.2257,
        "swir_b11_reflectance": 0.1645,
        "swir_b12_reflectance": 0.212,
        "ndvi": 0.482,
        "elevation_m": 337.0,
        "slope_deg": 2.5,
        "dist_to_fault_km": 74.38,
        "temp_c": 27.4,
        "rainfall_mm": 7.6,
        "timestamp": "2026-09-07T07:56:51.079660+00:00"
      }
    },
    {
      "type": "Feature",
      "geometry": {
        "type": "Point",
        "coordinates": [
          78.56,
          20.92
        ]
      },
      "properties": {
        "probability": 0.0729,
        "confidence": "low",
        "iron_oxide_index": 0.3339,
        "ferrous_mineral_index": 0.1819,
        "swir_b11_reflectance": 0.1805,
        "swir_b12_reflectance": 0.2451,
        "ndvi": 0.4272,
        "elevation_m": 337.0,
        "slope_deg": 3.9,
        "dist_to_fault_km": 69.23,
        "temp_c": 27.4,
        "rainfall_mm": 7.6,
        "timestamp": "2026-09-07T07:56:51.079660+00:00"
      }
    },
    {
      "type": "Feature",
      "geometry": {
        "type": "Point",
        "coordinates": [
          78.62,
          20.92
        ]
      },
      "properties": {
        "probability": 0.0248,
        "confidence": "low",
        "iron_oxide_index": 0.3294,
        "ferrous_mineral_index": 0.1997,
        "swir_b11_reflectance": 0.151,
        "swir_b12_reflectance": 0.2295,
        "ndvi": 0.4452,
        "elevation_m": 337.0,
        "slope_deg": 3.5,
        "dist_to_fault_km": 64.36,
        "temp_c": 27.4,
        "rainfall_mm": 7.6,
        "timestamp": "2026-09-07T07:56:51.079660+00:00"
      }
    },
    {
      "type": "Feature",
      "geometry": {
        "type": "Point",
        "coordinates": [
          78.68,
          20.92
        ]
      },
      "properties": {
        "probability": 0.0791,
        "confidence": "low",
        "iron_oxide_index": 0.2617,
        "ferrous_mineral_index": 0.2352,
        "swir_b11_reflectance": 0.1471,
        "swir_b12_reflectance": 0.1858,
        "ndvi": 0.423,
        "elevation_m": 337.0,
        "slope_deg": 4.1,
        "dist_to_fault_km": 59.84,
        "temp_c": 27.4,
        "rainfall_mm": 7.6,
        "timestamp": "2026-09-07T07:56:51.079660+00:00"
      }
    },
    {
      "type": "Feature",
      "geometry": {
        "type": "Point",
        "coordinates": [
          78.74,
          20.92
        ]
      },
      "properties": {
        "probability": 0.0252,
        "confidence": "low",
        "iron_oxide_index": 0.3063,
        "ferrous_mineral_index": 0.2091,
        "swir_b11_reflectance": 0.1739,
        "swir_b12_reflectance": 0.2335,
        "ndvi": 0.4665,
        "elevation_m": 337.0,
        "slope_deg": 4.1,
        "dist_to_fault_km": 55.63,
        "temp_c": 27.4,
        "rainfall_mm": 7.6,
        "timestamp": "2026-09-07T07:56:51.079660+00:00"
      }
    },
    {
      "type": "Feature",
      "geometry": {
        "type": "Point",
        "coordinates": [
          78.8,
          20.92
        ]
      },
      "properties": {
        "probability": 0.0117,
        "confidence": "low",
        "iron_oxide_index": 0.3239,
        "ferrous_mineral_index": 0.2348,
        "swir_b11_reflectance": 0.1833,
        "swir_b12_reflectance": 0.2341,
        "ndvi": 0.4153,
        "elevation_m": 337.0,
        "slope_deg": 3.7,
        "dist_to_fault_km": 49.89,
        "temp_c": 27.4,
        "rainfall_mm": 7.6,
        "timestamp": "2026-09-07T07:56:51.079660+00:00"
      }
    },
    {
      "type": "Feature",
      "geometry": {
        "type": "Point",
        "coordinates": [
          78.86,
          20.92
        ]
      },
      "properties": {
        "probability": 0.0292,
        "confidence": "low",
        "iron_oxide_index": 0.2752,
        "ferrous_mineral_index": 0.1966,
        "swir_b11_reflectance": 0.1964,
        "swir_b12_reflectance": 0.2366,
        "ndvi": 0.4303,
        "elevation_m": 337.0,
        "slope_deg": 3.0,
        "dist_to_fault_km": 44.4,
        "temp_c": 27.4,
        "rainfall_mm": 7.6,
        "timestamp": "2026-09-07T07:56:51.079660+00:00"
      }
    },
    {
      "type": "Feature",
      "geometry": {
        "type": "Point",
        "coordinates": [
          78.92,
          20.92
        ]
      },
      "properties": {
        "probability": 0.0562,
        "confidence": "low",
        "iron_oxide_index": 0.3194,
        "ferrous_mineral_index": 0.2028,
        "swir_b11_reflectance": 0.1939,
        "swir_b12_reflectance": 0.1919,
        "ndvi": 0.4482,
        "elevation_m": 337.0,
        "slope_deg": 4.1,
        "dist_to_fault_km": 39.28,
        "temp_c": 27.4,
        "rainfall_mm": 7.6,
        "timestamp": "2026-09-07T07:56:51.079660+00:00"
      }
    },
    {
      "type": "Feature",
      "geometry": {
        "type": "Point",
        "coordinates": [
          78.98,
          20.92
        ]
      },
      "properties": {
        "probability": 0.0216,
        "confidence": "low",
        "iron_oxide_index": 0.2919,
        "ferrous_mineral_index": 0.2288,
        "swir_b11_reflectance": 0.1791,
        "swir_b12_reflectance": 0.2545,
        "ndvi": 0.4509,
        "elevation_m": 337.0,
        "slope_deg": 4.7,
        "dist_to_fault_km": 34.68,
        "temp_c": 27.4,
        "rainfall_mm": 7.6,
        "timestamp": "2026-09-07T07:56:51.079660+00:00"
      }
    },
    {
      "type": "Feature",
      "geometry": {
        "type": "Point",
        "coordinates": [
          79.04,
          20.92
        ]
      },
      "properties": {
        "probability": 0.0111,
        "confidence": "low",
        "iron_oxide_index": 0.2858,
        "ferrous_mineral_index": 0.233,
        "swir_b11_reflectance": 0.1812,
        "swir_b12_reflectance": 0.2181,
        "ndvi": 0.4147,
        "elevation_m": 337.0,
        "slope_deg": 3.6,
        "dist_to_fault_km": 30.84,
        "temp_c": 27.4,
        "rainfall_mm": 7.6,
        "timestamp": "2026-09-07T07:56:51.079660+00:00"
      }
    },
    {
      "type": "Feature",
      "geometry": {
        "type": "Point",
        "coordinates": [
          79.1,
          20.92
        ]
      },
      "properties": {
        "probability": 0.0204,
        "confidence": "low",
        "iron_oxide_index": 0.2756,
        "ferrous_mineral_index": 0.2601,
        "swir_b11_reflectance": 0.1729,
        "swir_b12_reflectance": 0.217,
        "ndvi": 0.4291,
        "elevation_m": 282.6,
        "slope_deg": 4.2,
        "dist_to_fault_km": 27.75,
        "temp_c": 27.5,
        "rainfall_mm": 8.9,
        "timestamp": "2026-09-07T07:56:51.079660+00:00"
      }
    },
    {
      "type": "Feature",
      "geometry": {
        "type": "Point",
        "coordinates": [
          79.16,
          20.92
        ]
      },
      "properties": {
        "probability": 0.0157,
        "confidence": "low",
        "iron_oxide_index": 0.3302,
        "ferrous_mineral_index": 0.2008,
        "swir_b11_reflectance": 0.1749,
        "swir_b12_reflectance": 0.2385,
        "ndvi": 0.4887,
        "elevation_m": 282.6,
        "slope_deg": 3.2,
        "dist_to_fault_km": 21.44,
        "temp_c": 27.5,
        "rainfall_mm": 8.9,
        "timestamp": "2026-09-07T07:56:51.079660+00:00"
      }
    },
    {
      "type": "Feature",
      "geometry": {
        "type": "Point",
        "coordinates": [
          79.22,
          20.92
        ]
      },
      "properties": {
        "probability": 0.029,
        "confidence": "low",
        "iron_oxide_index": 0.2696,
        "ferrous_mineral_index": 0.2086,
        "swir_b11_reflectance": 0.1833,
        "swir_b12_reflectance": 0.2169,
        "ndvi": 0.4446,
        "elevation_m": 282.6,
        "slope_deg": 3.0,
        "dist_to_fault_km": 15.42,
        "temp_c": 27.5,
        "rainfall_mm": 8.9,
        "timestamp": "2026-09-07T07:56:51.079660+00:00"
      }
    },
    {
      "type": "Feature",
      "geometry": {
        "type": "Point",
        "coordinates": [
          79.28,
          20.92
        ]
      },
      "properties": {
        "probability": 0.0296,
        "confidence": "low",
        "iron_oxide_index": 0.4451,
        "ferrous_mineral_index": 0.3485,
        "swir_b11_reflectance": 0.2685,
        "swir_b12_reflectance": 0.3047,
        "ndvi": 0.409,
        "elevation_m": 282.6,
        "slope_deg": 5.3,
        "dist_to_fault_km": 10.23,
        "temp_c": 27.5,
        "rainfall_mm": 8.9,
        "timestamp": "2026-09-07T07:56:51.079660+00:00"
      }
    },
    {
      "type": "Feature",
      "geometry": {
        "type": "Point",
        "coordinates": [
          79.34,
          20.92
        ]
      },
      "properties": {
        "probability": 0.2283,
        "confidence": "low",
        "iron_oxide_index": 0.4971,
        "ferrous_mineral_index": 0.4055,
        "swir_b11_reflectance": 0.3209,
        "swir_b12_reflectance": 0.3897,
        "ndvi": 0.3862,
        "elevation_m": 282.6,
        "slope_deg": 7.0,
        "dist_to_fault_km": 7.77,
        "temp_c": 27.5,
        "rainfall_mm": 8.9,
        "timestamp": "2026-09-07T07:56:51.079660+00:00"
      }
    },
    {
      "type": "Feature",
      "geometry": {
        "type": "Point",
        "coordinates": [
          79.4,
          20.92
        ]
      },
      "properties": {
        "probability": 0.0246,
        "confidence": "low",
        "iron_oxide_index": 0.3824,
        "ferrous_mineral_index": 0.322,
        "swir_b11_reflectance": 0.244,
        "swir_b12_reflectance": 0.3178,
        "ndvi": 0.4532,
        "elevation_m": 282.6,
        "slope_deg": 5.3,
        "dist_to_fault_km": 10.23,
        "temp_c": 27.5,
        "rainfall_mm": 8.9,
        "timestamp": "2026-09-07T07:56:51.079660+00:00"
      }
    },
    {
      "type": "Feature",
      "geometry": {
        "type": "Point",
        "coordinates": [
          79.46,
          20.92
        ]
      },
      "properties": {
        "probability": 0.0246,
        "confidence": "low",
        "iron_oxide_index": 0.307,
        "ferrous_mineral_index": 0.2449,
        "swir_b11_reflectance": 0.1742,
        "swir_b12_reflectance": 0.1997,
        "ndvi": 0.477,
        "elevation_m": 282.6,
        "slope_deg": 1.9,
        "dist_to_fault_km": 15.42,
        "temp_c": 27.5,
        "rainfall_mm": 8.9,
        "timestamp": "2026-09-07T07:56:51.079660+00:00"
      }
    },
    {
      "type": "Feature",
      "geometry": {
        "type": "Point",
        "coordinates": [
          79.52,
          20.92
        ]
      },
      "properties": {
        "probability": 0.0483,
        "confidence": "low",
        "iron_oxide_index": 0.2646,
        "ferrous_mineral_index": 0.2437,
        "swir_b11_reflectance": 0.1857,
        "swir_b12_reflectance": 0.2312,
        "ndvi": 0.5133,
        "elevation_m": 282.6,
        "slope_deg": 3.5,
        "dist_to_fault_km": 21.44,
        "temp_c": 27.5,
        "rainfall_mm": 8.9,
        "timestamp": "2026-09-07T07:56:51.079660+00:00"
      }
    },
    {
      "type": "Feature",
      "geometry": {
        "type": "Point",
        "coordinates": [
          79.58,
          20.92
        ]
      },
      "properties": {
        "probability": 0.0128,
        "confidence": "low",
        "iron_oxide_index": 0.2898,
        "ferrous_mineral_index": 0.2137,
        "swir_b11_reflectance": 0.1518,
        "swir_b12_reflectance": 0.2025,
        "ndvi": 0.415,
        "elevation_m": 282.6,
        "slope_deg": 2.7,
        "dist_to_fault_km": 27.75,
        "temp_c": 27.5,
        "rainfall_mm": 8.9,
        "timestamp": "2026-09-07T07:56:51.079660+00:00"
      }
    },
    {
      "type": "Feature",
      "geometry": {
        "type": "Point",
        "coordinates": [
          79.64,
          20.92
        ]
      },
      "properties": {
        "probability": 0.0039,
        "confidence": "low",
        "iron_oxide_index": 0.3736,
        "ferrous_mineral_index": 0.2364,
        "swir_b11_reflectance": 0.1649,
        "swir_b12_reflectance": 0.2183,
        "ndvi": 0.4742,
        "elevation_m": 282.6,
        "slope_deg": 2.7,
        "dist_to_fault_km": 34.19,
        "temp_c": 27.5,
        "rainfall_mm": 8.9,
        "timestamp": "2026-09-07T07:56:51.079660+00:00"
      }
    },
    {
      "type": "Feature",
      "geometry": {
        "type": "Point",
        "coordinates": [
          79.7,
          20.92
        ]
      },
      "properties": {
        "probability": 0.0125,
        "confidence": "low",
        "iron_oxide_index": 0.2534,
        "ferrous_mineral_index": 0.2254,
        "swir_b11_reflectance": 0.1673,
        "swir_b12_reflectance": 0.235,
        "ndvi": 0.4853,
        "elevation_m": 291.9,
        "slope_deg": 3.2,
        "dist_to_fault_km": 40.71,
        "temp_c": 27.2,
        "rainfall_mm": 9.8,
        "timestamp": "2026-09-07T07:56:51.079660+00:00"
      }
    },
    {
      "type": "Feature",
      "geometry": {
        "type": "Point",
        "coordinates": [
          79.76,
          20.92
        ]
      },
      "properties": {
        "probability": 0.0383,
        "confidence": "low",
        "iron_oxide_index": 0.3085,
        "ferrous_mineral_index": 0.2373,
        "swir_b11_reflectance": 0.1901,
        "swir_b12_reflectance": 0.2075,
        "ndvi": 0.4587,
        "elevation_m": 291.9,
        "slope_deg": 3.1,
        "dist_to_fault_km": 43.62,
        "temp_c": 27.2,
        "rainfall_mm": 9.8,
        "timestamp": "2026-09-07T07:56:51.079660+00:00"
      }
    },
    {
      "type": "Feature",
      "geometry": {
        "type": "Point",
        "coordinates": [
          79.82,
          20.92
        ]
      },
      "properties": {
        "probability": 0.01,
        "confidence": "low",
        "iron_oxide_index": 0.3004,
        "ferrous_mineral_index": 0.2293,
        "swir_b11_reflectance": 0.1789,
        "swir_b12_reflectance": 0.2101,
        "ndvi": 0.421,
        "elevation_m": 291.9,
        "slope_deg": 2.6,
        "dist_to_fault_km": 45.77,
        "temp_c": 27.2,
        "rainfall_mm": 9.8,
        "timestamp": "2026-09-07T07:56:51.079660+00:00"
      }
    },
    {
      "type": "Feature",
      "geometry": {
        "type": "Point",
        "coordinates": [
          79.88,
          20.92
        ]
      },
      "properties": {
        "probability": 0.0157,
        "confidence": "low",
        "iron_oxide_index": 0.306,
        "ferrous_mineral_index": 0.197,
        "swir_b11_reflectance": 0.1844,
        "swir_b12_reflectance": 0.2342,
        "ndvi": 0.4268,
        "elevation_m": 291.9,
        "slope_deg": 2.9,
        "dist_to_fault_km": 48.74,
        "temp_c": 27.2,
        "rainfall_mm": 9.8,
        "timestamp": "2026-09-07T07:56:51.079660+00:00"
      }
    },
    {
      "type": "Feature",
      "geometry": {
        "type": "Point",
        "coordinates": [
          79.94,
          20.92
        ]
      },
      "properties": {
        "probability": 0.02,
        "confidence": "low",
        "iron_oxide_index": 0.3184,
        "ferrous_mineral_index": 0.204,
        "swir_b11_reflectance": 0.1702,
        "swir_b12_reflectance": 0.2065,
        "ndvi": 0.4307,
        "elevation_m": 291.9,
        "slope_deg": 2.2,
        "dist_to_fault_km": 52.39,
        "temp_c": 27.2,
        "rainfall_mm": 9.8,
        "timestamp": "2026-09-07T07:56:51.079660+00:00"
      }
    },
    {
      "type": "Feature",
      "geometry": {
        "type": "Point",
        "coordinates": [
          80.0,
          20.92
        ]
      },
      "properties": {
        "probability": 0.001,
        "confidence": "low",
        "iron_oxide_index": 0.3124,
        "ferrous_mineral_index": 0.2124,
        "swir_b11_reflectance": 0.1772,
        "swir_b12_reflectance": 0.2141,
        "ndvi": 0.4817,
        "elevation_m": 291.9,
        "slope_deg": 2.4,
        "dist_to_fault_km": 56.6,
        "temp_c": 27.2,
        "rainfall_mm": 9.8,
        "timestamp": "2026-09-07T07:56:51.079660+00:00"
      }
    },
    {
      "type": "Feature",
      "geometry": {
        "type": "Point",
        "coordinates": [
          80.06,
          20.92
        ]
      },
      "properties": {
        "probability": 0.005,
        "confidence": "low",
        "iron_oxide_index": 0.29,
        "ferrous_mineral_index": 0.2089,
        "swir_b11_reflectance": 0.1638,
        "swir_b12_reflectance": 0.2234,
        "ndvi": 0.4538,
        "elevation_m": 291.9,
        "slope_deg": 2.8,
        "dist_to_fault_km": 61.24,
        "temp_c": 27.2,
        "rainfall_mm": 9.8,
        "timestamp": "2026-09-07T07:56:51.079660+00:00"
      }
    },
    {
      "type": "Feature",
      "geometry": {
        "type": "Point",
        "coordinates": [
          80.12,
          20.92
        ]
      },
      "properties": {
        "probability": 0.0164,
        "confidence": "low",
        "iron_oxide_index": 0.2783,
        "ferrous_mineral_index": 0.2338,
        "swir_b11_reflectance": 0.1667,
        "swir_b12_reflectance": 0.2203,
        "ndvi": 0.4745,
        "elevation_m": 291.9,
        "slope_deg": 2.9,
        "dist_to_fault_km": 66.23,
        "temp_c": 27.2,
        "rainfall_mm": 9.8,
        "timestamp": "2026-09-07T07:56:51.079660+00:00"
      }
    },
    {
      "type": "Feature",
      "geometry": {
        "type": "Point",
        "coordinates": [
          80.18,
          20.92
        ]
      },
      "properties": {
        "probability": 0.01,
        "confidence": "low",
        "iron_oxide_index": 0.3047,
        "ferrous_mineral_index": 0.1963,
        "swir_b11_reflectance": 0.1748,
        "swir_b12_reflectance": 0.2122,
        "ndvi": 0.4235,
        "elevation_m": 291.9,
        "slope_deg": 2.2,
        "dist_to_fault_km": 71.49,
        "temp_c": 27.2,
        "rainfall_mm": 9.8,
        "timestamp": "2026-09-07T07:56:51.079660+00:00"
      }
    },
    {
      "type": "Feature",
      "geometry": {
        "type": "Point",
        "coordinates": [
          80.24,
          20.92
        ]
      },
      "properties": {
        "probability": 0.005,
        "confidence": "low",
        "iron_oxide_index": 0.2619,
        "ferrous_mineral_index": 0.2545,
        "swir_b11_reflectance": 0.1877,
        "swir_b12_reflectance": 0.2062,
        "ndvi": 0.4902,
        "elevation_m": 291.9,
        "slope_deg": 2.1,
        "dist_to_fault_km": 76.97,
        "temp_c": 27.2,
        "rainfall_mm": 9.8,
        "timestamp": "2026-09-07T07:56:51.079660+00:00"
      }
    },
    {
      "type": "Feature",
      "geometry": {
        "type": "Point",
        "coordinates": [
          80.3,
          20.92
        ]
      },
      "properties": {
        "probability": 0.0225,
        "confidence": "low",
        "iron_oxide_index": 0.2648,
        "ferrous_mineral_index": 0.2281,
        "swir_b11_reflectance": 0.1617,
        "swir_b12_reflectance": 0.1827,
        "ndvi": 0.4715,
        "elevation_m": 291.9,
        "slope_deg": 1.8,
        "dist_to_fault_km": 82.62,
        "temp_c": 27.2,
        "rainfall_mm": 9.8,
        "timestamp": "2026-09-07T07:56:51.079660+00:00"
      }
    },
    {
      "type": "Feature",
      "geometry": {
        "type": "Point",
        "coordinates": [
          80.36,
          20.92
        ]
      },
      "properties": {
        "probability": 0.02,
        "confidence": "low",
        "iron_oxide_index": 0.3149,
        "ferrous_mineral_index": 0.2588,
        "swir_b11_reflectance": 0.1657,
        "swir_b12_reflectance": 0.2053,
        "ndvi": 0.4041,
        "elevation_m": 349.6,
        "slope_deg": 2.5,
        "dist_to_fault_km": 88.41,
        "temp_c": 26.5,
        "rainfall_mm": 9.7,
        "timestamp": "2026-09-07T07:56:51.079660+00:00"
      }
    },
    {
      "type": "Feature",
      "geometry": {
        "type": "Point",
        "coordinates": [
          80.42,
          20.92
        ]
      },
      "properties": {
        "probability": 0.0038,
        "confidence": "low",
        "iron_oxide_index": 0.3178,
        "ferrous_mineral_index": 0.2128,
        "swir_b11_reflectance": 0.1704,
        "swir_b12_reflectance": 0.216,
        "ndvi": 0.4333,
        "elevation_m": 349.6,
        "slope_deg": 3.9,
        "dist_to_fault_km": 94.32,
        "temp_c": 26.5,
        "rainfall_mm": 9.7,
        "timestamp": "2026-09-07T07:56:51.079660+00:00"
      }
    },
    {
      "type": "Feature",
      "geometry": {
        "type": "Point",
        "coordinates": [
          80.48,
          20.92
        ]
      },
      "properties": {
        "probability": 0.0494,
        "confidence": "low",
        "iron_oxide_index": 0.3059,
        "ferrous_mineral_index": 0.1983,
        "swir_b11_reflectance": 0.1651,
        "swir_b12_reflectance": 0.222,
        "ndvi": 0.4025,
        "elevation_m": 349.6,
        "slope_deg": 3.4,
        "dist_to_fault_km": 100.32,
        "temp_c": 26.5,
        "rainfall_mm": 9.7,
        "timestamp": "2026-09-07T07:56:51.079660+00:00"
      }
    },
    {
      "type": "Feature",
      "geometry": {
        "type": "Point",
        "coordinates": [
          80.54,
          20.92
        ]
      },
      "properties": {
        "probability": 0.0721,
        "confidence": "low",
        "iron_oxide_index": 0.3157,
        "ferrous_mineral_index": 0.1934,
        "swir_b11_reflectance": 0.1901,
        "swir_b12_reflectance": 0.2077,
        "ndvi": 0.4465,
        "elevation_m": 349.6,
        "slope_deg": 4.2,
        "dist_to_fault_km": 106.4,
        "temp_c": 26.5,
        "rainfall_mm": 9.7,
        "timestamp": "2026-09-07T07:56:51.079660+00:00"
      }
    },
    {
      "type": "Feature",
      "geometry": {
        "type": "Point",
        "coordinates": [
          80.6,
          20.92
        ]
      },
      "properties": {
        "probability": 0.0117,
        "confidence": "low",
        "iron_oxide_index": 0.291,
        "ferrous_mineral_index": 0.222,
        "swir_b11_reflectance": 0.1702,
        "swir_b12_reflectance": 0.2357,
        "ndvi": 0.4432,
        "elevation_m": 349.6,
        "slope_deg": 2.8,
        "dist_to_fault_km": 110.79,
        "temp_c": 26.5,
        "rainfall_mm": 9.7,
        "timestamp": "2026-09-07T07:56:51.079660+00:00"
      }
    },
    {
      "type": "Feature",
      "geometry": {
        "type": "Point",
        "coordinates": [
          80.66,
          20.92
        ]
      },
      "properties": {
        "probability": 0.0044,
        "confidence": "low",
        "iron_oxide_index": 0.3248,
        "ferrous_mineral_index": 0.2329,
        "swir_b11_reflectance": 0.1748,
        "swir_b12_reflectance": 0.2392,
        "ndvi": 0.4566,
        "elevation_m": 349.6,
        "slope_deg": 3.9,
        "dist_to_fault_km": 113.18,
        "temp_c": 26.5,
        "rainfall_mm": 9.7,
        "timestamp": "2026-09-07T07:56:51.079660+00:00"
      }
    },
    {
      "type": "Feature",
      "geometry": {
        "type": "Point",
        "coordinates": [
          80.72,
          20.92
        ]
      },
      "properties": {
        "probability": 0.0059,
        "confidence": "low",
        "iron_oxide_index": 0.3315,
        "ferrous_mineral_index": 0.2232,
        "swir_b11_reflectance": 0.1615,
        "swir_b12_reflectance": 0.2192,
        "ndvi": 0.4556,
        "elevation_m": 349.6,
        "slope_deg": 3.6,
        "dist_to_fault_km": 114.29,
        "temp_c": 26.5,
        "rainfall_mm": 9.7,
        "timestamp": "2026-09-07T07:56:51.079660+00:00"
      }
    },
    {
      "type": "Feature",
      "geometry": {
        "type": "Point",
        "coordinates": [
          80.78,
          20.92
        ]
      },
      "properties": {
        "probability": 0.0244,
        "confidence": "low",
        "iron_oxide_index": 0.3198,
        "ferrous_mineral_index": 0.214,
        "swir_b11_reflectance": 0.1846,
        "swir_b12_reflectance": 0.2355,
        "ndvi": 0.4811,
        "elevation_m": 349.6,
        "slope_deg": 3.5,
        "dist_to_fault_km": 115.77,
        "temp_c": 26.5,
        "rainfall_mm": 9.7,
        "timestamp": "2026-09-07T07:56:51.079660+00:00"
      }
    },
    {
      "type": "Feature",
      "geometry": {
        "type": "Point",
        "coordinates": [
          78.5,
          20.98
        ]
      },
      "properties": {
        "probability": 0.0308,
        "confidence": "low",
        "iron_oxide_index": 0.2675,
        "ferrous_mineral_index": 0.2313,
        "swir_b11_reflectance": 0.1887,
        "swir_b12_reflectance": 0.2095,
        "ndvi": 0.4286,
        "elevation_m": 337.0,
        "slope_deg": 2.5,
        "dist_to_fault_km": 70.5,
        "temp_c": 27.4,
        "rainfall_mm": 7.6,
        "timestamp": "2026-09-07T07:56:51.079660+00:00"
      }
    },
    {
      "type": "Feature",
      "geometry": {
        "type": "Point",
        "coordinates": [
          78.56,
          20.98
        ]
      },
      "properties": {
        "probability": 0.0435,
        "confidence": "low",
        "iron_oxide_index": 0.3095,
        "ferrous_mineral_index": 0.1833,
        "swir_b11_reflectance": 0.1526,
        "swir_b12_reflectance": 0.2348,
        "ndvi": 0.4033,
        "elevation_m": 337.0,
        "slope_deg": 2.9,
        "dist_to_fault_km": 65.05,
        "temp_c": 27.4,
        "rainfall_mm": 7.6,
        "timestamp": "2026-09-07T07:56:51.079660+00:00"
      }
    },
    {
      "type": "Feature",
      "geometry": {
        "type": "Point",
        "coordinates": [
          78.62,
          20.98
        ]
      },
      "properties": {
        "probability": 0.0133,
        "confidence": "low",
        "iron_oxide_index": 0.2995,
        "ferrous_mineral_index": 0.213,
        "swir_b11_reflectance": 0.1596,
        "swir_b12_reflectance": 0.2253,
        "ndvi": 0.4464,
        "elevation_m": 337.0,
        "slope_deg": 2.8,
        "dist_to_fault_km": 59.84,
        "temp_c": 27.4,
        "rainfall_mm": 7.6,
        "timestamp": "2026-09-07T07:56:51.079660+00:00"
      }
    },
    {
      "type": "Feature",
      "geometry": {
        "type": "Point",
        "coordinates": [
          78.68,
          20.98
        ]
      },
      "properties": {
        "probability": 0.0813,
        "confidence": "low",
        "iron_oxide_index": 0.3206,
        "ferrous_mineral_index": 0.2346,
        "swir_b11_reflectance": 0.1812,
        "swir_b12_reflectance": 0.1933,
        "ndvi": 0.3619,
        "elevation_m": 337.0,
        "slope_deg": 3.6,
        "dist_to_fault_km": 54.94,
        "temp_c": 27.4,
        "rainfall_mm": 7.6,
        "timestamp": "2026-09-07T07:56:51.079660+00:00"
      }
    },
    {
      "type": "Feature",
      "geometry": {
        "type": "Point",
        "coordinates": [
          78.74,
          20.98
        ]
      },
      "properties": {
        "probability": 0.0033,
        "confidence": "low",
        "iron_oxide_index": 0.2905,
        "ferrous_mineral_index": 0.2365,
        "swir_b11_reflectance": 0.171,
        "swir_b12_reflectance": 0.222,
        "ndvi": 0.4297,
        "elevation_m": 337.0,
        "slope_deg": 2.9,
        "dist_to_fault_km": 50.45,
        "temp_c": 27.4,
        "rainfall_mm": 7.6,
        "timestamp": "2026-09-07T07:56:51.079660+00:00"
      }
    },
    {
      "type": "Feature",
      "geometry": {
        "type": "Point",
        "coordinates": [
          78.8,
          20.98
        ]
      },
      "properties": {
        "probability": 0.0132,
        "confidence": "low",
        "iron_oxide_index": 0.3012,
        "ferrous_mineral_index": 0.233,
        "swir_b11_reflectance": 0.1753,
        "swir_b12_reflectance": 0.2448,
        "ndvi": 0.4166,
        "elevation_m": 337.0,
        "slope_deg": 2.6,
        "dist_to_fault_km": 46.49,
        "temp_c": 27.4,
        "rainfall_mm": 7.6,
        "timestamp": "2026-09-07T07:56:51.079660+00:00"
      }
    },
    {
      "type": "Feature",
      "geometry": {
        "type": "Point",
        "coordinates": [
          78.86,
          20.98
        ]
      },
      "properties": {
        "probability": 0.0033,
        "confidence": "low",
        "iron_oxide_index": 0.2918,
        "ferrous_mineral_index": 0.248,
        "swir_b11_reflectance": 0.1812,
        "swir_b12_reflectance": 0.2362,
        "ndvi": 0.4588,
        "elevation_m": 337.0,
        "slope_deg": 3.0,
        "dist_to_fault_km": 40.75,
        "temp_c": 27.4,
        "rainfall_mm": 7.6,
        "timestamp": "2026-09-07T07:56:51.079660+00:00"
      }
    },
    {
      "type": "Feature",
      "geometry": {
        "type": "Point",
        "coordinates": [
          78.92,
          20.98
        ]
      },
      "properties": {
        "probability": 0.0626,
        "confidence": "low",
        "iron_oxide_index": 0.3067,
        "ferrous_mineral_index": 0.2529,
        "swir_b11_reflectance": 0.1969,
        "swir_b12_reflectance": 0.207,
        "ndvi": 0.4323,
        "elevation_m": 337.0,
        "slope_deg": 2.9,
        "dist_to_fault_km": 35.1,
        "temp_c": 27.4,
        "rainfall_mm": 7.6,
        "timestamp": "2026-09-07T07:56:51.079660+00:00"
      }
    },
    {
      "type": "Feature",
      "geometry": {
        "type": "Point",
        "coordinates": [
          78.98,
          20.98
        ]
      },
      "properties": {
        "probability": 0.0284,
        "confidence": "low",
        "iron_oxide_index": 0.3217,
        "ferrous_mineral_index": 0.1937,
        "swir_b11_reflectance": 0.1766,
        "swir_b12_reflectance": 0.2152,
        "ndvi": 0.4374,
        "elevation_m": 337.0,
        "slope_deg": 2.6,
        "dist_to_fault_km": 29.87,
        "temp_c": 27.4,
        "rainfall_mm": 7.6,
        "timestamp": "2026-09-07T07:56:51.079660+00:00"
      }
    },
    {
      "type": "Feature",
      "geometry": {
        "type": "Point",
        "coordinates": [
          79.04,
          20.98
        ]
      },
      "properties": {
        "probability": 0.06,
        "confidence": "low",
        "iron_oxide_index": 0.2798,
        "ferrous_mineral_index": 0.2138,
        "swir_b11_reflectance": 0.1924,
        "swir_b12_reflectance": 0.2502,
        "ndvi": 0.4514,
        "elevation_m": 337.0,
        "slope_deg": 3.3,
        "dist_to_fault_km": 25.31,
        "temp_c": 27.4,
        "rainfall_mm": 7.6,
        "timestamp": "2026-09-07T07:56:51.079660+00:00"
      }
    },
    {
      "type": "Feature",
      "geometry": {
        "type": "Point",
        "coordinates": [
          79.1,
          20.98
        ]
      },
      "properties": {
        "probability": 0.0275,
        "confidence": "low",
        "iron_oxide_index": 0.3015,
        "ferrous_mineral_index": 0.2129,
        "swir_b11_reflectance": 0.1838,
        "swir_b12_reflectance": 0.2347,
        "ndvi": 0.3966,
        "elevation_m": 282.6,
        "slope_deg": 2.5,
        "dist_to_fault_km": 21.86,
        "temp_c": 27.5,
        "rainfall_mm": 8.9,
        "timestamp": "2026-09-07T07:56:51.079660+00:00"
      }
    },
    {
      "type": "Feature",
      "geometry": {
        "type": "Point",
        "coordinates": [
          79.16,
          20.98
        ]
      },
      "properties": {
        "probability": 0.0439,
        "confidence": "low",
        "iron_oxide_index": 0.309,
        "ferrous_mineral_index": 0.2408,
        "swir_b11_reflectance": 0.1615,
        "swir_b12_reflectance": 0.2177,
        "ndvi": 0.3744,
        "elevation_m": 282.6,
        "slope_deg": 2.8,
        "dist_to_fault_km": 20.01,
        "temp_c": 27.5,
        "rainfall_mm": 8.9,
        "timestamp": "2026-09-07T07:56:51.079660+00:00"
      }
    },
    {
      "type": "Feature",
      "geometry": {
        "type": "Point",
        "coordinates": [
          79.22,
          20.98
        ]
      },
      "properties": {
        "probability": 0.0011,
        "confidence": "low",
        "iron_oxide_index": 0.3514,
        "ferrous_mineral_index": 0.2879,
        "swir_b11_reflectance": 0.1907,
        "swir_b12_reflectance": 0.2565,
        "ndvi": 0.4092,
        "elevation_m": 282.6,
        "slope_deg": 3.2,
        "dist_to_fault_km": 13.37,
        "temp_c": 27.5,
        "rainfall_mm": 8.9,
        "timestamp": "2026-09-07T07:56:51.079660+00:00"
      }
    },
    {
      "type": "Feature",
      "geometry": {
        "type": "Point",
        "coordinates": [
          79.28,
          20.98
        ]
      },
      "properties": {
        "probability": 0.98,
        "confidence": "high",
        "iron_oxide_index": 0.5774,
        "ferrous_mineral_index": 0.437,
        "swir_b11_reflectance": 0.3411,
        "swir_b12_reflectance": 0.4309,
        "ndvi": 0.3568,
        "elevation_m": 282.6,
        "slope_deg": 7.3,
        "dist_to_fault_km": 6.75,
        "temp_c": 27.5,
        "rainfall_mm": 8.9,
        "timestamp": "2026-09-07T07:56:51.079660+00:00"
      }
    },
    {
      "type": "Feature",
      "geometry": {
        "type": "Point",
        "coordinates": [
          79.34,
          20.98
        ]
      },
      "properties": {
        "probability": 1.0,
        "confidence": "high",
        "iron_oxide_index": 0.6974,
        "ferrous_mineral_index": 0.5816,
        "swir_b11_reflectance": 0.4606,
        "swir_b12_reflectance": 0.5035,
        "ndvi": 0.2862,
        "elevation_m": 282.6,
        "slope_deg": 10.6,
        "dist_to_fault_km": 1.11,
        "temp_c": 27.5,
        "rainfall_mm": 8.9,
        "timestamp": "2026-09-07T07:56:51.079660+00:00"
      }
    },
    {
      "type": "Feature",
      "geometry": {
        "type": "Point",
        "coordinates": [
          79.4,
          20.98
        ]
      },
      "properties": {
        "probability": 0.8133,
        "confidence": "high",
        "iron_oxide_index": 0.5612,
        "ferrous_mineral_index": 0.4352,
        "swir_b11_reflectance": 0.348,
        "swir_b12_reflectance": 0.3923,
        "ndvi": 0.3852,
        "elevation_m": 282.6,
        "slope_deg": 6.6,
        "dist_to_fault_km": 6.75,
        "temp_c": 27.5,
        "rainfall_mm": 8.9,
        "timestamp": "2026-09-07T07:56:51.079660+00:00"
      }
    },
    {
      "type": "Feature",
      "geometry": {
        "type": "Point",
        "coordinates": [
          79.46,
          20.98
        ]
      },
      "properties": {
        "probability": 0.0067,
        "confidence": "low",
        "iron_oxide_index": 0.3027,
        "ferrous_mineral_index": 0.2869,
        "swir_b11_reflectance": 0.2037,
        "swir_b12_reflectance": 0.2626,
        "ndvi": 0.4646,
        "elevation_m": 282.6,
        "slope_deg": 4.0,
        "dist_to_fault_km": 13.37,
        "temp_c": 27.5,
        "rainfall_mm": 8.9,
        "timestamp": "2026-09-07T07:56:51.079660+00:00"
      }
    },
    {
      "type": "Feature",
      "geometry": {
        "type": "Point",
        "coordinates": [
          79.52,
          20.98
        ]
      },
      "properties": {
        "probability": 0.0132,
        "confidence": "low",
        "iron_oxide_index": 0.2958,
        "ferrous_mineral_index": 0.2535,
        "swir_b11_reflectance": 0.1529,
        "swir_b12_reflectance": 0.1978,
        "ndvi": 0.4331,
        "elevation_m": 282.6,
        "slope_deg": 2.4,
        "dist_to_fault_km": 20.01,
        "temp_c": 27.5,
        "rainfall_mm": 8.9,
        "timestamp": "2026-09-07T07:56:51.079660+00:00"
      }
    },
    {
      "type": "Feature",
      "geometry": {
        "type": "Point",
        "coordinates": [
          79.58,
          20.98
        ]
      },
      "properties": {
        "probability": 0.0242,
        "confidence": "low",
        "iron_oxide_index": 0.2572,
        "ferrous_mineral_index": 0.2049,
        "swir_b11_reflectance": 0.142,
        "swir_b12_reflectance": 0.2418,
        "ndvi": 0.4691,
        "elevation_m": 282.6,
        "slope_deg": 2.6,
        "dist_to_fault_km": 26.66,
        "temp_c": 27.5,
        "rainfall_mm": 8.9,
        "timestamp": "2026-09-07T07:56:51.079660+00:00"
      }
    },
    {
      "type": "Feature",
      "geometry": {
        "type": "Point",
        "coordinates": [
          79.64,
          20.98
        ]
      },
      "properties": {
        "probability": 0.0102,
        "confidence": "low",
        "iron_oxide_index": 0.3221,
        "ferrous_mineral_index": 0.2162,
        "swir_b11_reflectance": 0.1671,
        "swir_b12_reflectance": 0.2307,
        "ndvi": 0.4261,
        "elevation_m": 282.6,
        "slope_deg": 2.3,
        "dist_to_fault_km": 33.32,
        "temp_c": 27.5,
        "rainfall_mm": 8.9,
        "timestamp": "2026-09-07T07:56:51.079660+00:00"
      }
    },
    {
      "type": "Feature",
      "geometry": {
        "type": "Point",
        "coordinates": [
          79.7,
          20.98
        ]
      },
      "properties": {
        "probability": 0.0364,
        "confidence": "low",
        "iron_oxide_index": 0.305,
        "ferrous_mineral_index": 0.1995,
        "swir_b11_reflectance": 0.1657,
        "swir_b12_reflectance": 0.2069,
        "ndvi": 0.4495,
        "elevation_m": 291.9,
        "slope_deg": 3.5,
        "dist_to_fault_km": 35.8,
        "temp_c": 27.2,
        "rainfall_mm": 9.8,
        "timestamp": "2026-09-07T07:56:51.079660+00:00"
      }
    },
    {
      "type": "Feature",
      "geometry": {
        "type": "Point",
        "coordinates": [
          79.76,
          20.98
        ]
      },
      "properties": {
        "probability": 0.0075,
        "confidence": "low",
        "iron_oxide_index": 0.2952,
        "ferrous_mineral_index": 0.1945,
        "swir_b11_reflectance": 0.1482,
        "swir_b12_reflectance": 0.2263,
        "ndvi": 0.4388,
        "elevation_m": 291.9,
        "slope_deg": 2.7,
        "dist_to_fault_km": 37.21,
        "temp_c": 27.2,
        "rainfall_mm": 9.8,
        "timestamp": "2026-09-07T07:56:51.079660+00:00"
      }
    },
    {
      "type": "Feature",
      "geometry": {
        "type": "Point",
        "coordinates": [
          79.82,
          20.98
        ]
      },
      "properties": {
        "probability": 0.0075,
        "confidence": "low",
        "iron_oxide_index": 0.3107,
        "ferrous_mineral_index": 0.2028,
        "swir_b11_reflectance": 0.1547,
        "swir_b12_reflectance": 0.2136,
        "ndvi": 0.4992,
        "elevation_m": 291.9,
        "slope_deg": 1.6,
        "dist_to_fault_km": 39.71,
        "temp_c": 27.2,
        "rainfall_mm": 9.8,
        "timestamp": "2026-09-07T07:56:51.079660+00:00"
      }
    },
    {
      "type": "Feature",
      "geometry": {
        "type": "Point",
        "coordinates": [
          79.88,
          20.98
        ]
      },
      "properties": {
        "probability": 0.015,
        "confidence": "low",
        "iron_oxide_index": 0.3222,
        "ferrous_mineral_index": 0.1912,
        "swir_b11_reflectance": 0.1549,
        "swir_b12_reflectance": 0.228,
        "ndvi": 0.4187,
        "elevation_m": 291.9,
        "slope_deg": 2.8,
        "dist_to_fault_km": 43.1,
        "temp_c": 27.2,
        "rainfall_mm": 9.8,
        "timestamp": "2026-09-07T07:56:51.079660+00:00"
      }
    },
    {
      "type": "Feature",
      "geometry": {
        "type": "Point",
        "coordinates": [
          79.94,
          20.98
        ]
      },
      "properties": {
        "probability": 0.0007,
        "confidence": "low",
        "iron_oxide_index": 0.3259,
        "ferrous_mineral_index": 0.2398,
        "swir_b11_reflectance": 0.1778,
        "swir_b12_reflectance": 0.2238,
        "ndvi": 0.4021,
        "elevation_m": 291.9,
        "slope_deg": 3.4,
        "dist_to_fault_km": 47.2,
        "temp_c": 27.2,
        "rainfall_mm": 9.8,
        "timestamp": "2026-09-07T07:56:51.079660+00:00"
      }
    },
    {
      "type": "Feature",
      "geometry": {
        "type": "Point",
        "coordinates": [
          80.0,
          20.98
        ]
      },
      "properties": {
        "probability": 0.0353,
        "confidence": "low",
        "iron_oxide_index": 0.3104,
        "ferrous_mineral_index": 0.2111,
        "swir_b11_reflectance": 0.1875,
        "swir_b12_reflectance": 0.2227,
        "ndvi": 0.4664,
        "elevation_m": 291.9,
        "slope_deg": 3.7,
        "dist_to_fault_km": 51.83,
        "temp_c": 27.2,
        "rainfall_mm": 9.8,
        "timestamp": "2026-09-07T07:56:51.079660+00:00"
      }
    },
    {
      "type": "Feature",
      "geometry": {
        "type": "Point",
        "coordinates": [
          80.06,
          20.98
        ]
      },
      "properties": {
        "probability": 0.0,
        "confidence": "low",
        "iron_oxide_index": 0.281,
        "ferrous_mineral_index": 0.241,
        "swir_b11_reflectance": 0.1859,
        "swir_b12_reflectance": 0.2217,
        "ndvi": 0.4405,
        "elevation_m": 291.9,
        "slope_deg": 2.1,
        "dist_to_fault_km": 56.86,
        "temp_c": 27.2,
        "rainfall_mm": 9.8,
        "timestamp": "2026-09-07T07:56:51.079660+00:00"
      }
    },
    {
      "type": "Feature",
      "geometry": {
        "type": "Point",
        "coordinates": [
          80.12,
          20.98
        ]
      },
      "properties": {
        "probability": 0.015,
        "confidence": "low",
        "iron_oxide_index": 0.3124,
        "ferrous_mineral_index": 0.1901,
        "swir_b11_reflectance": 0.1497,
        "swir_b12_reflectance": 0.2331,
        "ndvi": 0.439,
        "elevation_m": 291.9,
        "slope_deg": 1.9,
        "dist_to_fault_km": 62.2,
        "temp_c": 27.2,
        "rainfall_mm": 9.8,
        "timestamp": "2026-09-07T07:56:51.079660+00:00"
      }
    },
    {
      "type": "Feature",
      "geometry": {
        "type": "Point",
        "coordinates": [
          80.18,
          20.98
        ]
      },
      "properties": {
        "probability": 0.0246,
        "confidence": "low",
        "iron_oxide_index": 0.3265,
        "ferrous_mineral_index": 0.2384,
        "swir_b11_reflectance": 0.1701,
        "swir_b12_reflectance": 0.2249,
        "ndvi": 0.4438,
        "elevation_m": 291.9,
        "slope_deg": 3.7,
        "dist_to_fault_km": 67.77,
        "temp_c": 27.2,
        "rainfall_mm": 9.8,
        "timestamp": "2026-09-07T07:56:51.079660+00:00"
      }
    },
    {
      "type": "Feature",
      "geometry": {
        "type": "Point",
        "coordinates": [
          80.24,
          20.98
        ]
      },
      "properties": {
        "probability": 0.0,
        "confidence": "low",
        "iron_oxide_index": 0.2725,
        "ferrous_mineral_index": 0.2543,
        "swir_b11_reflectance": 0.1638,
        "swir_b12_reflectance": 0.2228,
        "ndvi": 0.4401,
        "elevation_m": 291.9,
        "slope_deg": 2.9,
        "dist_to_fault_km": 73.53,
        "temp_c": 27.2,
        "rainfall_mm": 9.8,
        "timestamp": "2026-09-07T07:56:51.079660+00:00"
      }
    },
    {
      "type": "Feature",
      "geometry": {
        "type": "Point",
        "coordinates": [
          80.3,
          20.98
        ]
      },
      "properties": {
        "probability": 0.005,
        "confidence": "low",
        "iron_oxide_index": 0.2906,
        "ferrous_mineral_index": 0.208,
        "swir_b11_reflectance": 0.1491,
        "swir_b12_reflectance": 0.2097,
        "ndvi": 0.4219,
        "elevation_m": 291.9,
        "slope_deg": 1.0,
        "dist_to_fault_km": 79.42,
        "temp_c": 27.2,
        "rainfall_mm": 9.8,
        "timestamp": "2026-09-07T07:56:51.079660+00:00"
      }
    },
    {
      "type": "Feature",
      "geometry": {
        "type": "Point",
        "coordinates": [
          80.36,
          20.98
        ]
      },
      "properties": {
        "probability": 0.01,
        "confidence": "low",
        "iron_oxide_index": 0.3456,
        "ferrous_mineral_index": 0.2365,
        "swir_b11_reflectance": 0.1834,
        "swir_b12_reflectance": 0.2261,
        "ndvi": 0.3947,
        "elevation_m": 349.6,
        "slope_deg": 3.0,
        "dist_to_fault_km": 85.43,
        "temp_c": 26.5,
        "rainfall_mm": 9.7,
        "timestamp": "2026-09-07T07:56:51.079660+00:00"
      }
    },
    {
      "type": "Feature",
      "geometry": {
        "type": "Point",
        "coordinates": [
          80.42,
          20.98
        ]
      },
      "properties": {
        "probability": 0.0083,
        "confidence": "low",
        "iron_oxide_index": 0.299,
        "ferrous_mineral_index": 0.2182,
        "swir_b11_reflectance": 0.1661,
        "swir_b12_reflectance": 0.2151,
        "ndvi": 0.4843,
        "elevation_m": 349.6,
        "slope_deg": 2.6,
        "dist_to_fault_km": 91.53,
        "temp_c": 26.5,
        "rainfall_mm": 9.7,
        "timestamp": "2026-09-07T07:56:51.079660+00:00"
      }
    },
    {
      "type": "Feature",
      "geometry": {
        "type": "Point",
        "coordinates": [
          80.48,
          20.98
        ]
      },
      "properties": {
        "probability": 0.0005,
        "confidence": "low",
        "iron_oxide_index": 0.3181,
        "ferrous_mineral_index": 0.2275,
        "swir_b11_reflectance": 0.1717,
        "swir_b12_reflectance": 0.2436,
        "ndvi": 0.457,
        "elevation_m": 349.6,
        "slope_deg": 3.2,
        "dist_to_fault_km": 97.7,
        "temp_c": 26.5,
        "rainfall_mm": 9.7,
        "timestamp": "2026-09-07T07:56:51.079660+00:00"
      }
    },
    {
      "type": "Feature",
      "geometry": {
        "type": "Point",
        "coordinates": [
          80.54,
          20.98
        ]
      },
      "properties": {
        "probability": 0.0184,
        "confidence": "low",
        "iron_oxide_index": 0.2969,
        "ferrous_mineral_index": 0.2053,
        "swir_b11_reflectance": 0.1774,
        "swir_b12_reflectance": 0.2211,
        "ndvi": 0.4475,
        "elevation_m": 349.6,
        "slope_deg": 3.8,
        "dist_to_fault_km": 102.04,
        "temp_c": 26.5,
        "rainfall_mm": 9.7,
        "timestamp": "2026-09-07T07:56:51.079660+00:00"
      }
    },
    {
      "type": "Feature",
      "geometry": {
        "type": "Point",
        "coordinates": [
          80.6,
          20.98
        ]
      },
      "properties": {
        "probability": 0.0181,
        "confidence": "low",
        "iron_oxide_index": 0.2942,
        "ferrous_mineral_index": 0.2698,
        "swir_b11_reflectance": 0.1744,
        "swir_b12_reflectance": 0.2106,
        "ndvi": 0.4061,
        "elevation_m": 349.6,
        "slope_deg": 3.7,
        "dist_to_fault_km": 104.72,
        "temp_c": 26.5,
        "rainfall_mm": 9.7,
        "timestamp": "2026-09-07T07:56:51.079660+00:00"
      }
    },
    {
      "type": "Feature",
      "geometry": {
        "type": "Point",
        "coordinates": [
          80.66,
          20.98
        ]
      },
      "properties": {
        "probability": 0.0571,
        "confidence": "low",
        "iron_oxide_index": 0.2958,
        "ferrous_mineral_index": 0.1835,
        "swir_b11_reflectance": 0.1543,
        "swir_b12_reflectance": 0.2098,
        "ndvi": 0.4181,
        "elevation_m": 349.6,
        "slope_deg": 2.6,
        "dist_to_fault_km": 106.59,
        "temp_c": 26.5,
        "rainfall_mm": 9.7,
        "timestamp": "2026-09-07T07:56:51.079660+00:00"
      }
    },
    {
      "type": "Feature",
      "geometry": {
        "type": "Point",
        "coordinates": [
          80.72,
          20.98
        ]
      },
      "properties": {
        "probability": 0.0269,
        "confidence": "low",
        "iron_oxide_index": 0.3497,
        "ferrous_mineral_index": 0.2335,
        "swir_b11_reflectance": 0.1872,
        "swir_b12_reflectance": 0.2184,
        "ndvi": 0.4722,
        "elevation_m": 349.6,
        "slope_deg": 3.8,
        "dist_to_fault_km": 107.76,
        "temp_c": 26.5,
        "rainfall_mm": 9.7,
        "timestamp": "2026-09-07T07:56:51.079660+00:00"
      }
    },
    {
      "type": "Feature",
      "geometry": {
        "type": "Point",
        "coordinates": [
          80.78,
          20.98
        ]
      },
      "properties": {
        "probability": 0.049,
        "confidence": "low",
        "iron_oxide_index": 0.3352,
        "ferrous_mineral_index": 0.1775,
        "swir_b11_reflectance": 0.1631,
        "swir_b12_reflectance": 0.232,
        "ndvi": 0.4211,
        "elevation_m": 349.6,
        "slope_deg": 3.2,
        "dist_to_fault_km": 109.33,
        "temp_c": 26.5,
        "rainfall_mm": 9.7,
        "timestamp": "2026-09-07T07:56:51.079660+00:00"
      }
    },
    {
      "type": "Feature",
      "geometry": {
        "type": "Point",
        "coordinates": [
          78.5,
          21.04
        ]
      },
      "properties": {
        "probability": 0.0271,
        "confidence": "low",
        "iron_oxide_index": 0.3159,
        "ferrous_mineral_index": 0.2077,
        "swir_b11_reflectance": 0.1652,
        "swir_b12_reflectance": 0.236,
        "ndvi": 0.4942,
        "elevation_m": 337.0,
        "slope_deg": 2.9,
        "dist_to_fault_km": 67.06,
        "temp_c": 27.4,
        "rainfall_mm": 7.6,
        "timestamp": "2026-09-07T07:56:51.079660+00:00"
      }
    },
    {
      "type": "Feature",
      "geometry": {
        "type": "Point",
        "coordinates": [
          78.56,
          21.04
        ]
      },
      "properties": {
        "probability": 0.0332,
        "confidence": "low",
        "iron_oxide_index": 0.2862,
        "ferrous_mineral_index": 0.2312,
        "swir_b11_reflectance": 0.1755,
        "swir_b12_reflectance": 0.2064,
        "ndvi": 0.4067,
        "elevation_m": 337.0,
        "slope_deg": 2.6,
        "dist_to_fault_km": 61.3,
        "temp_c": 27.4,
        "rainfall_mm": 7.6,
        "timestamp": "2026-09-07T07:56:51.079660+00:00"
      }
    },
    {
      "type": "Feature",
      "geometry": {
        "type": "Point",
        "coordinates": [
          78.62,
          21.04
        ]
      },
      "properties": {
        "probability": 0.0046,
        "confidence": "low",
        "iron_oxide_index": 0.3385,
        "ferrous_mineral_index": 0.228,
        "swir_b11_reflectance": 0.1598,
        "swir_b12_reflectance": 0.2267,
        "ndvi": 0.4938,
        "elevation_m": 337.0,
        "slope_deg": 1.9,
        "dist_to_fault_km": 55.74,
        "temp_c": 27.4,
        "rainfall_mm": 7.6,
        "timestamp": "2026-09-07T07:56:51.079660+00:00"
      }
    },
    {
      "type": "Feature",
      "geometry": {
        "type": "Point",
        "coordinates": [
          78.68,
          21.04
        ]
      },
      "properties": {
        "probability": 0.0284,
        "confidence": "low",
        "iron_oxide_index": 0.2948,
        "ferrous_mineral_index": 0.2501,
        "swir_b11_reflectance": 0.1578,
        "swir_b12_reflectance": 0.2043,
        "ndvi": 0.4376,
        "elevation_m": 337.0,
        "slope_deg": 3.7,
        "dist_to_fault_km": 50.45,
        "temp_c": 27.4,
        "rainfall_mm": 7.6,
        "timestamp": "2026-09-07T07:56:51.079660+00:00"
      }
    },
    {
      "type": "Feature",
      "geometry": {
        "type": "Point",
        "coordinates": [
          78.74,
          21.04
        ]
      },
      "properties": {
        "probability": 0.0519,
        "confidence": "low",
        "iron_oxide_index": 0.3024,
        "ferrous_mineral_index": 0.2314,
        "swir_b11_reflectance": 0.181,
        "swir_b12_reflectance": 0.1993,
        "ndvi": 0.4608,
        "elevation_m": 337.0,
        "slope_deg": 4.3,
        "dist_to_fault_km": 45.52,
        "temp_c": 27.4,
        "rainfall_mm": 7.6,
        "timestamp": "2026-09-07T07:56:51.079660+00:00"
      }
    },
    {
      "type": "Feature",
      "geometry": {
        "type": "Point",
        "coordinates": [
          78.8,
          21.04
        ]
      },
      "properties": {
        "probability": 0.051,
        "confidence": "low",
        "iron_oxide_index": 0.259,
        "ferrous_mineral_index": 0.2223,
        "swir_b11_reflectance": 0.1862,
        "swir_b12_reflectance": 0.2052,
        "ndvi": 0.4239,
        "elevation_m": 337.0,
        "slope_deg": 3.4,
        "dist_to_fault_km": 41.09,
        "temp_c": 27.4,
        "rainfall_mm": 7.6,
        "timestamp": "2026-09-07T07:56:51.079660+00:00"
      }
    },
    {
      "type": "Feature",
      "geometry": {
        "type": "Point",
        "coordinates": [
          78.86,
          21.04
        ]
      },
      "properties": {
        "probability": 0.0293,
        "confidence": "low",
        "iron_oxide_index": 0.3137,
        "ferrous_mineral_index": 0.2624,
        "swir_b11_reflectance": 0.1632,
        "swir_b12_reflectance": 0.1914,
        "ndvi": 0.4644,
        "elevation_m": 337.0,
        "slope_deg": 2.8,
        "dist_to_fault_km": 37.31,
        "temp_c": 27.4,
        "rainfall_mm": 7.6,
        "timestamp": "2026-09-07T07:56:51.079660+00:00"
      }
    },
    {
      "type": "Feature",
      "geometry": {
        "type": "Point",
        "coordinates": [
          78.92,
          21.04
        ]
      },
      "properties": {
        "probability": 0.0346,
        "confidence": "low",
        "iron_oxide_index": 0.319,
        "ferrous_mineral_index": 0.2115,
        "swir_b11_reflectance": 0.1814,
        "swir_b12_reflectance": 0.2238,
        "ndvi": 0.4338,
        "elevation_m": 337.0,
        "slope_deg": 3.8,
        "dist_to_fault_km": 31.79,
        "temp_c": 27.4,
        "rainfall_mm": 7.6,
        "timestamp": "2026-09-07T07:56:51.079660+00:00"
      }
    },
    {
      "type": "Feature",
      "geometry": {
        "type": "Point",
        "coordinates": [
          78.98,
          21.04
        ]
      },
      "properties": {
        "probability": 0.0425,
        "confidence": "low",
        "iron_oxide_index": 0.3001,
        "ferrous_mineral_index": 0.2213,
        "swir_b11_reflectance": 0.1977,
        "swir_b12_reflectance": 0.2263,
        "ndvi": 0.4708,
        "elevation_m": 337.0,
        "slope_deg": 2.6,
        "dist_to_fault_km": 25.89,
        "temp_c": 27.4,
        "rainfall_mm": 7.6,
        "timestamp": "2026-09-07T07:56:51.079660+00:00"
      }
    },
    {
      "type": "Feature",
      "geometry": {
        "type": "Point",
        "coordinates": [
          79.04,
          21.04
        ]
      },
      "properties": {
        "probability": 0.0165,
        "confidence": "low",
        "iron_oxide_index": 0.2833,
        "ferrous_mineral_index": 0.2332,
        "swir_b11_reflectance": 0.1846,
        "swir_b12_reflectance": 0.2212,
        "ndvi": 0.415,
        "elevation_m": 337.0,
        "slope_deg": 3.6,
        "dist_to_fault_km": 20.47,
        "temp_c": 27.4,
        "rainfall_mm": 7.6,
        "timestamp": "2026-09-07T07:56:51.079660+00:00"
      }
    },
    {
      "type": "Feature",
      "geometry": {
        "type": "Point",
        "coordinates": [
          79.1,
          21.04
        ]
      },
      "properties": {
        "probability": 0.0078,
        "confidence": "low",
        "iron_oxide_index": 0.2944,
        "ferrous_mineral_index": 0.2293,
        "swir_b11_reflectance": 0.1831,
        "swir_b12_reflectance": 0.1987,
        "ndvi": 0.4247,
        "elevation_m": 282.6,
        "slope_deg": 1.7,
        "dist_to_fault_km": 16.01,
        "temp_c": 27.5,
        "rainfall_mm": 8.9,
        "timestamp": "2026-09-07T07:56:51.079660+00:00"
      }
    },
    {
      "type": "Feature",
      "geometry": {
        "type": "Point",
        "coordinates": [
          79.16,
          21.04
        ]
      },
      "properties": {
        "probability": 0.0017,
        "confidence": "low",
        "iron_oxide_index": 0.3406,
        "ferrous_mineral_index": 0.2391,
        "swir_b11_reflectance": 0.199,
        "swir_b12_reflectance": 0.258,
        "ndvi": 0.4254,
        "elevation_m": 282.6,
        "slope_deg": 3.4,
        "dist_to_fault_km": 13.5,
        "temp_c": 27.5,
        "rainfall_mm": 8.9,
        "timestamp": "2026-09-07T07:56:51.079660+00:00"
      }
    },
    {
      "type": "Feature",
      "geometry": {
        "type": "Point",
        "coordinates": [
          79.22,
          21.04
        ]
      },
      "properties": {
        "probability": 0.0061,
        "confidence": "low",
        "iron_oxide_index": 0.3394,
        "ferrous_mineral_index": 0.2325,
        "swir_b11_reflectance": 0.1806,
        "swir_b12_reflectance": 0.2346,
        "ndvi": 0.439,
        "elevation_m": 282.6,
        "slope_deg": 3.6,
        "dist_to_fault_km": 14.04,
        "temp_c": 27.5,
        "rainfall_mm": 8.9,
        "timestamp": "2026-09-07T07:56:51.079660+00:00"
      }
    },
    {
      "type": "Feature",
      "geometry": {
        "type": "Point",
        "coordinates": [
          79.28,
          21.04
        ]
      },
      "properties": {
        "probability": 0.0446,
        "confidence": "low",
        "iron_oxide_index": 0.4926,
        "ferrous_mineral_index": 0.3898,
        "swir_b11_reflectance": 0.3116,
        "swir_b12_reflectance": 0.3658,
        "ndvi": 0.3952,
        "elevation_m": 282.6,
        "slope_deg": 5.9,
        "dist_to_fault_km": 8.67,
        "temp_c": 27.5,
        "rainfall_mm": 8.9,
        "timestamp": "2026-09-07T07:56:51.079660+00:00"
      }
    },
    {
      "type": "Feature",
      "geometry": {
        "type": "Point",
        "coordinates": [
          79.34,
          21.04
        ]
      },
      "properties": {
        "probability": 0.9756,
        "confidence": "high",
        "iron_oxide_index": 0.5831,
        "ferrous_mineral_index": 0.4539,
        "swir_b11_reflectance": 0.3561,
        "swir_b12_reflectance": 0.4388,
        "ndvi": 0.3927,
        "elevation_m": 282.6,
        "slope_deg": 8.5,
        "dist_to_fault_km": 5.55,
        "temp_c": 27.5,
        "rainfall_mm": 8.9,
        "timestamp": "2026-09-07T07:56:51.079660+00:00"
      }
    },
    {
      "type": "Feature",
      "geometry": {
        "type": "Point",
        "coordinates": [
          79.4,
          21.04
        ]
      },
      "properties": {
        "probability": 0.0546,
        "confidence": "low",
        "iron_oxide_index": 0.4624,
        "ferrous_mineral_index": 0.3657,
        "swir_b11_reflectance": 0.3249,
        "swir_b12_reflectance": 0.3503,
        "ndvi": 0.4225,
        "elevation_m": 282.6,
        "slope_deg": 7.3,
        "dist_to_fault_km": 8.67,
        "temp_c": 27.5,
        "rainfall_mm": 8.9,
        "timestamp": "2026-09-07T07:56:51.079660+00:00"
      }
    },
    {
      "type": "Feature",
      "geometry": {
        "type": "Point",
        "coordinates": [
          79.46,
          21.04
        ]
      },
      "properties": {
        "probability": 0.0223,
        "confidence": "low",
        "iron_oxide_index": 0.3248,
        "ferrous_mineral_index": 0.2,
        "swir_b11_reflectance": 0.1898,
        "swir_b12_reflectance": 0.2277,
        "ndvi": 0.4016,
        "elevation_m": 282.6,
        "slope_deg": 3.4,
        "dist_to_fault_km": 14.43,
        "temp_c": 27.5,
        "rainfall_mm": 8.9,
        "timestamp": "2026-09-07T07:56:51.079660+00:00"
      }
    },
    {
      "type": "Feature",
      "geometry": {
        "type": "Point",
        "coordinates": [
          79.52,
          21.04
        ]
      },
      "properties": {
        "probability": 0.0042,
        "confidence": "low",
        "iron_oxide_index": 0.3385,
        "ferrous_mineral_index": 0.1999,
        "swir_b11_reflectance": 0.1687,
        "swir_b12_reflectance": 0.2255,
        "ndvi": 0.4147,
        "elevation_m": 282.6,
        "slope_deg": 1.8,
        "dist_to_fault_km": 20.74,
        "temp_c": 27.5,
        "rainfall_mm": 8.9,
        "timestamp": "2026-09-07T07:56:51.079660+00:00"
      }
    },
    {
      "type": "Feature",
      "geometry": {
        "type": "Point",
        "coordinates": [
          79.58,
          21.04
        ]
      },
      "properties": {
        "probability": 0.0113,
        "confidence": "low",
        "iron_oxide_index": 0.2817,
        "ferrous_mineral_index": 0.239,
        "swir_b11_reflectance": 0.1522,
        "swir_b12_reflectance": 0.219,
        "ndvi": 0.4738,
        "elevation_m": 282.6,
        "slope_deg": 2.7,
        "dist_to_fault_km": 27.21,
        "temp_c": 27.5,
        "rainfall_mm": 8.9,
        "timestamp": "2026-09-07T07:56:51.079660+00:00"
      }
    },
    {
      "type": "Feature",
      "geometry": {
        "type": "Point",
        "coordinates": [
          79.64,
          21.04
        ]
      },
      "properties": {
        "probability": 0.0105,
        "confidence": "low",
        "iron_oxide_index": 0.3049,
        "ferrous_mineral_index": 0.2197,
        "swir_b11_reflectance": 0.1681,
        "swir_b12_reflectance": 0.2011,
        "ndvi": 0.4051,
        "elevation_m": 282.6,
        "slope_deg": 1.9,
        "dist_to_fault_km": 28.95,
        "temp_c": 27.5,
        "rainfall_mm": 8.9,
        "timestamp": "2026-09-07T07:56:51.079660+00:00"
      }
    },
    {
      "type": "Feature",
      "geometry": {
        "type": "Point",
        "coordinates": [
          79.7,
          21.04
        ]
      },
      "properties": {
        "probability": 0.0126,
        "confidence": "low",
        "iron_oxide_index": 0.3395,
        "ferrous_mineral_index": 0.2238,
        "swir_b11_reflectance": 0.1614,
        "swir_b12_reflectance": 0.2148,
        "ndvi": 0.4464,
        "elevation_m": 291.9,
        "slope_deg": 3.1,
        "dist_to_fault_km": 29.2,
        "temp_c": 27.2,
        "rainfall_mm": 9.8,
        "timestamp": "2026-09-07T07:56:51.079660+00:00"
      }
    },
    {
      "type": "Feature",
      "geometry": {
        "type": "Point",
        "coordinates": [
          79.76,
          21.04
        ]
      },
      "properties": {
        "probability": 0.0125,
        "confidence": "low",
        "iron_oxide_index": 0.3157,
        "ferrous_mineral_index": 0.2038,
        "swir_b11_reflectance": 0.1864,
        "swir_b12_reflectance": 0.228,
        "ndvi": 0.4693,
        "elevation_m": 291.9,
        "slope_deg": 2.6,
        "dist_to_fault_km": 30.92,
        "temp_c": 27.2,
        "rainfall_mm": 9.8,
        "timestamp": "2026-09-07T07:56:51.079660+00:00"
      }
    },
    {
      "type": "Feature",
      "geometry": {
        "type": "Point",
        "coordinates": [
          79.82,
          21.04
        ]
      },
      "properties": {
        "probability": 0.005,
        "confidence": "low",
        "iron_oxide_index": 0.2635,
        "ferrous_mineral_index": 0.2405,
        "swir_b11_reflectance": 0.177,
        "swir_b12_reflectance": 0.2177,
        "ndvi": 0.4459,
        "elevation_m": 291.9,
        "slope_deg": 2.0,
        "dist_to_fault_km": 33.89,
        "temp_c": 27.2,
        "rainfall_mm": 9.8,
        "timestamp": "2026-09-07T07:56:51.079660+00:00"
      }
    },
    {
      "type": "Feature",
      "geometry": {
        "type": "Point",
        "coordinates": [
          79.88,
          21.04
        ]
      },
      "properties": {
        "probability": 0.0112,
        "confidence": "low",
        "iron_oxide_index": 0.3391,
        "ferrous_mineral_index": 0.197,
        "swir_b11_reflectance": 0.2025,
        "swir_b12_reflectance": 0.2137,
        "ndvi": 0.4525,
        "elevation_m": 291.9,
        "slope_deg": 2.6,
        "dist_to_fault_km": 37.8,
        "temp_c": 27.2,
        "rainfall_mm": 9.8,
        "timestamp": "2026-09-07T07:56:51.079660+00:00"
      }
    },
    {
      "type": "Feature",
      "geometry": {
        "type": "Point",
        "coordinates": [
          79.94,
          21.04
        ]
      },
      "properties": {
        "probability": 0.028,
        "confidence": "low",
        "iron_oxide_index": 0.2937,
        "ferrous_mineral_index": 0.2326,
        "swir_b11_reflectance": 0.1767,
        "swir_b12_reflectance": 0.2172,
        "ndvi": 0.3825,
        "elevation_m": 291.9,
        "slope_deg": 3.5,
        "dist_to_fault_km": 42.41,
        "temp_c": 27.2,
        "rainfall_mm": 9.8,
        "timestamp": "2026-09-07T07:56:51.079660+00:00"
      }
    },
    {
      "type": "Feature",
      "geometry": {
        "type": "Point",
        "coordinates": [
          80.0,
          21.04
        ]
      },
      "properties": {
        "probability": 0.005,
        "confidence": "low",
        "iron_oxide_index": 0.3009,
        "ferrous_mineral_index": 0.2313,
        "swir_b11_reflectance": 0.1875,
        "swir_b12_reflectance": 0.2141,
        "ndvi": 0.4414,
        "elevation_m": 291.9,
        "slope_deg": 2.6,
        "dist_to_fault_km": 47.51,
        "temp_c": 27.2,
        "rainfall_mm": 9.8,
        "timestamp": "2026-09-07T07:56:51.079660+00:00"
      }
    },
    {
      "type": "Feature",
      "geometry": {
        "type": "Point",
        "coordinates": [
          80.06,
          21.04
        ]
      },
      "properties": {
        "probability": 0.0,
        "confidence": "low",
        "iron_oxide_index": 0.3399,
        "ferrous_mineral_index": 0.2377,
        "swir_b11_reflectance": 0.1624,
        "swir_b12_reflectance": 0.2312,
        "ndvi": 0.4508,
        "elevation_m": 291.9,
        "slope_deg": 2.1,
        "dist_to_fault_km": 52.95,
        "temp_c": 27.2,
        "rainfall_mm": 9.8,
        "timestamp": "2026-09-07T07:56:51.079660+00:00"
      }
    },
    {
      "type": "Feature",
      "geometry": {
        "type": "Point",
        "coordinates": [
          80.12,
          21.04
        ]
      },
      "properties": {
        "probability": 0.04,
        "confidence": "low",
        "iron_oxide_index": 0.2862,
        "ferrous_mineral_index": 0.1922,
        "swir_b11_reflectance": 0.1479,
        "swir_b12_reflectance": 0.2203,
        "ndvi": 0.5295,
        "elevation_m": 291.9,
        "slope_deg": 3.0,
        "dist_to_fault_km": 58.65,
        "temp_c": 27.2,
        "rainfall_mm": 9.8,
        "timestamp": "2026-09-07T07:56:51.079660+00:00"
      }
    },
    {
      "type": "Feature",
      "geometry": {
        "type": "Point",
        "coordinates": [
          80.18,
          21.04
        ]
      },
      "properties": {
        "probability": 0.0378,
        "confidence": "low",
        "iron_oxide_index": 0.3159,
        "ferrous_mineral_index": 0.2039,
        "swir_b11_reflectance": 0.1621,
        "swir_b12_reflectance": 0.2282,
        "ndvi": 0.4111,
        "elevation_m": 291.9,
        "slope_deg": 4.5,
        "dist_to_fault_km": 64.53,
        "temp_c": 27.2,
        "rainfall_mm": 9.8,
        "timestamp": "2026-09-07T07:56:51.079660+00:00"
      }
    },
    {
      "type": "Feature",
      "geometry": {
        "type": "Point",
        "coordinates": [
          80.24,
          21.04
        ]
      },
      "properties": {
        "probability": 0.005,
        "confidence": "low",
        "iron_oxide_index": 0.2885,
        "ferrous_mineral_index": 0.2145,
        "swir_b11_reflectance": 0.1859,
        "swir_b12_reflectance": 0.2263,
        "ndvi": 0.4104,
        "elevation_m": 291.9,
        "slope_deg": 1.4,
        "dist_to_fault_km": 70.55,
        "temp_c": 27.2,
        "rainfall_mm": 9.8,
        "timestamp": "2026-09-07T07:56:51.079660+00:00"
      }
    },
    {
      "type": "Feature",
      "geometry": {
        "type": "Point",
        "coordinates": [
          80.3,
          21.04
        ]
      },
      "properties": {
        "probability": 0.0046,
        "confidence": "low",
        "iron_oxide_index": 0.2952,
        "ferrous_mineral_index": 0.2308,
        "swir_b11_reflectance": 0.1452,
        "swir_b12_reflectance": 0.2626,
        "ndvi": 0.4663,
        "elevation_m": 291.9,
        "slope_deg": 3.3,
        "dist_to_fault_km": 76.68,
        "temp_c": 27.2,
        "rainfall_mm": 9.8,
        "timestamp": "2026-09-07T07:56:51.079660+00:00"
      }
    },
    {
      "type": "Feature",
      "geometry": {
        "type": "Point",
        "coordinates": [
          80.36,
          21.04
        ]
      },
      "properties": {
        "probability": 0.0581,
        "confidence": "low",
        "iron_oxide_index": 0.3239,
        "ferrous_mineral_index": 0.1897,
        "swir_b11_reflectance": 0.1924,
        "swir_b12_reflectance": 0.2241,
        "ndvi": 0.4385,
        "elevation_m": 349.6,
        "slope_deg": 4.2,
        "dist_to_fault_km": 82.89,
        "temp_c": 26.5,
        "rainfall_mm": 9.7,
        "timestamp": "2026-09-07T07:56:51.079660+00:00"
      }
    },
    {
      "type": "Feature",
      "geometry": {
        "type": "Point",
        "coordinates": [
          80.42,
          21.04
        ]
      },
      "properties": {
        "probability": 0.0055,
        "confidence": "low",
        "iron_oxide_index": 0.298,
        "ferrous_mineral_index": 0.2364,
        "swir_b11_reflectance": 0.1869,
        "swir_b12_reflectance": 0.2221,
        "ndvi": 0.4206,
        "elevation_m": 349.6,
        "slope_deg": 3.2,
        "dist_to_fault_km": 89.16,
        "temp_c": 26.5,
        "rainfall_mm": 9.7,
        "timestamp": "2026-09-07T07:56:51.079660+00:00"
      }
    },
    {
      "type": "Feature",
      "geometry": {
        "type": "Point",
        "coordinates": [
          80.48,
          21.04
        ]
      },
      "properties": {
        "probability": 0.0004,
        "confidence": "low",
        "iron_oxide_index": 0.2878,
        "ferrous_mineral_index": 0.2255,
        "swir_b11_reflectance": 0.1619,
        "swir_b12_reflectance": 0.2265,
        "ndvi": 0.406,
        "elevation_m": 349.6,
        "slope_deg": 3.8,
        "dist_to_fault_km": 93.41,
        "temp_c": 26.5,
        "rainfall_mm": 9.7,
        "timestamp": "2026-09-07T07:56:51.079660+00:00"
      }
    },
    {
      "type": "Feature",
      "geometry": {
        "type": "Point",
        "coordinates": [
          80.54,
          21.04
        ]
      },
      "properties": {
        "probability": 0.0134,
        "confidence": "low",
        "iron_oxide_index": 0.2632,
        "ferrous_mineral_index": 0.2171,
        "swir_b11_reflectance": 0.18,
        "swir_b12_reflectance": 0.2229,
        "ndvi": 0.4151,
        "elevation_m": 349.6,
        "slope_deg": 3.9,
        "dist_to_fault_km": 95.91,
        "temp_c": 26.5,
        "rainfall_mm": 9.7,
        "timestamp": "2026-09-07T07:56:51.079660+00:00"
      }
    },
    {
      "type": "Feature",
      "geometry": {
        "type": "Point",
        "coordinates": [
          80.6,
          21.04
        ]
      },
      "properties": {
        "probability": 0.0005,
        "confidence": "low",
        "iron_oxide_index": 0.304,
        "ferrous_mineral_index": 0.2224,
        "swir_b11_reflectance": 0.1626,
        "swir_b12_reflectance": 0.2279,
        "ndvi": 0.4614,
        "elevation_m": 349.6,
        "slope_deg": 3.2,
        "dist_to_fault_km": 98.53,
        "temp_c": 26.5,
        "rainfall_mm": 9.7,
        "timestamp": "2026-09-07T07:56:51.079660+00:00"
      }
    },
    {
      "type": "Feature",
      "geometry": {
        "type": "Point",
        "coordinates": [
          80.66,
          21.04
        ]
      },
      "properties": {
        "probability": 0.0339,
        "confidence": "low",
        "iron_oxide_index": 0.3165,
        "ferrous_mineral_index": 0.2316,
        "swir_b11_reflectance": 0.179,
        "swir_b12_reflectance": 0.2018,
        "ndvi": 0.3993,
        "elevation_m": 349.6,
        "slope_deg": 3.2,
        "dist_to_fault_km": 100.0,
        "temp_c": 26.5,
        "rainfall_mm": 9.7,
        "timestamp": "2026-09-07T07:56:51.079660+00:00"
      }
    },
    {
      "type": "Feature",
      "geometry": {
        "type": "Point",
        "coordinates": [
          80.72,
          21.04
        ]
      },
      "properties": {
        "probability": 0.0256,
        "confidence": "low",
        "iron_oxide_index": 0.2768,
        "ferrous_mineral_index": 0.2551,
        "swir_b11_reflectance": 0.1584,
        "swir_b12_reflectance": 0.2143,
        "ndvi": 0.3755,
        "elevation_m": 349.6,
        "slope_deg": 3.7,
        "dist_to_fault_km": 101.25,
        "temp_c": 26.5,
        "rainfall_mm": 9.7,
        "timestamp": "2026-09-07T07:56:51.079660+00:00"
      }
    },
    {
      "type": "Feature",
      "geometry": {
        "type": "Point",
        "coordinates": [
          80.78,
          21.04
        ]
      },
      "properties": {
        "probability": 0.0305,
        "confidence": "low",
        "iron_oxide_index": 0.2542,
        "ferrous_mineral_index": 0.2225,
        "swir_b11_reflectance": 0.1794,
        "swir_b12_reflectance": 0.2068,
        "ndvi": 0.4718,
        "elevation_m": 349.6,
        "slope_deg": 3.2,
        "dist_to_fault_km": 102.92,
        "temp_c": 26.5,
        "rainfall_mm": 9.7,
        "timestamp": "2026-09-07T07:56:51.079660+00:00"
      }
    },
    {
      "type": "Feature",
      "geometry": {
        "type": "Point",
        "coordinates": [
          78.5,
          21.1
        ]
      },
      "properties": {
        "probability": 0.0077,
        "confidence": "low",
        "iron_oxide_index": 0.2789,
        "ferrous_mineral_index": 0.2539,
        "swir_b11_reflectance": 0.1935,
        "swir_b12_reflectance": 0.2346,
        "ndvi": 0.3942,
        "elevation_m": 337.0,
        "slope_deg": 2.9,
        "dist_to_fault_km": 64.13,
        "temp_c": 27.4,
        "rainfall_mm": 7.6,
        "timestamp": "2026-09-07T07:56:51.079660+00:00"
      }
    },
    {
      "type": "Feature",
      "geometry": {
        "type": "Point",
        "coordinates": [
          78.56,
          21.1
        ]
      },
      "properties": {
        "probability": 0.062,
        "confidence": "low",
        "iron_oxide_index": 0.2857,
        "ferrous_mineral_index": 0.1974,
        "swir_b11_reflectance": 0.1888,
        "swir_b12_reflectance": 0.208,
        "ndvi": 0.3966,
        "elevation_m": 337.0,
        "slope_deg": 3.3,
        "dist_to_fault_km": 58.08,
        "temp_c": 27.4,
        "rainfall_mm": 7.6,
        "timestamp": "2026-09-07T07:56:51.079660+00:00"
      }
    },
    {
      "type": "Feature",
      "geometry": {
        "type": "Point",
        "coordinates": [
          78.62,
          21.1
        ]
      },
      "properties": {
        "probability": 0.0339,
        "confidence": "low",
        "iron_oxide_index": 0.2884,
        "ferrous_mineral_index": 0.26,
        "swir_b11_reflectance": 0.1828,
        "swir_b12_reflectance": 0.2168,
        "ndvi": 0.4507,
        "elevation_m": 337.0,
        "slope_deg": 3.7,
        "dist_to_fault_km": 52.18,
        "temp_c": 27.4,
        "rainfall_mm": 7.6,
        "timestamp": "2026-09-07T07:56:51.079660+00:00"
      }
    },
    {
      "type": "Feature",
      "geometry": {
        "type": "Point",
        "coordinates": [
          78.68,
          21.1
        ]
      },
      "properties": {
        "probability": 0.0764,
        "confidence": "low",
        "iron_oxide_index": 0.317,
        "ferrous_mineral_index": 0.2242,
        "swir_b11_reflectance": 0.1689,
        "swir_b12_reflectance": 0.2169,
        "ndvi": 0.3832,
        "elevation_m": 337.0,
        "slope_deg": 2.9,
        "dist_to_fault_km": 46.49,
        "temp_c": 27.4,
        "rainfall_mm": 7.6,
        "timestamp": "2026-09-07T07:56:51.079660+00:00"
      }
    },
    {
      "type": "Feature",
      "geometry": {
        "type": "Point",
        "coordinates": [
          78.74,
          21.1
        ]
      },
      "properties": {
        "probability": 0.0116,
        "confidence": "low",
        "iron_oxide_index": 0.2903,
        "ferrous_mineral_index": 0.225,
        "swir_b11_reflectance": 0.1783,
        "swir_b12_reflectance": 0.2298,
        "ndvi": 0.4318,
        "elevation_m": 337.0,
        "slope_deg": 2.9,
        "dist_to_fault_km": 41.09,
        "temp_c": 27.4,
        "rainfall_mm": 7.6,
        "timestamp": "2026-09-07T07:56:51.079660+00:00"
      }
    },
    {
      "type": "Feature",
      "geometry": {
        "type": "Point",
        "coordinates": [
          78.8,
          21.1
        ]
      },
      "properties": {
        "probability": 0.0331,
        "confidence": "low",
        "iron_oxide_index": 0.2802,
        "ferrous_mineral_index": 0.2107,
        "swir_b11_reflectance": 0.153,
        "swir_b12_reflectance": 0.2336,
        "ndvi": 0.4415,
        "elevation_m": 337.0,
        "slope_deg": 3.8,
        "dist_to_fault_km": 36.1,
        "temp_c": 27.4,
        "rainfall_mm": 7.6,
        "timestamp": "2026-09-07T07:56:51.079660+00:00"
      }
    },
    {
      "type": "Feature",
      "geometry": {
        "type": "Point",
        "coordinates": [
          78.86,
          21.1
        ]
      },
      "properties": {
        "probability": 0.0245,
        "confidence": "low",
        "iron_oxide_index": 0.2639,
        "ferrous_mineral_index": 0.2114,
        "swir_b11_reflectance": 0.1622,
        "swir_b12_reflectance": 0.2267,
        "ndvi": 0.419,
        "elevation_m": 337.0,
        "slope_deg": 2.9,
        "dist_to_fault_km": 31.75,
        "temp_c": 27.4,
        "rainfall_mm": 7.6,
        "timestamp": "2026-09-07T07:56:51.079660+00:00"
      }
    },
    {
      "type": "Feature",
      "geometry": {
        "type": "Point",
        "coordinates": [
          78.92,
          21.1
        ]
      },
      "properties": {
        "probability": 0.0119,
        "confidence": "low",
        "iron_oxide_index": 0.3082,
        "ferrous_mineral_index": 0.2083,
        "swir_b11_reflectance": 0.196,
        "swir_b12_reflectance": 0.2358,
        "ndvi": 0.4133,
        "elevation_m": 337.0,
        "slope_deg": 3.5,
        "dist_to_fault_km": 28.3,
        "temp_c": 27.4,
        "rainfall_mm": 7.6,
        "timestamp": "2026-09-07T07:56:51.079660+00:00"
      }
    },
    {
      "type": "Feature",
      "geometry": {
        "type": "Point",
        "coordinates": [
          78.98,
          21.1
        ]
      },
      "properties": {
        "probability": 0.0404,
        "confidence": "low",
        "iron_oxide_index": 0.2983,
        "ferrous_mineral_index": 0.216,
        "swir_b11_reflectance": 0.1907,
        "swir_b12_reflectance": 0.2506,
        "ndvi": 0.424,
        "elevation_m": 337.0,
        "slope_deg": 2.9,
        "dist_to_fault_km": 23.18,
        "temp_c": 27.4,
        "rainfall_mm": 7.6,
        "timestamp": "2026-09-07T07:56:51.079660+00:00"
      }
    },
    {
      "type": "Feature",
      "geometry": {
        "type": "Point",
        "coordinates": [
          79.04,
          21.1
        ]
      },
      "properties": {
        "probability": 0.0347,
        "confidence": "low",
        "iron_oxide_index": 0.3181,
        "ferrous_mineral_index": 0.2312,
        "swir_b11_reflectance": 0.1859,
        "swir_b12_reflectance": 0.2039,
        "ndvi": 0.4377,
        "elevation_m": 337.0,
        "slope_deg": 2.5,
        "dist_to_fault_km": 16.91,
        "temp_c": 27.4,
        "rainfall_mm": 7.6,
        "timestamp": "2026-09-07T07:56:51.079660+00:00"
      }
    },
    {
      "type": "Feature",
      "geometry": {
        "type": "Point",
        "coordinates": [
          79.1,
          21.1
        ]
      },
      "properties": {
        "probability": 0.0063,
        "confidence": "low",
        "iron_oxide_index": 0.39,
        "ferrous_mineral_index": 0.3071,
        "swir_b11_reflectance": 0.2851,
        "swir_b12_reflectance": 0.3034,
        "ndvi": 0.4233,
        "elevation_m": 282.6,
        "slope_deg": 4.9,
        "dist_to_fault_km": 11.1,
        "temp_c": 27.5,
        "rainfall_mm": 8.9,
        "timestamp": "2026-09-07T07:56:51.079660+00:00"
      }
    },
    {
      "type": "Feature",
      "geometry": {
        "type": "Point",
        "coordinates": [
          79.16,
          21.1
        ]
      },
      "properties": {
        "probability": 0.6139,
        "confidence": "medium",
        "iron_oxide_index": 0.5088,
        "ferrous_mineral_index": 0.4215,
        "swir_b11_reflectance": 0.3496,
        "swir_b12_reflectance": 0.3876,
        "ndvi": 0.4049,
        "elevation_m": 282.6,
        "slope_deg": 6.9,
        "dist_to_fault_km": 7.02,
        "temp_c": 27.5,
        "rainfall_mm": 8.9,
        "timestamp": "2026-09-07T07:56:51.079660+00:00"
      }
    },
    {
      "type": "Feature",
      "geometry": {
        "type": "Point",
        "coordinates": [
          79.22,
          21.1
        ]
      },
      "properties": {
        "probability": 0.1396,
        "confidence": "low",
        "iron_oxide_index": 0.5547,
        "ferrous_mineral_index": 0.3527,
        "swir_b11_reflectance": 0.3206,
        "swir_b12_reflectance": 0.3481,
        "ndvi": 0.4196,
        "elevation_m": 282.6,
        "slope_deg": 6.7,
        "dist_to_fault_km": 8.0,
        "temp_c": 27.5,
        "rainfall_mm": 8.9,
        "timestamp": "2026-09-07T07:56:51.079660+00:00"
      }
    },
    {
      "type": "Feature",
      "geometry": {
        "type": "Point",
        "coordinates": [
          79.28,
          21.1
        ]
      },
      "properties": {
        "probability": 0.0017,
        "confidence": "low",
        "iron_oxide_index": 0.3511,
        "ferrous_mineral_index": 0.2872,
        "swir_b11_reflectance": 0.1961,
        "swir_b12_reflectance": 0.2526,
        "ndvi": 0.4647,
        "elevation_m": 282.6,
        "slope_deg": 3.6,
        "dist_to_fault_km": 12.95,
        "temp_c": 27.5,
        "rainfall_mm": 8.9,
        "timestamp": "2026-09-07T07:56:51.079660+00:00"
      }
    },
    {
      "type": "Feature",
      "geometry": {
        "type": "Point",
        "coordinates": [
          79.34,
          21.1
        ]
      },
      "properties": {
        "probability": 0.0246,
        "confidence": "low",
        "iron_oxide_index": 0.3987,
        "ferrous_mineral_index": 0.3106,
        "swir_b11_reflectance": 0.2163,
        "swir_b12_reflectance": 0.2662,
        "ndvi": 0.4152,
        "elevation_m": 282.6,
        "slope_deg": 5.5,
        "dist_to_fault_km": 12.21,
        "temp_c": 27.5,
        "rainfall_mm": 8.9,
        "timestamp": "2026-09-07T07:56:51.079660+00:00"
      }
    },
    {
      "type": "Feature",
      "geometry": {
        "type": "Point",
        "coordinates": [
          79.4,
          21.1
        ]
      },
      "properties": {
        "probability": 0.0056,
        "confidence": "low",
        "iron_oxide_index": 0.321,
        "ferrous_mineral_index": 0.2707,
        "swir_b11_reflectance": 0.2061,
        "swir_b12_reflectance": 0.2615,
        "ndvi": 0.4357,
        "elevation_m": 282.6,
        "slope_deg": 2.0,
        "dist_to_fault_km": 13.91,
        "temp_c": 27.5,
        "rainfall_mm": 8.9,
        "timestamp": "2026-09-07T07:56:51.079660+00:00"
      }
    },
    {
      "type": "Feature",
      "geometry": {
        "type": "Point",
        "coordinates": [
          79.46,
          21.1
        ]
      },
      "properties": {
        "probability": 0.0175,
        "confidence": "low",
        "iron_oxide_index": 0.2698,
        "ferrous_mineral_index": 0.2169,
        "swir_b11_reflectance": 0.1719,
        "swir_b12_reflectance": 0.2013,
        "ndvi": 0.4466,
        "elevation_m": 282.6,
        "slope_deg": 2.3,
        "dist_to_fault_km": 18.07,
        "temp_c": 27.5,
        "rainfall_mm": 8.9,
        "timestamp": "2026-09-07T07:56:51.079660+00:00"
      }
    },
    {
      "type": "Feature",
      "geometry": {
        "type": "Point",
        "coordinates": [
          79.52,
          21.1
        ]
      },
      "properties": {
        "probability": 0.0192,
        "confidence": "low",
        "iron_oxide_index": 0.3407,
        "ferrous_mineral_index": 0.199,
        "swir_b11_reflectance": 0.17,
        "swir_b12_reflectance": 0.1811,
        "ndvi": 0.4708,
        "elevation_m": 282.6,
        "slope_deg": 2.8,
        "dist_to_fault_km": 23.41,
        "temp_c": 27.5,
        "rainfall_mm": 8.9,
        "timestamp": "2026-09-07T07:56:51.079660+00:00"
      }
    },
    {
      "type": "Feature",
      "geometry": {
        "type": "Point",
        "coordinates": [
          79.58,
          21.1
        ]
      },
      "properties": {
        "probability": 0.0253,
        "confidence": "low",
        "iron_oxide_index": 0.2845,
        "ferrous_mineral_index": 0.198,
        "swir_b11_reflectance": 0.1798,
        "swir_b12_reflectance": 0.1902,
        "ndvi": 0.4693,
        "elevation_m": 282.6,
        "slope_deg": 2.6,
        "dist_to_fault_km": 23.91,
        "temp_c": 27.5,
        "rainfall_mm": 8.9,
        "timestamp": "2026-09-07T07:56:51.079660+00:00"
      }
    },
    {
      "type": "Feature",
      "geometry": {
        "type": "Point",
        "coordinates": [
          79.64,
          21.1
        ]
      },
      "properties": {
        "probability": 0.03,
        "confidence": "low",
        "iron_oxide_index": 0.2853,
        "ferrous_mineral_index": 0.2009,
        "swir_b11_reflectance": 0.1804,
        "swir_b12_reflectance": 0.1968,
        "ndvi": 0.5326,
        "elevation_m": 282.6,
        "slope_deg": 2.8,
        "dist_to_fault_km": 22.31,
        "temp_c": 27.5,
        "rainfall_mm": 8.9,
        "timestamp": "2026-09-07T07:56:51.079660+00:00"
      }
    },
    {
      "type": "Feature",
      "geometry": {
        "type": "Point",
        "coordinates": [
          79.7,
          21.1
        ]
      },
      "properties": {
        "probability": 0.0204,
        "confidence": "low",
        "iron_oxide_index": 0.3138,
        "ferrous_mineral_index": 0.2049,
        "swir_b11_reflectance": 0.1617,
        "swir_b12_reflectance": 0.1977,
        "ndvi": 0.3847,
        "elevation_m": 291.9,
        "slope_deg": 2.6,
        "dist_to_fault_km": 22.64,
        "temp_c": 27.2,
        "rainfall_mm": 9.8,
        "timestamp": "2026-09-07T07:56:51.079660+00:00"
      }
    },
    {
      "type": "Feature",
      "geometry": {
        "type": "Point",
        "coordinates": [
          79.76,
          21.1
        ]
      },
      "properties": {
        "probability": 0.01,
        "confidence": "low",
        "iron_oxide_index": 0.2953,
        "ferrous_mineral_index": 0.2214,
        "swir_b11_reflectance": 0.1939,
        "swir_b12_reflectance": 0.2061,
        "ndvi": 0.4693,
        "elevation_m": 291.9,
        "slope_deg": 2.8,
        "dist_to_fault_km": 24.82,
        "temp_c": 27.2,
        "rainfall_mm": 9.8,
        "timestamp": "2026-09-07T07:56:51.079660+00:00"
      }
    },
    {
      "type": "Feature",
      "geometry": {
        "type": "Point",
        "coordinates": [
          79.82,
          21.1
        ]
      },
      "properties": {
        "probability": 0.005,
        "confidence": "low",
        "iron_oxide_index": 0.3129,
        "ferrous_mineral_index": 0.2239,
        "swir_b11_reflectance": 0.1687,
        "swir_b12_reflectance": 0.2077,
        "ndvi": 0.4613,
        "elevation_m": 291.9,
        "slope_deg": 2.6,
        "dist_to_fault_km": 28.43,
        "temp_c": 27.2,
        "rainfall_mm": 9.8,
        "timestamp": "2026-09-07T07:56:51.079660+00:00"
      }
    },
    {
      "type": "Feature",
      "geometry": {
        "type": "Point",
        "coordinates": [
          79.88,
          21.1
        ]
      },
      "properties": {
        "probability": 0.0,
        "confidence": "low",
        "iron_oxide_index": 0.3002,
        "ferrous_mineral_index": 0.2284,
        "swir_b11_reflectance": 0.152,
        "swir_b12_reflectance": 0.2215,
        "ndvi": 0.4291,
        "elevation_m": 291.9,
        "slope_deg": 2.3,
        "dist_to_fault_km": 33.0,
        "temp_c": 27.2,
        "rainfall_mm": 9.8,
        "timestamp": "2026-09-07T07:56:51.079660+00:00"
      }
    },
    {
      "type": "Feature",
      "geometry": {
        "type": "Point",
        "coordinates": [
          79.94,
          21.1
        ]
      },
      "properties": {
        "probability": 0.0,
        "confidence": "low",
        "iron_oxide_index": 0.324,
        "ferrous_mineral_index": 0.2234,
        "swir_b11_reflectance": 0.1697,
        "swir_b12_reflectance": 0.213,
        "ndvi": 0.4478,
        "elevation_m": 291.9,
        "slope_deg": 2.5,
        "dist_to_fault_km": 38.19,
        "temp_c": 27.2,
        "rainfall_mm": 9.8,
        "timestamp": "2026-09-07T07:56:51.079660+00:00"
      }
    },
    {
      "type": "Feature",
      "geometry": {
        "type": "Point",
        "coordinates": [
          80.0,
          21.1
        ]
      },
      "properties": {
        "probability": 0.0131,
        "confidence": "low",
        "iron_oxide_index": 0.3119,
        "ferrous_mineral_index": 0.2409,
        "swir_b11_reflectance": 0.197,
        "swir_b12_reflectance": 0.2117,
        "ndvi": 0.4642,
        "elevation_m": 291.9,
        "slope_deg": 3.6,
        "dist_to_fault_km": 43.78,
        "temp_c": 27.2,
        "rainfall_mm": 9.8,
        "timestamp": "2026-09-07T07:56:51.079660+00:00"
      }
    },
    {
      "type": "Feature",
      "geometry": {
        "type": "Point",
        "coordinates": [
          80.06,
          21.1
        ]
      },
      "properties": {
        "probability": 0.08,
        "confidence": "low",
        "iron_oxide_index": 0.3158,
        "ferrous_mineral_index": 0.2136,
        "swir_b11_reflectance": 0.1606,
        "swir_b12_reflectance": 0.2349,
        "ndvi": 0.3689,
        "elevation_m": 291.9,
        "slope_deg": 3.7,
        "dist_to_fault_km": 49.64,
        "temp_c": 27.2,
        "rainfall_mm": 9.8,
        "timestamp": "2026-09-07T07:56:51.079660+00:00"
      }
    },
    {
      "type": "Feature",
      "geometry": {
        "type": "Point",
        "coordinates": [
          80.12,
          21.1
        ]
      },
      "properties": {
        "probability": 0.005,
        "confidence": "low",
        "iron_oxide_index": 0.3151,
        "ferrous_mineral_index": 0.2225,
        "swir_b11_reflectance": 0.1719,
        "swir_b12_reflectance": 0.2016,
        "ndvi": 0.4651,
        "elevation_m": 291.9,
        "slope_deg": 2.8,
        "dist_to_fault_km": 55.68,
        "temp_c": 27.2,
        "rainfall_mm": 9.8,
        "timestamp": "2026-09-07T07:56:51.079660+00:00"
      }
    },
    {
      "type": "Feature",
      "geometry": {
        "type": "Point",
        "coordinates": [
          80.18,
          21.1
        ]
      },
      "properties": {
        "probability": 0.0383,
        "confidence": "low",
        "iron_oxide_index": 0.2912,
        "ferrous_mineral_index": 0.2067,
        "swir_b11_reflectance": 0.1673,
        "swir_b12_reflectance": 0.193,
        "ndvi": 0.4332,
        "elevation_m": 291.9,
        "slope_deg": 2.5,
        "dist_to_fault_km": 61.84,
        "temp_c": 27.2,
        "rainfall_mm": 9.8,
        "timestamp": "2026-09-07T07:56:51.079660+00:00"
      }
    },
    {
      "type": "Feature",
      "geometry": {
        "type": "Point",
        "coordinates": [
          80.24,
          21.1
        ]
      },
      "properties": {
        "probability": 0.0,
        "confidence": "low",
        "iron_oxide_index": 0.326,
        "ferrous_mineral_index": 0.2401,
        "swir_b11_reflectance": 0.1775,
        "swir_b12_reflectance": 0.2204,
        "ndvi": 0.4611,
        "elevation_m": 291.9,
        "slope_deg": 2.6,
        "dist_to_fault_km": 68.1,
        "temp_c": 27.2,
        "rainfall_mm": 9.8,
        "timestamp": "2026-09-07T07:56:51.079660+00:00"
      }
    },
    {
      "type": "Feature",
      "geometry": {
        "type": "Point",
        "coordinates": [
          80.3,
          21.1
        ]
      },
      "properties": {
        "probability": 0.015,
        "confidence": "low",
        "iron_oxide_index": 0.2992,
        "ferrous_mineral_index": 0.1901,
        "swir_b11_reflectance": 0.1475,
        "swir_b12_reflectance": 0.2301,
        "ndvi": 0.4485,
        "elevation_m": 291.9,
        "slope_deg": 1.9,
        "dist_to_fault_km": 74.43,
        "temp_c": 27.2,
        "rainfall_mm": 9.8,
        "timestamp": "2026-09-07T07:56:51.079660+00:00"
      }
    },
    {
      "type": "Feature",
      "geometry": {
        "type": "Point",
        "coordinates": [
          80.36,
          21.1
        ]
      },
      "properties": {
        "probability": 0.0184,
        "confidence": "low",
        "iron_oxide_index": 0.2657,
        "ferrous_mineral_index": 0.254,
        "swir_b11_reflectance": 0.1763,
        "swir_b12_reflectance": 0.2056,
        "ndvi": 0.4142,
        "elevation_m": 349.6,
        "slope_deg": 5.0,
        "dist_to_fault_km": 80.81,
        "temp_c": 26.5,
        "rainfall_mm": 9.7,
        "timestamp": "2026-09-07T07:56:51.079660+00:00"
      }
    },
    {
      "type": "Feature",
      "geometry": {
        "type": "Point",
        "coordinates": [
          80.42,
          21.1
        ]
      },
      "properties": {
        "probability": 0.051,
        "confidence": "low",
        "iron_oxide_index": 0.3142,
        "ferrous_mineral_index": 0.2162,
        "swir_b11_reflectance": 0.2068,
        "swir_b12_reflectance": 0.1807,
        "ndvi": 0.4324,
        "elevation_m": 349.6,
        "slope_deg": 3.4,
        "dist_to_fault_km": 84.96,
        "temp_c": 26.5,
        "rainfall_mm": 9.7,
        "timestamp": "2026-09-07T07:56:51.079660+00:00"
      }
    },
    {
      "type": "Feature",
      "geometry": {
        "type": "Point",
        "coordinates": [
          80.48,
          21.1
        ]
      },
      "properties": {
        "probability": 0.005,
        "confidence": "low",
        "iron_oxide_index": 0.2836,
        "ferrous_mineral_index": 0.2669,
        "swir_b11_reflectance": 0.1605,
        "swir_b12_reflectance": 0.2198,
        "ndvi": 0.4325,
        "elevation_m": 349.6,
        "slope_deg": 3.0,
        "dist_to_fault_km": 87.19,
        "temp_c": 26.5,
        "rainfall_mm": 9.7,
        "timestamp": "2026-09-07T07:56:51.079660+00:00"
      }
    },
    {
      "type": "Feature",
      "geometry": {
        "type": "Point",
        "coordinates": [
          80.54,
          21.1
        ]
      },
      "properties": {
        "probability": 0.0209,
        "confidence": "low",
        "iron_oxide_index": 0.3191,
        "ferrous_mineral_index": 0.2375,
        "swir_b11_reflectance": 0.1793,
        "swir_b12_reflectance": 0.2116,
        "ndvi": 0.4489,
        "elevation_m": 349.6,
        "slope_deg": 3.5,
        "dist_to_fault_km": 89.86,
        "temp_c": 26.5,
        "rainfall_mm": 9.7,
        "timestamp": "2026-09-07T07:56:51.079660+00:00"
      }
    },
    {
      "type": "Feature",
      "geometry": {
        "type": "Point",
        "coordinates": [
          80.6,
          21.1
        ]
      },
      "properties": {
        "probability": 0.0741,
        "confidence": "low",
        "iron_oxide_index": 0.3027,
        "ferrous_mineral_index": 0.1887,
        "swir_b11_reflectance": 0.1766,
        "swir_b12_reflectance": 0.2033,
        "ndvi": 0.4454,
        "elevation_m": 349.6,
        "slope_deg": 3.8,
        "dist_to_fault_km": 92.42,
        "temp_c": 26.5,
        "rainfall_mm": 9.7,
        "timestamp": "2026-09-07T07:56:51.079660+00:00"
      }
    },
    {
      "type": "Feature",
      "geometry": {
        "type": "Point",
        "coordinates": [
          80.66,
          21.1
        ]
      },
      "properties": {
        "probability": 0.0691,
        "confidence": "low",
        "iron_oxide_index": 0.3097,
        "ferrous_mineral_index": 0.1958,
        "swir_b11_reflectance": 0.1798,
        "swir_b12_reflectance": 0.2255,
        "ndvi": 0.3803,
        "elevation_m": 349.6,
        "slope_deg": 3.9,
        "dist_to_fault_km": 93.43,
        "temp_c": 26.5,
        "rainfall_mm": 9.7,
        "timestamp": "2026-09-07T07:56:51.079660+00:00"
      }
    },
    {
      "type": "Feature",
      "geometry": {
        "type": "Point",
        "coordinates": [
          80.72,
          21.1
        ]
      },
      "properties": {
        "probability": 0.0144,
        "confidence": "low",
        "iron_oxide_index": 0.2865,
        "ferrous_mineral_index": 0.2476,
        "swir_b11_reflectance": 0.1746,
        "swir_b12_reflectance": 0.2188,
        "ndvi": 0.4705,
        "elevation_m": 349.6,
        "slope_deg": 3.3,
        "dist_to_fault_km": 94.77,
        "temp_c": 26.5,
        "rainfall_mm": 9.7,
        "timestamp": "2026-09-07T07:56:51.079660+00:00"
      }
    },
    {
      "type": "Feature",
      "geometry": {
        "type": "Point",
        "coordinates": [
          80.78,
          21.1
        ]
      },
      "properties": {
        "probability": 0.0101,
        "confidence": "low",
        "iron_oxide_index": 0.3003,
        "ferrous_mineral_index": 0.2272,
        "swir_b11_reflectance": 0.1849,
        "swir_b12_reflectance": 0.2072,
        "ndvi": 0.4267,
        "elevation_m": 349.6,
        "slope_deg": 4.2,
        "dist_to_fault_km": 96.54,
        "temp_c": 26.5,
        "rainfall_mm": 9.7,
        "timestamp": "2026-09-07T07:56:51.079660+00:00"
      }
    },
    {
      "type": "Feature",
      "geometry": {
        "type": "Point",
        "coordinates": [
          78.5,
          21.16
        ]
      },
      "properties": {
        "probability": 0.011,
        "confidence": "low",
        "iron_oxide_index": 0.2903,
        "ferrous_mineral_index": 0.2235,
        "swir_b11_reflectance": 0.163,
        "swir_b12_reflectance": 0.2196,
        "ndvi": 0.4022,
        "elevation_m": 337.0,
        "slope_deg": 3.5,
        "dist_to_fault_km": 61.78,
        "temp_c": 27.4,
        "rainfall_mm": 7.6,
        "timestamp": "2026-09-07T07:56:51.079660+00:00"
      }
    },
    {
      "type": "Feature",
      "geometry": {
        "type": "Point",
        "coordinates": [
          78.56,
          21.16
        ]
      },
      "properties": {
        "probability": 0.0121,
        "confidence": "low",
        "iron_oxide_index": 0.2945,
        "ferrous_mineral_index": 0.2348,
        "swir_b11_reflectance": 0.1884,
        "swir_b12_reflectance": 0.2306,
        "ndvi": 0.4143,
        "elevation_m": 337.0,
        "slope_deg": 2.7,
        "dist_to_fault_km": 55.48,
        "temp_c": 27.4,
        "rainfall_mm": 7.6,
        "timestamp": "2026-09-07T07:56:51.079660+00:00"
      }
    },
    {
      "type": "Feature",
      "geometry": {
        "type": "Point",
        "coordinates": [
          78.62,
          21.16
        ]
      },
      "properties": {
        "probability": 0.0367,
        "confidence": "low",
        "iron_oxide_index": 0.2983,
        "ferrous_mineral_index": 0.2465,
        "swir_b11_reflectance": 0.1724,
        "swir_b12_reflectance": 0.2289,
        "ndvi": 0.3739,
        "elevation_m": 337.0,
        "slope_deg": 3.0,
        "dist_to_fault_km": 49.27,
        "temp_c": 27.4,
        "rainfall_mm": 7.6,
        "timestamp": "2026-09-07T07:56:51.079660+00:00"
      }
    },
    {
      "type": "Feature",
      "geometry": {
        "type": "Point",
        "coordinates": [
          78.68,
          21.16
        ]
      },
      "properties": {
        "probability": 0.0288,
        "confidence": "low",
        "iron_oxide_index": 0.2885,
        "ferrous_mineral_index": 0.2125,
        "swir_b11_reflectance": 0.1526,
        "swir_b12_reflectance": 0.2145,
        "ndvi": 0.4515,
        "elevation_m": 337.0,
        "slope_deg": 3.3,
        "dist_to_fault_km": 43.19,
        "temp_c": 27.4,
        "rainfall_mm": 7.6,
        "timestamp": "2026-09-07T07:56:51.079660+00:00"
      }
    },
    {
      "type": "Feature",
      "geometry": {
        "type": "Point",
        "coordinates": [
          78.74,
          21.16
        ]
      },
      "properties": {
        "probability": 0.0233,
        "confidence": "low",
        "iron_oxide_index": 0.3023,
        "ferrous_mineral_index": 0.2076,
        "swir_b11_reflectance": 0.1946,
        "swir_b12_reflectance": 0.2131,
        "ndvi": 0.4541,
        "elevation_m": 337.0,
        "slope_deg": 3.9,
        "dist_to_fault_km": 37.31,
        "temp_c": 27.4,
        "rainfall_mm": 7.6,
        "timestamp": "2026-09-07T07:56:51.079660+00:00"
      }
    },
    {
      "type": "Feature",
      "geometry": {
        "type": "Point",
        "coordinates": [
          78.8,
          21.16
        ]
      },
      "properties": {
        "probability": 0.0203,
        "confidence": "low",
        "iron_oxide_index": 0.3328,
        "ferrous_mineral_index": 0.2024,
        "swir_b11_reflectance": 0.1733,
        "swir_b12_reflectance": 0.2405,
        "ndvi": 0.4187,
        "elevation_m": 337.0,
        "slope_deg": 3.5,
        "dist_to_fault_km": 31.75,
        "temp_c": 27.4,
        "rainfall_mm": 7.6,
        "timestamp": "2026-09-07T07:56:51.079660+00:00"
      }
    },
    {
      "type": "Feature",
      "geometry": {
        "type": "Point",
        "coordinates": [
          78.86,
          21.16
        ]
      },
      "properties": {
        "probability": 0.0424,
        "confidence": "low",
        "iron_oxide_index": 0.2977,
        "ferrous_mineral_index": 0.2407,
        "swir_b11_reflectance": 0.1285,
        "swir_b12_reflectance": 0.2203,
        "ndvi": 0.4106,
        "elevation_m": 337.0,
        "slope_deg": 4.6,
        "dist_to_fault_km": 26.69,
        "temp_c": 27.4,
        "rainfall_mm": 7.6,
        "timestamp": "2026-09-07T07:56:51.079660+00:00"
      }
    },
    {
      "type": "Feature",
      "geometry": {
        "type": "Point",
        "coordinates": [
          78.92,
          21.16
        ]
      },
      "properties": {
        "probability": 0.0667,
        "confidence": "low",
        "iron_oxide_index": 0.2651,
        "ferrous_mineral_index": 0.1964,
        "swir_b11_reflectance": 0.1812,
        "swir_b12_reflectance": 0.2102,
        "ndvi": 0.3589,
        "elevation_m": 337.0,
        "slope_deg": 2.6,
        "dist_to_fault_km": 22.48,
        "temp_c": 27.4,
        "rainfall_mm": 7.6,
        "timestamp": "2026-09-07T07:56:51.079660+00:00"
      }
    },
    {
      "type": "Feature",
      "geometry": {
        "type": "Point",
        "coordinates": [
          78.98,
          21.16
        ]
      },
      "properties": {
        "probability": 0.0762,
        "confidence": "low",
        "iron_oxide_index": 0.3009,
        "ferrous_mineral_index": 0.22,
        "swir_b11_reflectance": 0.1572,
        "swir_b12_reflectance": 0.219,
        "ndvi": 0.3741,
        "elevation_m": 337.0,
        "slope_deg": 3.8,
        "dist_to_fault_km": 19.67,
        "temp_c": 27.4,
        "rainfall_mm": 7.6,
        "timestamp": "2026-09-07T07:56:51.079660+00:00"
      }
    },
    {
      "type": "Feature",
      "geometry": {
        "type": "Point",
        "coordinates": [
          79.04,
          21.16
        ]
      },
      "properties": {
        "probability": 0.0494,
        "confidence": "low",
        "iron_oxide_index": 0.3321,
        "ferrous_mineral_index": 0.2321,
        "swir_b11_reflectance": 0.1772,
        "swir_b12_reflectance": 0.2361,
        "ndvi": 0.5404,
        "elevation_m": 337.0,
        "slope_deg": 3.1,
        "dist_to_fault_km": 15.54,
        "temp_c": 27.4,
        "rainfall_mm": 7.6,
        "timestamp": "2026-09-07T07:56:51.079660+00:00"
      }
    },
    {
      "type": "Feature",
      "geometry": {
        "type": "Point",
        "coordinates": [
          79.1,
          21.16
        ]
      },
      "properties": {
        "probability": 0.0346,
        "confidence": "low",
        "iron_oxide_index": 0.4928,
        "ferrous_mineral_index": 0.3804,
        "swir_b11_reflectance": 0.3098,
        "swir_b12_reflectance": 0.3675,
        "ndvi": 0.3986,
        "elevation_m": 282.6,
        "slope_deg": 5.6,
        "dist_to_fault_km": 8.88,
        "temp_c": 27.5,
        "rainfall_mm": 8.9,
        "timestamp": "2026-09-07T07:56:51.079660+00:00"
      }
    },
    {
      "type": "Feature",
      "geometry": {
        "type": "Point",
        "coordinates": [
          79.16,
          21.16
        ]
      },
      "properties": {
        "probability": 1.0,
        "confidence": "high",
        "iron_oxide_index": 0.6811,
        "ferrous_mineral_index": 0.5445,
        "swir_b11_reflectance": 0.4311,
        "swir_b12_reflectance": 0.4968,
        "ndvi": 0.3349,
        "elevation_m": 282.6,
        "slope_deg": 10.2,
        "dist_to_fault_km": 2.22,
        "temp_c": 27.5,
        "rainfall_mm": 8.9,
        "timestamp": "2026-09-07T07:56:51.079660+00:00"
      }
    },
    {
      "type": "Feature",
      "geometry": {
        "type": "Point",
        "coordinates": [
          79.22,
          21.16
        ]
      },
      "properties": {
        "probability": 0.99,
        "confidence": "high",
        "iron_oxide_index": 0.6401,
        "ferrous_mineral_index": 0.4897,
        "swir_b11_reflectance": 0.3809,
        "swir_b12_reflectance": 0.4483,
        "ndvi": 0.3867,
        "elevation_m": 282.6,
        "slope_deg": 9.7,
        "dist_to_fault_km": 4.44,
        "temp_c": 27.5,
        "rainfall_mm": 8.9,
        "timestamp": "2026-09-07T07:56:51.079660+00:00"
      }
    },
    {
      "type": "Feature",
      "geometry": {
        "type": "Point",
        "coordinates": [
          79.28,
          21.16
        ]
      },
      "properties": {
        "probability": 0.0113,
        "confidence": "low",
        "iron_oxide_index": 0.413,
        "ferrous_mineral_index": 0.3205,
        "swir_b11_reflectance": 0.2656,
        "swir_b12_reflectance": 0.2937,
        "ndvi": 0.435,
        "elevation_m": 282.6,
        "slope_deg": 5.2,
        "dist_to_fault_km": 11.1,
        "temp_c": 27.5,
        "rainfall_mm": 8.9,
        "timestamp": "2026-09-07T07:56:51.079660+00:00"
      }
    },
    {
      "type": "Feature",
      "geometry": {
        "type": "Point",
        "coordinates": [
          79.34,
          21.16
        ]
      },
      "properties": {
        "probability": 0.0353,
        "confidence": "low",
        "iron_oxide_index": 0.3001,
        "ferrous_mineral_index": 0.1881,
        "swir_b11_reflectance": 0.1874,
        "swir_b12_reflectance": 0.203,
        "ndvi": 0.4282,
        "elevation_m": 282.6,
        "slope_deg": 2.3,
        "dist_to_fault_km": 17.76,
        "temp_c": 27.5,
        "rainfall_mm": 8.9,
        "timestamp": "2026-09-07T07:56:51.079660+00:00"
      }
    },
    {
      "type": "Feature",
      "geometry": {
        "type": "Point",
        "coordinates": [
          79.4,
          21.16
        ]
      },
      "properties": {
        "probability": 0.0098,
        "confidence": "low",
        "iron_oxide_index": 0.302,
        "ferrous_mineral_index": 0.2459,
        "swir_b11_reflectance": 0.1528,
        "swir_b12_reflectance": 0.2389,
        "ndvi": 0.4619,
        "elevation_m": 282.6,
        "slope_deg": 3.1,
        "dist_to_fault_km": 20.01,
        "temp_c": 27.5,
        "rainfall_mm": 8.9,
        "timestamp": "2026-09-07T07:56:51.079660+00:00"
      }
    },
    {
      "type": "Feature",
      "geometry": {
        "type": "Point",
        "coordinates": [
          79.46,
          21.16
        ]
      },
      "properties": {
        "probability": 0.0175,
        "confidence": "low",
        "iron_oxide_index": 0.2854,
        "ferrous_mineral_index": 0.2132,
        "swir_b11_reflectance": 0.1821,
        "swir_b12_reflectance": 0.2196,
        "ndvi": 0.4541,
        "elevation_m": 282.6,
        "slope_deg": 3.5,
        "dist_to_fault_km": 23.1,
        "temp_c": 27.5,
        "rainfall_mm": 8.9,
        "timestamp": "2026-09-07T07:56:51.079660+00:00"
      }
    },
    {
      "type": "Feature",
      "geometry": {
        "type": "Point",
        "coordinates": [
          79.52,
          21.16
        ]
      },
      "properties": {
        "probability": 0.0239,
        "confidence": "low",
        "iron_oxide_index": 0.3324,
        "ferrous_mineral_index": 0.2217,
        "swir_b11_reflectance": 0.1931,
        "swir_b12_reflectance": 0.2309,
        "ndvi": 0.4447,
        "elevation_m": 282.6,
        "slope_deg": 2.3,
        "dist_to_fault_km": 21.98,
        "temp_c": 27.5,
        "rainfall_mm": 8.9,
        "timestamp": "2026-09-07T07:56:51.079660+00:00"
      }
    },
    {
      "type": "Feature",
      "geometry": {
        "type": "Point",
        "coordinates": [
          79.58,
          21.16
        ]
      },
      "properties": {
        "probability": 0.045,
        "confidence": "low",
        "iron_oxide_index": 0.2822,
        "ferrous_mineral_index": 0.1914,
        "swir_b11_reflectance": 0.1796,
        "swir_b12_reflectance": 0.2063,
        "ndvi": 0.4267,
        "elevation_m": 282.6,
        "slope_deg": 1.9,
        "dist_to_fault_km": 17.9,
        "temp_c": 27.5,
        "rainfall_mm": 8.9,
        "timestamp": "2026-09-07T07:56:51.079660+00:00"
      }
    },
    {
      "type": "Feature",
      "geometry": {
        "type": "Point",
        "coordinates": [
          79.64,
          21.16
        ]
      },
      "properties": {
        "probability": 0.0401,
        "confidence": "low",
        "iron_oxide_index": 0.278,
        "ferrous_mineral_index": 0.2243,
        "swir_b11_reflectance": 0.1899,
        "swir_b12_reflectance": 0.2032,
        "ndvi": 0.4436,
        "elevation_m": 282.6,
        "slope_deg": 3.2,
        "dist_to_fault_km": 15.7,
        "temp_c": 27.5,
        "rainfall_mm": 8.9,
        "timestamp": "2026-09-07T07:56:51.079660+00:00"
      }
    },
    {
      "type": "Feature",
      "geometry": {
        "type": "Point",
        "coordinates": [
          79.7,
          21.16
        ]
      },
      "properties": {
        "probability": 0.0475,
        "confidence": "low",
        "iron_oxide_index": 0.2806,
        "ferrous_mineral_index": 0.185,
        "swir_b11_reflectance": 0.1896,
        "swir_b12_reflectance": 0.2123,
        "ndvi": 0.3624,
        "elevation_m": 291.9,
        "slope_deg": 2.3,
        "dist_to_fault_km": 16.16,
        "temp_c": 27.2,
        "rainfall_mm": 9.8,
        "timestamp": "2026-09-07T07:56:51.079660+00:00"
      }
    },
    {
      "type": "Feature",
      "geometry": {
        "type": "Point",
        "coordinates": [
          79.76,
          21.16
        ]
      },
      "properties": {
        "probability": 0.025,
        "confidence": "low",
        "iron_oxide_index": 0.2777,
        "ferrous_mineral_index": 0.216,
        "swir_b11_reflectance": 0.205,
        "swir_b12_reflectance": 0.2043,
        "ndvi": 0.4876,
        "elevation_m": 291.9,
        "slope_deg": 2.6,
        "dist_to_fault_km": 19.1,
        "temp_c": 27.2,
        "rainfall_mm": 9.8,
        "timestamp": "2026-09-07T07:56:51.079660+00:00"
      }
    },
    {
      "type": "Feature",
      "geometry": {
        "type": "Point",
        "coordinates": [
          79.82,
          21.16
        ]
      },
      "properties": {
        "probability": 0.01,
        "confidence": "low",
        "iron_oxide_index": 0.3323,
        "ferrous_mineral_index": 0.237,
        "swir_b11_reflectance": 0.1771,
        "swir_b12_reflectance": 0.2472,
        "ndvi": 0.414,
        "elevation_m": 291.9,
        "slope_deg": 2.7,
        "dist_to_fault_km": 23.6,
        "temp_c": 27.2,
        "rainfall_mm": 9.8,
        "timestamp": "2026-09-07T07:56:51.079660+00:00"
      }
    },
    {
      "type": "Feature",
      "geometry": {
        "type": "Point",
        "coordinates": [
          79.88,
          21.16
        ]
      },
      "properties": {
        "probability": 0.0125,
        "confidence": "low",
        "iron_oxide_index": 0.3164,
        "ferrous_mineral_index": 0.2251,
        "swir_b11_reflectance": 0.1649,
        "swir_b12_reflectance": 0.2372,
        "ndvi": 0.4644,
        "elevation_m": 291.9,
        "slope_deg": 2.3,
        "dist_to_fault_km": 28.95,
        "temp_c": 27.2,
        "rainfall_mm": 9.8,
        "timestamp": "2026-09-07T07:56:51.079660+00:00"
      }
    },
    {
      "type": "Feature",
      "geometry": {
        "type": "Point",
        "coordinates": [
          79.94,
          21.16
        ]
      },
      "properties": {
        "probability": 0.01,
        "confidence": "low",
        "iron_oxide_index": 0.3066,
        "ferrous_mineral_index": 0.2107,
        "swir_b11_reflectance": 0.1824,
        "swir_b12_reflectance": 0.2107,
        "ndvi": 0.4581,
        "elevation_m": 291.9,
        "slope_deg": 2.1,
        "dist_to_fault_km": 34.75,
        "temp_c": 27.2,
        "rainfall_mm": 9.8,
        "timestamp": "2026-09-07T07:56:51.079660+00:00"
      }
    },
    {
      "type": "Feature",
      "geometry": {
        "type": "Point",
        "coordinates": [
          80.0,
          21.16
        ]
      },
      "properties": {
        "probability": 0.0158,
        "confidence": "low",
        "iron_oxide_index": 0.3049,
        "ferrous_mineral_index": 0.2006,
        "swir_b11_reflectance": 0.1754,
        "swir_b12_reflectance": 0.1855,
        "ndvi": 0.4819,
        "elevation_m": 291.9,
        "slope_deg": 2.0,
        "dist_to_fault_km": 40.81,
        "temp_c": 27.2,
        "rainfall_mm": 9.8,
        "timestamp": "2026-09-07T07:56:51.079660+00:00"
      }
    },
    {
      "type": "Feature",
      "geometry": {
        "type": "Point",
        "coordinates": [
          80.06,
          21.16
        ]
      },
      "properties": {
        "probability": 0.015,
        "confidence": "low",
        "iron_oxide_index": 0.2733,
        "ferrous_mineral_index": 0.2353,
        "swir_b11_reflectance": 0.1711,
        "swir_b12_reflectance": 0.2063,
        "ndvi": 0.4472,
        "elevation_m": 291.9,
        "slope_deg": 2.1,
        "dist_to_fault_km": 47.04,
        "temp_c": 27.2,
        "rainfall_mm": 9.8,
        "timestamp": "2026-09-07T07:56:51.079660+00:00"
      }
    },
    {
      "type": "Feature",
      "geometry": {
        "type": "Point",
        "coordinates": [
          80.12,
          21.16
        ]
      },
      "properties": {
        "probability": 0.0,
        "confidence": "low",
        "iron_oxide_index": 0.2783,
        "ferrous_mineral_index": 0.2287,
        "swir_b11_reflectance": 0.1532,
        "swir_b12_reflectance": 0.219,
        "ndvi": 0.4402,
        "elevation_m": 291.9,
        "slope_deg": 3.1,
        "dist_to_fault_km": 53.37,
        "temp_c": 27.2,
        "rainfall_mm": 9.8,
        "timestamp": "2026-09-07T07:56:51.079660+00:00"
      }
    },
    {
      "type": "Feature",
      "geometry": {
        "type": "Point",
        "coordinates": [
          80.18,
          21.16
        ]
      },
      "properties": {
        "probability": 0.0057,
        "confidence": "low",
        "iron_oxide_index": 0.3096,
        "ferrous_mineral_index": 0.2689,
        "swir_b11_reflectance": 0.1581,
        "swir_b12_reflectance": 0.2346,
        "ndvi": 0.447,
        "elevation_m": 291.9,
        "slope_deg": 2.9,
        "dist_to_fault_km": 59.77,
        "temp_c": 27.2,
        "rainfall_mm": 9.8,
        "timestamp": "2026-09-07T07:56:51.079660+00:00"
      }
    },
    {
      "type": "Feature",
      "geometry": {
        "type": "Point",
        "coordinates": [
          80.24,
          21.16
        ]
      },
      "properties": {
        "probability": 0.0233,
        "confidence": "low",
        "iron_oxide_index": 0.3023,
        "ferrous_mineral_index": 0.1878,
        "swir_b11_reflectance": 0.1499,
        "swir_b12_reflectance": 0.1979,
        "ndvi": 0.4813,
        "elevation_m": 291.9,
        "slope_deg": 2.0,
        "dist_to_fault_km": 66.23,
        "temp_c": 27.2,
        "rainfall_mm": 9.8,
        "timestamp": "2026-09-07T07:56:51.079660+00:00"
      }
    },
    {
      "type": "Feature",
      "geometry": {
        "type": "Point",
        "coordinates": [
          80.3,
          21.16
        ]
      },
      "properties": {
        "probability": 0.005,
        "confidence": "low",
        "iron_oxide_index": 0.2966,
        "ferrous_mineral_index": 0.1981,
        "swir_b11_reflectance": 0.1816,
        "swir_b12_reflectance": 0.2464,
        "ndvi": 0.4265,
        "elevation_m": 291.9,
        "slope_deg": 1.4,
        "dist_to_fault_km": 72.72,
        "temp_c": 27.2,
        "rainfall_mm": 9.8,
        "timestamp": "2026-09-07T07:56:51.079660+00:00"
      }
    },
    {
      "type": "Feature",
      "geometry": {
        "type": "Point",
        "coordinates": [
          80.36,
          21.16
        ]
      },
      "properties": {
        "probability": 0.01,
        "confidence": "low",
        "iron_oxide_index": 0.2521,
        "ferrous_mineral_index": 0.2123,
        "swir_b11_reflectance": 0.1643,
        "swir_b12_reflectance": 0.216,
        "ndvi": 0.4785,
        "elevation_m": 349.6,
        "slope_deg": 4.4,
        "dist_to_fault_km": 76.73,
        "temp_c": 26.5,
        "rainfall_mm": 9.7,
        "timestamp": "2026-09-07T07:56:51.079660+00:00"
      }
    },
    {
      "type": "Feature",
      "geometry": {
        "type": "Point",
        "coordinates": [
          80.42,
          21.16
        ]
      },
      "properties": {
        "probability": 0.0742,
        "confidence": "low",
        "iron_oxide_index": 0.2715,
        "ferrous_mineral_index": 0.1785,
        "swir_b11_reflectance": 0.1763,
        "swir_b12_reflectance": 0.2243,
        "ndvi": 0.4661,
        "elevation_m": 349.6,
        "slope_deg": 3.1,
        "dist_to_fault_km": 78.63,
        "temp_c": 26.5,
        "rainfall_mm": 9.7,
        "timestamp": "2026-09-07T07:56:51.079660+00:00"
      }
    },
    {
      "type": "Feature",
      "geometry": {
        "type": "Point",
        "coordinates": [
          80.48,
          21.16
        ]
      },
      "properties": {
        "probability": 0.0059,
        "confidence": "low",
        "iron_oxide_index": 0.2949,
        "ferrous_mineral_index": 0.2184,
        "swir_b11_reflectance": 0.1804,
        "swir_b12_reflectance": 0.2287,
        "ndvi": 0.4373,
        "elevation_m": 349.6,
        "slope_deg": 4.0,
        "dist_to_fault_km": 81.04,
        "temp_c": 26.5,
        "rainfall_mm": 9.7,
        "timestamp": "2026-09-07T07:56:51.079660+00:00"
      }
    },
    {
      "type": "Feature",
      "geometry": {
        "type": "Point",
        "coordinates": [
          80.54,
          21.16
        ]
      },
      "properties": {
        "probability": 0.0042,
        "confidence": "low",
        "iron_oxide_index": 0.3043,
        "ferrous_mineral_index": 0.2419,
        "swir_b11_reflectance": 0.1722,
        "swir_b12_reflectance": 0.24,
        "ndvi": 0.4353,
        "elevation_m": 349.6,
        "slope_deg": 3.4,
        "dist_to_fault_km": 83.69,
        "temp_c": 26.5,
        "rainfall_mm": 9.7,
        "timestamp": "2026-09-07T07:56:51.079660+00:00"
      }
    },
    {
      "type": "Feature",
      "geometry": {
        "type": "Point",
        "coordinates": [
          80.6,
          21.16
        ]
      },
      "properties": {
        "probability": 0.0172,
        "confidence": "low",
        "iron_oxide_index": 0.294,
        "ferrous_mineral_index": 0.2573,
        "swir_b11_reflectance": 0.1953,
        "swir_b12_reflectance": 0.2404,
        "ndvi": 0.4331,
        "elevation_m": 349.6,
        "slope_deg": 3.2,
        "dist_to_fault_km": 85.93,
        "temp_c": 26.5,
        "rainfall_mm": 9.7,
        "timestamp": "2026-09-07T07:56:51.079660+00:00"
      }
    },
    {
      "type": "Feature",
      "geometry": {
        "type": "Point",
        "coordinates": [
          80.66,
          21.16
        ]
      },
      "properties": {
        "probability": 0.01,
        "confidence": "low",
        "iron_oxide_index": 0.2806,
        "ferrous_mineral_index": 0.2291,
        "swir_b11_reflectance": 0.1894,
        "swir_b12_reflectance": 0.222,
        "ndvi": 0.4243,
        "elevation_m": 349.6,
        "slope_deg": 2.8,
        "dist_to_fault_km": 86.87,
        "temp_c": 26.5,
        "rainfall_mm": 9.7,
        "timestamp": "2026-09-07T07:56:51.079660+00:00"
      }
    },
    {
      "type": "Feature",
      "geometry": {
        "type": "Point",
        "coordinates": [
          80.72,
          21.16
        ]
      },
      "properties": {
        "probability": 0.0344,
        "confidence": "low",
        "iron_oxide_index": 0.3167,
        "ferrous_mineral_index": 0.1965,
        "swir_b11_reflectance": 0.1612,
        "swir_b12_reflectance": 0.2334,
        "ndvi": 0.4235,
        "elevation_m": 349.6,
        "slope_deg": 4.6,
        "dist_to_fault_km": 88.31,
        "temp_c": 26.5,
        "rainfall_mm": 9.7,
        "timestamp": "2026-09-07T07:56:51.079660+00:00"
      }
    },
    {
      "type": "Feature",
      "geometry": {
        "type": "Point",
        "coordinates": [
          80.78,
          21.16
        ]
      },
      "properties": {
        "probability": 0.0305,
        "confidence": "low",
        "iron_oxide_index": 0.3058,
        "ferrous_mineral_index": 0.2313,
        "swir_b11_reflectance": 0.1906,
        "swir_b12_reflectance": 0.2071,
        "ndvi": 0.4912,
        "elevation_m": 349.6,
        "slope_deg": 3.6,
        "dist_to_fault_km": 90.21,
        "temp_c": 26.5,
        "rainfall_mm": 9.7,
        "timestamp": "2026-09-07T07:56:51.079660+00:00"
      }
    },
    {
      "type": "Feature",
      "geometry": {
        "type": "Point",
        "coordinates": [
          78.5,
          21.22
        ]
      },
      "properties": {
        "probability": 0.013,
        "confidence": "low",
        "iron_oxide_index": 0.3176,
        "ferrous_mineral_index": 0.2113,
        "swir_b11_reflectance": 0.1848,
        "swir_b12_reflectance": 0.2129,
        "ndvi": 0.4549,
        "elevation_m": 337.0,
        "slope_deg": 2.9,
        "dist_to_fault_km": 60.08,
        "temp_c": 27.4,
        "rainfall_mm": 7.6,
        "timestamp": "2026-09-07T07:56:51.079660+00:00"
      }
    },
    {
      "type": "Feature",
      "geometry": {
        "type": "Point",
        "coordinates": [
          78.56,
          21.22
        ]
      },
      "properties": {
        "probability": 0.0254,
        "confidence": "low",
        "iron_oxide_index": 0.281,
        "ferrous_mineral_index": 0.2102,
        "swir_b11_reflectance": 0.1768,
        "swir_b12_reflectance": 0.2283,
        "ndvi": 0.4367,
        "elevation_m": 337.0,
        "slope_deg": 3.2,
        "dist_to_fault_km": 53.58,
        "temp_c": 27.4,
        "rainfall_mm": 7.6,
        "timestamp": "2026-09-07T07:56:51.079660+00:00"
      }
    },
    {
      "type": "Feature",
      "geometry": {
        "type": "Point",
        "coordinates": [
          78.62,
          21.22
        ]
      },
      "properties": {
        "probability": 0.0705,
        "confidence": "low",
        "iron_oxide_index": 0.3207,
        "ferrous_mineral_index": 0.1981,
        "swir_b11_reflectance": 0.1739,
        "swir_b12_reflectance": 0.1824,
        "ndvi": 0.4022,
        "elevation_m": 337.0,
        "slope_deg": 2.4,
        "dist_to_fault_km": 47.12,
        "temp_c": 27.4,
        "rainfall_mm": 7.6,
        "timestamp": "2026-09-07T07:56:51.079660+00:00"
      }
    },
    {
      "type": "Feature",
      "geometry": {
        "type": "Point",
        "coordinates": [
          78.68,
          21.22
        ]
      },
      "properties": {
        "probability": 0.0488,
        "confidence": "low",
        "iron_oxide_index": 0.2936,
        "ferrous_mineral_index": 0.2265,
        "swir_b11_reflectance": 0.157,
        "swir_b12_reflectance": 0.2032,
        "ndvi": 0.4441,
        "elevation_m": 337.0,
        "slope_deg": 3.1,
        "dist_to_fault_km": 40.72,
        "temp_c": 27.4,
        "rainfall_mm": 7.6,
        "timestamp": "2026-09-07T07:56:51.079660+00:00"
      }
    },
    {
      "type": "Feature",
      "geometry": {
        "type": "Point",
        "coordinates": [
          78.74,
          21.22
        ]
      },
      "properties": {
        "probability": 0.0112,
        "confidence": "low",
        "iron_oxide_index": 0.2942,
        "ferrous_mineral_index": 0.2231,
        "swir_b11_reflectance": 0.1765,
        "swir_b12_reflectance": 0.2384,
        "ndvi": 0.4361,
        "elevation_m": 337.0,
        "slope_deg": 3.6,
        "dist_to_fault_km": 34.43,
        "temp_c": 27.4,
        "rainfall_mm": 7.6,
        "timestamp": "2026-09-07T07:56:51.079660+00:00"
      }
    },
    {
      "type": "Feature",
      "geometry": {
        "type": "Point",
        "coordinates": [
          78.8,
          21.22
        ]
      },
      "properties": {
        "probability": 0.0237,
        "confidence": "low",
        "iron_oxide_index": 0.2633,
        "ferrous_mineral_index": 0.2235,
        "swir_b11_reflectance": 0.172,
        "swir_b12_reflectance": 0.2484,
        "ndvi": 0.4092,
        "elevation_m": 337.0,
        "slope_deg": 3.9,
        "dist_to_fault_km": 28.3,
        "temp_c": 27.4,
        "rainfall_mm": 7.6,
        "timestamp": "2026-09-07T07:56:51.079660+00:00"
      }
    },
    {
      "type": "Feature",
      "geometry": {
        "type": "Point",
        "coordinates": [
          78.86,
          21.22
        ]
      },
      "properties": {
        "probability": 0.0288,
        "confidence": "low",
        "iron_oxide_index": 0.3107,
        "ferrous_mineral_index": 0.2181,
        "swir_b11_reflectance": 0.1758,
        "swir_b12_reflectance": 0.2388,
        "ndvi": 0.4414,
        "elevation_m": 337.0,
        "slope_deg": 3.1,
        "dist_to_fault_km": 22.48,
        "temp_c": 27.4,
        "rainfall_mm": 7.6,
        "timestamp": "2026-09-07T07:56:51.079660+00:00"
      }
    },
    {
      "type": "Feature",
      "geometry": {
        "type": "Point",
        "coordinates": [
          78.92,
          21.22
        ]
      },
      "properties": {
        "probability": 0.0485,
        "confidence": "low",
        "iron_oxide_index": 0.2812,
        "ferrous_mineral_index": 0.1874,
        "swir_b11_reflectance": 0.1827,
        "swir_b12_reflectance": 0.2177,
        "ndvi": 0.4159,
        "elevation_m": 337.0,
        "slope_deg": 2.8,
        "dist_to_fault_km": 17.27,
        "temp_c": 27.4,
        "rainfall_mm": 7.6,
        "timestamp": "2026-09-07T07:56:51.079660+00:00"
      }
    },
    {
      "type": "Feature",
      "geometry": {
        "type": "Point",
        "coordinates": [
          78.98,
          21.22
        ]
      },
      "properties": {
        "probability": 0.045,
        "confidence": "low",
        "iron_oxide_index": 0.3299,
        "ferrous_mineral_index": 0.2416,
        "swir_b11_reflectance": 0.2329,
        "swir_b12_reflectance": 0.2598,
        "ndvi": 0.3735,
        "elevation_m": 337.0,
        "slope_deg": 3.2,
        "dist_to_fault_km": 13.41,
        "temp_c": 27.4,
        "rainfall_mm": 7.6,
        "timestamp": "2026-09-07T07:56:51.079660+00:00"
      }
    },
    {
      "type": "Feature",
      "geometry": {
        "type": "Point",
        "coordinates": [
          79.04,
          21.22
        ]
      },
      "properties": {
        "probability": 0.0254,
        "confidence": "low",
        "iron_oxide_index": 0.3614,
        "ferrous_mineral_index": 0.317,
        "swir_b11_reflectance": 0.2149,
        "swir_b12_reflectance": 0.2903,
        "ndvi": 0.4448,
        "elevation_m": 337.0,
        "slope_deg": 5.5,
        "dist_to_fault_km": 12.26,
        "temp_c": 27.4,
        "rainfall_mm": 7.6,
        "timestamp": "2026-09-07T07:56:51.079660+00:00"
      }
    },
    {
      "type": "Feature",
      "geometry": {
        "type": "Point",
        "coordinates": [
          79.1,
          21.22
        ]
      },
      "properties": {
        "probability": 0.0296,
        "confidence": "low",
        "iron_oxide_index": 0.4253,
        "ferrous_mineral_index": 0.3015,
        "swir_b11_reflectance": 0.2411,
        "swir_b12_reflectance": 0.3382,
        "ndvi": 0.476,
        "elevation_m": 282.6,
        "slope_deg": 5.4,
        "dist_to_fault_km": 11.1,
        "temp_c": 27.5,
        "rainfall_mm": 8.9,
        "timestamp": "2026-09-07T07:56:51.079660+00:00"
      }
    },
    {
      "type": "Feature",
      "geometry": {
        "type": "Point",
        "coordinates": [
          79.16,
          21.22
        ]
      },
      "properties": {
        "probability": 0.6096,
        "confidence": "medium",
        "iron_oxide_index": 0.559,
        "ferrous_mineral_index": 0.4506,
        "swir_b11_reflectance": 0.3052,
        "swir_b12_reflectance": 0.4069,
        "ndvi": 0.3967,
        "elevation_m": 282.6,
        "slope_deg": 6.6,
        "dist_to_fault_km": 7.02,
        "temp_c": 27.5,
        "rainfall_mm": 8.9,
        "timestamp": "2026-09-07T07:56:51.079660+00:00"
      }
    },
    {
      "type": "Feature",
      "geometry": {
        "type": "Point",
        "coordinates": [
          79.22,
          21.22
        ]
      },
      "properties": {
        "probability": 0.0746,
        "confidence": "low",
        "iron_oxide_index": 0.5258,
        "ferrous_mineral_index": 0.4001,
        "swir_b11_reflectance": 0.3245,
        "swir_b12_reflectance": 0.3607,
        "ndvi": 0.4004,
        "elevation_m": 282.6,
        "slope_deg": 6.9,
        "dist_to_fault_km": 8.0,
        "temp_c": 27.5,
        "rainfall_mm": 8.9,
        "timestamp": "2026-09-07T07:56:51.079660+00:00"
      }
    },
    {
      "type": "Feature",
      "geometry": {
        "type": "Point",
        "coordinates": [
          79.28,
          21.22
        ]
      },
      "properties": {
        "probability": 0.05,
        "confidence": "low",
        "iron_oxide_index": 0.3869,
        "ferrous_mineral_index": 0.2618,
        "swir_b11_reflectance": 0.2119,
        "swir_b12_reflectance": 0.2633,
        "ndvi": 0.3868,
        "elevation_m": 282.6,
        "slope_deg": 3.9,
        "dist_to_fault_km": 12.95,
        "temp_c": 27.5,
        "rainfall_mm": 8.9,
        "timestamp": "2026-09-07T07:56:51.079660+00:00"
      }
    },
    {
      "type": "Feature",
      "geometry": {
        "type": "Point",
        "coordinates": [
          79.34,
          21.22
        ]
      },
      "properties": {
        "probability": 0.0442,
        "confidence": "low",
        "iron_oxide_index": 0.3028,
        "ferrous_mineral_index": 0.2182,
        "swir_b11_reflectance": 0.1815,
        "swir_b12_reflectance": 0.2029,
        "ndvi": 0.3812,
        "elevation_m": 282.6,
        "slope_deg": 2.0,
        "dist_to_fault_km": 17.9,
        "temp_c": 27.5,
        "rainfall_mm": 8.9,
        "timestamp": "2026-09-07T07:56:51.079660+00:00"
      }
    },
    {
      "type": "Feature",
      "geometry": {
        "type": "Point",
        "coordinates": [
          79.4,
          21.22
        ]
      },
      "properties": {
        "probability": 0.0154,
        "confidence": "low",
        "iron_oxide_index": 0.3187,
        "ferrous_mineral_index": 0.2462,
        "swir_b11_reflectance": 0.1912,
        "swir_b12_reflectance": 0.2144,
        "ndvi": 0.4376,
        "elevation_m": 282.6,
        "slope_deg": 2.8,
        "dist_to_fault_km": 19.86,
        "temp_c": 27.5,
        "rainfall_mm": 8.9,
        "timestamp": "2026-09-07T07:56:51.079660+00:00"
      }
    },
    {
      "type": "Feature",
      "geometry": {
        "type": "Point",
        "coordinates": [
          79.46,
          21.22
        ]
      },
      "properties": {
        "probability": 0.0155,
        "confidence": "low",
        "iron_oxide_index": 0.3145,
        "ferrous_mineral_index": 0.23,
        "swir_b11_reflectance": 0.1729,
        "swir_b12_reflectance": 0.1919,
        "ndvi": 0.4562,
        "elevation_m": 282.6,
        "slope_deg": 2.0,
        "dist_to_fault_km": 23.6,
        "temp_c": 27.5,
        "rainfall_mm": 8.9,
        "timestamp": "2026-09-07T07:56:51.079660+00:00"
      }
    },
    {
      "type": "Feature",
      "geometry": {
        "type": "Point",
        "coordinates": [
          79.52,
          21.22
        ]
      },
      "properties": {
        "probability": 0.0193,
        "confidence": "low",
        "iron_oxide_index": 0.2694,
        "ferrous_mineral_index": 0.2021,
        "swir_b11_reflectance": 0.1827,
        "swir_b12_reflectance": 0.2243,
        "ndvi": 0.4282,
        "elevation_m": 282.6,
        "slope_deg": 1.9,
        "dist_to_fault_km": 17.9,
        "temp_c": 27.5,
        "rainfall_mm": 8.9,
        "timestamp": "2026-09-07T07:56:51.079660+00:00"
      }
    },
    {
      "type": "Feature",
      "geometry": {
        "type": "Point",
        "coordinates": [
          79.58,
          21.22
        ]
      },
      "properties": {
        "probability": 0.0113,
        "confidence": "low",
        "iron_oxide_index": 0.3587,
        "ferrous_mineral_index": 0.2883,
        "swir_b11_reflectance": 0.2328,
        "swir_b12_reflectance": 0.2779,
        "ndvi": 0.4471,
        "elevation_m": 282.6,
        "slope_deg": 4.8,
        "dist_to_fault_km": 12.56,
        "temp_c": 27.5,
        "rainfall_mm": 8.9,
        "timestamp": "2026-09-07T07:56:51.079660+00:00"
      }
    },
    {
      "type": "Feature",
      "geometry": {
        "type": "Point",
        "coordinates": [
          79.64,
          21.22
        ]
      },
      "properties": {
        "probability": 0.0346,
        "confidence": "low",
        "iron_oxide_index": 0.4908,
        "ferrous_mineral_index": 0.3876,
        "swir_b11_reflectance": 0.2903,
        "swir_b12_reflectance": 0.3414,
        "ndvi": 0.4021,
        "elevation_m": 282.6,
        "slope_deg": 6.3,
        "dist_to_fault_km": 9.15,
        "temp_c": 27.5,
        "rainfall_mm": 8.9,
        "timestamp": "2026-09-07T07:56:51.079660+00:00"
      }
    },
    {
      "type": "Feature",
      "geometry": {
        "type": "Point",
        "coordinates": [
          79.7,
          21.22
        ]
      },
      "properties": {
        "probability": 0.0633,
        "confidence": "low",
        "iron_oxide_index": 0.475,
        "ferrous_mineral_index": 0.3415,
        "swir_b11_reflectance": 0.2738,
        "swir_b12_reflectance": 0.3446,
        "ndvi": 0.3907,
        "elevation_m": 291.9,
        "slope_deg": 5.6,
        "dist_to_fault_km": 9.93,
        "temp_c": 27.2,
        "rainfall_mm": 9.8,
        "timestamp": "2026-09-07T07:56:51.079660+00:00"
      }
    },
    {
      "type": "Feature",
      "geometry": {
        "type": "Point",
        "coordinates": [
          79.76,
          21.22
        ]
      },
      "properties": {
        "probability": 0.0007,
        "confidence": "low",
        "iron_oxide_index": 0.3344,
        "ferrous_mineral_index": 0.2106,
        "swir_b11_reflectance": 0.187,
        "swir_b12_reflectance": 0.2534,
        "ndvi": 0.4196,
        "elevation_m": 291.9,
        "slope_deg": 2.9,
        "dist_to_fault_km": 14.21,
        "temp_c": 27.2,
        "rainfall_mm": 9.8,
        "timestamp": "2026-09-07T07:56:51.079660+00:00"
      }
    },
    {
      "type": "Feature",
      "geometry": {
        "type": "Point",
        "coordinates": [
          79.82,
          21.22
        ]
      },
      "properties": {
        "probability": 0.0239,
        "confidence": "low",
        "iron_oxide_index": 0.2782,
        "ferrous_mineral_index": 0.2248,
        "swir_b11_reflectance": 0.1782,
        "swir_b12_reflectance": 0.2111,
        "ndvi": 0.4384,
        "elevation_m": 291.9,
        "slope_deg": 3.0,
        "dist_to_fault_km": 19.86,
        "temp_c": 27.2,
        "rainfall_mm": 9.8,
        "timestamp": "2026-09-07T07:56:51.079660+00:00"
      }
    },
    {
      "type": "Feature",
      "geometry": {
        "type": "Point",
        "coordinates": [
          79.88,
          21.22
        ]
      },
      "properties": {
        "probability": 0.0175,
        "confidence": "low",
        "iron_oxide_index": 0.2826,
        "ferrous_mineral_index": 0.2361,
        "swir_b11_reflectance": 0.139,
        "swir_b12_reflectance": 0.2116,
        "ndvi": 0.4842,
        "elevation_m": 291.9,
        "slope_deg": 1.7,
        "dist_to_fault_km": 25.98,
        "temp_c": 27.2,
        "rainfall_mm": 9.8,
        "timestamp": "2026-09-07T07:56:51.079660+00:00"
      }
    },
    {
      "type": "Feature",
      "geometry": {
        "type": "Point",
        "coordinates": [
          79.94,
          21.22
        ]
      },
      "properties": {
        "probability": 0.0117,
        "confidence": "low",
        "iron_oxide_index": 0.3126,
        "ferrous_mineral_index": 0.2092,
        "swir_b11_reflectance": 0.1625,
        "swir_b12_reflectance": 0.2067,
        "ndvi": 0.4234,
        "elevation_m": 291.9,
        "slope_deg": 2.2,
        "dist_to_fault_km": 32.32,
        "temp_c": 27.2,
        "rainfall_mm": 9.8,
        "timestamp": "2026-09-07T07:56:51.079660+00:00"
      }
    },
    {
      "type": "Feature",
      "geometry": {
        "type": "Point",
        "coordinates": [
          80.0,
          21.22
        ]
      },
      "properties": {
        "probability": 0.0125,
        "confidence": "low",
        "iron_oxide_index": 0.3,
        "ferrous_mineral_index": 0.1915,
        "swir_b11_reflectance": 0.1615,
        "swir_b12_reflectance": 0.2332,
        "ndvi": 0.433,
        "elevation_m": 291.9,
        "slope_deg": 2.6,
        "dist_to_fault_km": 38.77,
        "temp_c": 27.2,
        "rainfall_mm": 9.8,
        "timestamp": "2026-09-07T07:56:51.079660+00:00"
      }
    },
    {
      "type": "Feature",
      "geometry": {
        "type": "Point",
        "coordinates": [
          80.06,
          21.22
        ]
      },
      "properties": {
        "probability": 0.01,
        "confidence": "low",
        "iron_oxide_index": 0.3124,
        "ferrous_mineral_index": 0.2102,
        "swir_b11_reflectance": 0.1724,
        "swir_b12_reflectance": 0.2314,
        "ndvi": 0.4802,
        "elevation_m": 291.9,
        "slope_deg": 1.7,
        "dist_to_fault_km": 45.28,
        "temp_c": 27.2,
        "rainfall_mm": 9.8,
        "timestamp": "2026-09-07T07:56:51.079660+00:00"
      }
    },
    {
      "type": "Feature",
      "geometry": {
        "type": "Point",
        "coordinates": [
          80.12,
          21.22
        ]
      },
      "properties": {
        "probability": 0.0101,
        "confidence": "low",
        "iron_oxide_index": 0.301,
        "ferrous_mineral_index": 0.2263,
        "swir_b11_reflectance": 0.1556,
        "swir_b12_reflectance": 0.2093,
        "ndvi": 0.4049,
        "elevation_m": 291.9,
        "slope_deg": 3.2,
        "dist_to_fault_km": 51.83,
        "temp_c": 27.2,
        "rainfall_mm": 9.8,
        "timestamp": "2026-09-07T07:56:51.079660+00:00"
      }
    },
    {
      "type": "Feature",
      "geometry": {
        "type": "Point",
        "coordinates": [
          80.18,
          21.22
        ]
      },
      "properties": {
        "probability": 0.0138,
        "confidence": "low",
        "iron_oxide_index": 0.3291,
        "ferrous_mineral_index": 0.2048,
        "swir_b11_reflectance": 0.2067,
        "swir_b12_reflectance": 0.2373,
        "ndvi": 0.4373,
        "elevation_m": 291.9,
        "slope_deg": 2.8,
        "dist_to_fault_km": 58.4,
        "temp_c": 27.2,
        "rainfall_mm": 9.8,
        "timestamp": "2026-09-07T07:56:51.079660+00:00"
      }
    },
    {
      "type": "Feature",
      "geometry": {
        "type": "Point",
        "coordinates": [
          80.24,
          21.22
        ]
      },
      "properties": {
        "probability": 0.0357,
        "confidence": "low",
        "iron_oxide_index": 0.2841,
        "ferrous_mineral_index": 0.2181,
        "swir_b11_reflectance": 0.1958,
        "swir_b12_reflectance": 0.2341,
        "ndvi": 0.4268,
        "elevation_m": 291.9,
        "slope_deg": 3.6,
        "dist_to_fault_km": 64.99,
        "temp_c": 27.2,
        "rainfall_mm": 9.8,
        "timestamp": "2026-09-07T07:56:51.079660+00:00"
      }
    },
    {
      "type": "Feature",
      "geometry": {
        "type": "Point",
        "coordinates": [
          80.3,
          21.22
        ]
      },
      "properties": {
        "probability": 0.0,
        "confidence": "low",
        "iron_oxide_index": 0.3143,
        "ferrous_mineral_index": 0.235,
        "swir_b11_reflectance": 0.1509,
        "swir_b12_reflectance": 0.2298,
        "ndvi": 0.4546,
        "elevation_m": 291.9,
        "slope_deg": 2.6,
        "dist_to_fault_km": 68.8,
        "temp_c": 27.2,
        "rainfall_mm": 9.8,
        "timestamp": "2026-09-07T07:56:51.079660+00:00"
      }
    },
    {
      "type": "Feature",
      "geometry": {
        "type": "Point",
        "coordinates": [
          80.36,
          21.22
        ]
      },
      "properties": {
        "probability": 0.0553,
        "confidence": "low",
        "iron_oxide_index": 0.2908,
        "ferrous_mineral_index": 0.1995,
        "swir_b11_reflectance": 0.1508,
        "swir_b12_reflectance": 0.2163,
        "ndvi": 0.4341,
        "elevation_m": 349.6,
        "slope_deg": 3.5,
        "dist_to_fault_km": 70.29,
        "temp_c": 26.5,
        "rainfall_mm": 9.7,
        "timestamp": "2026-09-07T07:56:51.079660+00:00"
      }
    },
    {
      "type": "Feature",
      "geometry": {
        "type": "Point",
        "coordinates": [
          80.42,
          21.22
        ]
      },
      "properties": {
        "probability": 0.0925,
        "confidence": "low",
        "iron_oxide_index": 0.2943,
        "ferrous_mineral_index": 0.1904,
        "swir_b11_reflectance": 0.1803,
        "swir_b12_reflectance": 0.1992,
        "ndvi": 0.452,
        "elevation_m": 349.6,
        "slope_deg": 3.5,
        "dist_to_fault_km": 72.36,
        "temp_c": 26.5,
        "rainfall_mm": 9.7,
        "timestamp": "2026-09-07T07:56:51.079660+00:00"
      }
    },
    {
      "type": "Feature",
      "geometry": {
        "type": "Point",
        "coordinates": [
          80.48,
          21.22
        ]
      },
      "properties": {
        "probability": 0.0082,
        "confidence": "low",
        "iron_oxide_index": 0.2912,
        "ferrous_mineral_index": 0.2338,
        "swir_b11_reflectance": 0.1597,
        "swir_b12_reflectance": 0.2044,
        "ndvi": 0.4399,
        "elevation_m": 349.6,
        "slope_deg": 3.8,
        "dist_to_fault_km": 74.97,
        "temp_c": 26.5,
        "rainfall_mm": 9.7,
        "timestamp": "2026-09-07T07:56:51.079660+00:00"
      }
    },
    {
      "type": "Feature",
      "geometry": {
        "type": "Point",
        "coordinates": [
          80.54,
          21.22
        ]
      },
      "properties": {
        "probability": 0.0092,
        "confidence": "low",
        "iron_oxide_index": 0.3035,
        "ferrous_mineral_index": 0.2368,
        "swir_b11_reflectance": 0.1845,
        "swir_b12_reflectance": 0.2412,
        "ndvi": 0.4269,
        "elevation_m": 349.6,
        "slope_deg": 3.5,
        "dist_to_fault_km": 77.54,
        "temp_c": 26.5,
        "rainfall_mm": 9.7,
        "timestamp": "2026-09-07T07:56:51.079660+00:00"
      }
    },
    {
      "type": "Feature",
      "geometry": {
        "type": "Point",
        "coordinates": [
          80.6,
          21.22
        ]
      },
      "properties": {
        "probability": 0.009,
        "confidence": "low",
        "iron_oxide_index": 0.3162,
        "ferrous_mineral_index": 0.2052,
        "swir_b11_reflectance": 0.1765,
        "swir_b12_reflectance": 0.223,
        "ndvi": 0.4569,
        "elevation_m": 349.6,
        "slope_deg": 3.0,
        "dist_to_fault_km": 79.31,
        "temp_c": 26.5,
        "rainfall_mm": 9.7,
        "timestamp": "2026-09-07T07:56:51.079660+00:00"
      }
    },
    {
      "type": "Feature",
      "geometry": {
        "type": "Point",
        "coordinates": [
          80.66,
          21.22
        ]
      },
      "properties": {
        "probability": 0.076,
        "confidence": "low",
        "iron_oxide_index": 0.3014,
        "ferrous_mineral_index": 0.2209,
        "swir_b11_reflectance": 0.2219,
        "swir_b12_reflectance": 0.1935,
        "ndvi": 0.504,
        "elevation_m": 349.6,
        "slope_deg": 4.1,
        "dist_to_fault_km": 80.33,
        "temp_c": 26.5,
        "rainfall_mm": 9.7,
        "timestamp": "2026-09-07T07:56:51.079660+00:00"
      }
    },
    {
      "type": "Feature",
      "geometry": {
        "type": "Point",
        "coordinates": [
          80.72,
          21.22
        ]
      },
      "properties": {
        "probability": 0.0408,
        "confidence": "low",
        "iron_oxide_index": 0.3158,
        "ferrous_mineral_index": 0.2153,
        "swir_b11_reflectance": 0.1896,
        "swir_b12_reflectance": 0.2303,
        "ndvi": 0.5041,
        "elevation_m": 349.6,
        "slope_deg": 3.7,
        "dist_to_fault_km": 81.88,
        "temp_c": 26.5,
        "rainfall_mm": 9.7,
        "timestamp": "2026-09-07T07:56:51.079660+00:00"
      }
    },
    {
      "type": "Feature",
      "geometry": {
        "type": "Point",
        "coordinates": [
          80.78,
          21.22
        ]
      },
      "properties": {
        "probability": 0.0541,
        "confidence": "low",
        "iron_oxide_index": 0.2532,
        "ferrous_mineral_index": 0.2589,
        "swir_b11_reflectance": 0.1674,
        "swir_b12_reflectance": 0.1786,
        "ndvi": 0.4751,
        "elevation_m": 349.6,
        "slope_deg": 3.4,
        "dist_to_fault_km": 83.93,
        "temp_c": 26.5,
        "rainfall_mm": 9.7,
        "timestamp": "2026-09-07T07:56:51.079660+00:00"
      }
    },
    {
      "type": "Feature",
      "geometry": {
        "type": "Point",
        "coordinates": [
          78.5,
          21.28
        ]
      },
      "properties": {
        "probability": 0.6279,
        "confidence": "medium",
        "iron_oxide_index": 0.2849,
        "ferrous_mineral_index": 0.2027,
        "swir_b11_reflectance": 0.1605,
        "swir_b12_reflectance": 0.2217,
        "ndvi": 0.4075,
        "elevation_m": 454.8,
        "slope_deg": 5.6,
        "dist_to_fault_km": 59.09,
        "temp_c": 26.8,
        "rainfall_mm": 7.9,
        "timestamp": "2026-09-07T07:56:51.079660+00:00"
      }
    },
    {
      "type": "Feature",
      "geometry": {
        "type": "Point",
        "coordinates": [
          78.56,
          21.28
        ]
      },
      "properties": {
        "probability": 0.6581,
        "confidence": "medium",
        "iron_oxide_index": 0.2813,
        "ferrous_mineral_index": 0.1932,
        "swir_b11_reflectance": 0.1898,
        "swir_b12_reflectance": 0.2368,
        "ndvi": 0.4699,
        "elevation_m": 454.8,
        "slope_deg": 4.3,
        "dist_to_fault_km": 52.46,
        "temp_c": 26.8,
        "rainfall_mm": 7.9,
        "timestamp": "2026-09-07T07:56:51.079660+00:00"
      }
    },
    {
      "type": "Feature",
      "geometry": {
        "type": "Point",
        "coordinates": [
          78.62,
          21.28
        ]
      },
      "properties": {
        "probability": 0.6717,
        "confidence": "medium",
        "iron_oxide_index": 0.2735,
        "ferrous_mineral_index": 0.1718,
        "swir_b11_reflectance": 0.1675,
        "swir_b12_reflectance": 0.2484,
        "ndvi": 0.4364,
        "elevation_m": 454.8,
        "slope_deg": 3.9,
        "dist_to_fault_km": 45.85,
        "temp_c": 26.8,
        "rainfall_mm": 7.9,
        "timestamp": "2026-09-07T07:56:51.079660+00:00"
      }
    },
    {
      "type": "Feature",
      "geometry": {
        "type": "Point",
        "coordinates": [
          78.68,
          21.28
        ]
      },
      "properties": {
        "probability": 0.2781,
        "confidence": "low",
        "iron_oxide_index": 0.2976,
        "ferrous_mineral_index": 0.2564,
        "swir_b11_reflectance": 0.1682,
        "swir_b12_reflectance": 0.221,
        "ndvi": 0.462,
        "elevation_m": 454.8,
        "slope_deg": 5.0,
        "dist_to_fault_km": 39.24,
        "temp_c": 26.8,
        "rainfall_mm": 7.9,
        "timestamp": "2026-09-07T07:56:51.079660+00:00"
      }
    },
    {
      "type": "Feature",
      "geometry": {
        "type": "Point",
        "coordinates": [
          78.74,
          21.28
        ]
      },
      "properties": {
        "probability": 0.2615,
        "confidence": "low",
        "iron_oxide_index": 0.3161,
        "ferrous_mineral_index": 0.2365,
        "swir_b11_reflectance": 0.1718,
        "swir_b12_reflectance": 0.2298,
        "ndvi": 0.457,
        "elevation_m": 454.8,
        "slope_deg": 4.5,
        "dist_to_fault_km": 32.66,
        "temp_c": 26.8,
        "rainfall_mm": 7.9,
        "timestamp": "2026-09-07T07:56:51.079660+00:00"
      }
    },
    {
      "type": "Feature",
      "geometry": {
        "type": "Point",
        "coordinates": [
          78.8,
          21.28
        ]
      },
      "properties": {
        "probability": 0.2592,
        "confidence": "low",
        "iron_oxide_index": 0.3372,
        "ferrous_mineral_index": 0.2596,
        "swir_b11_reflectance": 0.1857,
        "swir_b12_reflectance": 0.2103,
        "ndvi": 0.5008,
        "elevation_m": 454.8,
        "slope_deg": 5.4,
        "dist_to_fault_km": 26.13,
        "temp_c": 26.8,
        "rainfall_mm": 7.9,
        "timestamp": "2026-09-07T07:56:51.079660+00:00"
      }
    },
    {
      "type": "Feature",
      "geometry": {
        "type": "Point",
        "coordinates": [
          78.86,
          21.28
        ]
      },
      "properties": {
        "probability": 0.2318,
        "confidence": "low",
        "iron_oxide_index": 0.2927,
        "ferrous_mineral_index": 0.2567,
        "swir_b11_reflectance": 0.1538,
        "swir_b12_reflectance": 0.2291,
        "ndvi": 0.4443,
        "elevation_m": 454.8,
        "slope_deg": 3.8,
        "dist_to_fault_km": 19.67,
        "temp_c": 26.8,
        "rainfall_mm": 7.9,
        "timestamp": "2026-09-07T07:56:51.079660+00:00"
      }
    },
    {
      "type": "Feature",
      "geometry": {
        "type": "Point",
        "coordinates": [
          78.92,
          21.28
        ]
      },
      "properties": {
        "probability": 0.0521,
        "confidence": "low",
        "iron_oxide_index": 0.3823,
        "ferrous_mineral_index": 0.274,
        "swir_b11_reflectance": 0.1838,
        "swir_b12_reflectance": 0.2241,
        "ndvi": 0.4343,
        "elevation_m": 454.8,
        "slope_deg": 6.0,
        "dist_to_fault_km": 13.41,
        "temp_c": 26.8,
        "rainfall_mm": 7.9,
        "timestamp": "2026-09-07T07:56:51.079660+00:00"
      }
    },
    {
      "type": "Feature",
      "geometry": {
        "type": "Point",
        "coordinates": [
          78.98,
          21.28
        ]
      },
      "properties": {
        "probability": 0.1152,
        "confidence": "low",
        "iron_oxide_index": 0.541,
        "ferrous_mineral_index": 0.4005,
        "swir_b11_reflectance": 0.2889,
        "swir_b12_reflectance": 0.3635,
        "ndvi": 0.439,
        "elevation_m": 454.8,
        "slope_deg": 9.3,
        "dist_to_fault_km": 7.85,
        "temp_c": 26.8,
        "rainfall_mm": 7.9,
        "timestamp": "2026-09-07T07:56:51.079660+00:00"
      }
    },
    {
      "type": "Feature",
      "geometry": {
        "type": "Point",
        "coordinates": [
          79.04,
          21.28
        ]
      },
      "properties": {
        "probability": 1.0,
        "confidence": "high",
        "iron_oxide_index": 0.5739,
        "ferrous_mineral_index": 0.4727,
        "swir_b11_reflectance": 0.3534,
        "swir_b12_reflectance": 0.4135,
        "ndvi": 0.3554,
        "elevation_m": 454.8,
        "slope_deg": 10.6,
        "dist_to_fault_km": 5.66,
        "temp_c": 26.8,
        "rainfall_mm": 7.9,
        "timestamp": "2026-09-07T07:56:51.079660+00:00"
      }
    },
    {
      "type": "Feature",
      "geometry": {
        "type": "Point",
        "coordinates": [
          79.1,
          21.28
        ]
      },
      "properties": {
        "probability": 0.1257,
        "confidence": "low",
        "iron_oxide_index": 0.4871,
        "ferrous_mineral_index": 0.3636,
        "swir_b11_reflectance": 0.2674,
        "swir_b12_reflectance": 0.334,
        "ndvi": 0.3762,
        "elevation_m": 371.2,
        "slope_deg": 8.2,
        "dist_to_fault_km": 9.55,
        "temp_c": 27.0,
        "rainfall_mm": 8.8,
        "timestamp": "2026-09-07T07:56:51.079660+00:00"
      }
    },
    {
      "type": "Feature",
      "geometry": {
        "type": "Point",
        "coordinates": [
          79.16,
          21.28
        ]
      },
      "properties": {
        "probability": 0.0462,
        "confidence": "low",
        "iron_oxide_index": 0.3311,
        "ferrous_mineral_index": 0.2676,
        "swir_b11_reflectance": 0.202,
        "swir_b12_reflectance": 0.246,
        "ndvi": 0.4555,
        "elevation_m": 371.2,
        "slope_deg": 5.3,
        "dist_to_fault_km": 13.5,
        "temp_c": 27.0,
        "rainfall_mm": 8.8,
        "timestamp": "2026-09-07T07:56:51.079660+00:00"
      }
    },
    {
      "type": "Feature",
      "geometry": {
        "type": "Point",
        "coordinates": [
          79.22,
          21.28
        ]
      },
      "properties": {
        "probability": 0.0422,
        "confidence": "low",
        "iron_oxide_index": 0.3387,
        "ferrous_mineral_index": 0.2527,
        "swir_b11_reflectance": 0.1885,
        "swir_b12_reflectance": 0.235,
        "ndvi": 0.4645,
        "elevation_m": 371.2,
        "slope_deg": 3.9,
        "dist_to_fault_km": 14.04,
        "temp_c": 27.0,
        "rainfall_mm": 8.8,
        "timestamp": "2026-09-07T07:56:51.079660+00:00"
      }
    },
    {
      "type": "Feature",
      "geometry": {
        "type": "Point",
        "coordinates": [
          79.28,
          21.28
        ]
      },
      "properties": {
        "probability": 0.0507,
        "confidence": "low",
        "iron_oxide_index": 0.421,
        "ferrous_mineral_index": 0.2465,
        "swir_b11_reflectance": 0.2291,
        "swir_b12_reflectance": 0.2716,
        "ndvi": 0.4841,
        "elevation_m": 371.2,
        "slope_deg": 5.5,
        "dist_to_fault_km": 11.96,
        "temp_c": 27.0,
        "rainfall_mm": 8.8,
        "timestamp": "2026-09-07T07:56:51.079660+00:00"
      }
    },
    {
      "type": "Feature",
      "geometry": {
        "type": "Point",
        "coordinates": [
          79.34,
          21.28
        ]
      },
      "properties": {
        "probability": 0.0188,
        "confidence": "low",
        "iron_oxide_index": 0.4115,
        "ferrous_mineral_index": 0.3362,
        "swir_b11_reflectance": 0.2422,
        "swir_b12_reflectance": 0.2859,
        "ndvi": 0.4455,
        "elevation_m": 371.2,
        "slope_deg": 7.5,
        "dist_to_fault_km": 11.32,
        "temp_c": 27.0,
        "rainfall_mm": 8.8,
        "timestamp": "2026-09-07T07:56:51.079660+00:00"
      }
    },
    {
      "type": "Feature",
      "geometry": {
        "type": "Point",
        "coordinates": [
          79.4,
          21.28
        ]
      },
      "properties": {
        "probability": 0.0241,
        "confidence": "low",
        "iron_oxide_index": 0.3495,
        "ferrous_mineral_index": 0.2555,
        "swir_b11_reflectance": 0.1836,
        "swir_b12_reflectance": 0.2505,
        "ndvi": 0.428,
        "elevation_m": 371.2,
        "slope_deg": 4.5,
        "dist_to_fault_km": 14.21,
        "temp_c": 27.0,
        "rainfall_mm": 8.8,
        "timestamp": "2026-09-07T07:56:51.079660+00:00"
      }
    },
    {
      "type": "Feature",
      "geometry": {
        "type": "Point",
        "coordinates": [
          79.46,
          21.28
        ]
      },
      "properties": {
        "probability": 0.2022,
        "confidence": "low",
        "iron_oxide_index": 0.283,
        "ferrous_mineral_index": 0.2123,
        "swir_b11_reflectance": 0.176,
        "swir_b12_reflectance": 0.2169,
        "ndvi": 0.4739,
        "elevation_m": 371.2,
        "slope_deg": 4.6,
        "dist_to_fault_km": 19.1,
        "temp_c": 27.0,
        "rainfall_mm": 8.8,
        "timestamp": "2026-09-07T07:56:51.079660+00:00"
      }
    },
    {
      "type": "Feature",
      "geometry": {
        "type": "Point",
        "coordinates": [
          79.52,
          21.28
        ]
      },
      "properties": {
        "probability": 0.1474,
        "confidence": "low",
        "iron_oxide_index": 0.3315,
        "ferrous_mineral_index": 0.2415,
        "swir_b11_reflectance": 0.1714,
        "swir_b12_reflectance": 0.2092,
        "ndvi": 0.433,
        "elevation_m": 371.2,
        "slope_deg": 3.2,
        "dist_to_fault_km": 15.7,
        "temp_c": 27.0,
        "rainfall_mm": 8.8,
        "timestamp": "2026-09-07T07:56:51.079660+00:00"
      }
    },
    {
      "type": "Feature",
      "geometry": {
        "type": "Point",
        "coordinates": [
          79.58,
          21.28
        ]
      },
      "properties": {
        "probability": 0.0075,
        "confidence": "low",
        "iron_oxide_index": 0.4633,
        "ferrous_mineral_index": 0.3705,
        "swir_b11_reflectance": 0.3058,
        "swir_b12_reflectance": 0.3604,
        "ndvi": 0.4275,
        "elevation_m": 371.2,
        "slope_deg": 7.2,
        "dist_to_fault_km": 9.15,
        "temp_c": 27.0,
        "rainfall_mm": 8.8,
        "timestamp": "2026-09-07T07:56:51.079660+00:00"
      }
    },
    {
      "type": "Feature",
      "geometry": {
        "type": "Point",
        "coordinates": [
          79.64,
          21.28
        ]
      },
      "properties": {
        "probability": 1.0,
        "confidence": "high",
        "iron_oxide_index": 0.6818,
        "ferrous_mineral_index": 0.5523,
        "swir_b11_reflectance": 0.4005,
        "swir_b12_reflectance": 0.4863,
        "ndvi": 0.3119,
        "elevation_m": 371.2,
        "slope_deg": 11.1,
        "dist_to_fault_km": 3.14,
        "temp_c": 27.0,
        "rainfall_mm": 8.8,
        "timestamp": "2026-09-07T07:56:51.079660+00:00"
      }
    },
    {
      "type": "Feature",
      "geometry": {
        "type": "Point",
        "coordinates": [
          79.7,
          21.28
        ]
      },
      "properties": {
        "probability": 0.99,
        "confidence": "high",
        "iron_oxide_index": 0.5819,
        "ferrous_mineral_index": 0.4793,
        "swir_b11_reflectance": 0.3679,
        "swir_b12_reflectance": 0.4342,
        "ndvi": 0.3489,
        "elevation_m": 342.1,
        "slope_deg": 9.6,
        "dist_to_fault_km": 4.96,
        "temp_c": 27.0,
        "rainfall_mm": 9.7,
        "timestamp": "2026-09-07T07:56:51.079660+00:00"
      }
    },
    {
      "type": "Feature",
      "geometry": {
        "type": "Point",
        "coordinates": [
          79.76,
          21.28
        ]
      },
      "properties": {
        "probability": 0.2306,
        "confidence": "low",
        "iron_oxide_index": 0.4193,
        "ferrous_mineral_index": 0.3015,
        "swir_b11_reflectance": 0.2267,
        "swir_b12_reflectance": 0.2946,
        "ndvi": 0.4585,
        "elevation_m": 342.1,
        "slope_deg": 5.3,
        "dist_to_fault_km": 11.32,
        "temp_c": 27.0,
        "rainfall_mm": 9.7,
        "timestamp": "2026-09-07T07:56:51.079660+00:00"
      }
    },
    {
      "type": "Feature",
      "geometry": {
        "type": "Point",
        "coordinates": [
          79.82,
          21.28
        ]
      },
      "properties": {
        "probability": 0.1908,
        "confidence": "low",
        "iron_oxide_index": 0.3353,
        "ferrous_mineral_index": 0.2077,
        "swir_b11_reflectance": 0.1878,
        "swir_b12_reflectance": 0.2288,
        "ndvi": 0.4596,
        "elevation_m": 342.1,
        "slope_deg": 2.6,
        "dist_to_fault_km": 17.9,
        "temp_c": 27.0,
        "rainfall_mm": 9.7,
        "timestamp": "2026-09-07T07:56:51.079660+00:00"
      }
    },
    {
      "type": "Feature",
      "geometry": {
        "type": "Point",
        "coordinates": [
          79.88,
          21.28
        ]
      },
      "properties": {
        "probability": 0.3792,
        "confidence": "low",
        "iron_oxide_index": 0.294,
        "ferrous_mineral_index": 0.2083,
        "swir_b11_reflectance": 0.1475,
        "swir_b12_reflectance": 0.2257,
        "ndvi": 0.4546,
        "elevation_m": 342.1,
        "slope_deg": 2.5,
        "dist_to_fault_km": 24.52,
        "temp_c": 27.0,
        "rainfall_mm": 9.7,
        "timestamp": "2026-09-07T07:56:51.079660+00:00"
      }
    },
    {
      "type": "Feature",
      "geometry": {
        "type": "Point",
        "coordinates": [
          79.94,
          21.28
        ]
      },
      "properties": {
        "probability": 0.5193,
        "confidence": "medium",
        "iron_oxide_index": 0.3154,
        "ferrous_mineral_index": 0.2432,
        "swir_b11_reflectance": 0.1719,
        "swir_b12_reflectance": 0.1793,
        "ndvi": 0.4554,
        "elevation_m": 342.1,
        "slope_deg": 3.3,
        "dist_to_fault_km": 31.16,
        "temp_c": 27.0,
        "rainfall_mm": 9.7,
        "timestamp": "2026-09-07T07:56:51.079660+00:00"
      }
    },
    {
      "type": "Feature",
      "geometry": {
        "type": "Point",
        "coordinates": [
          80.0,
          21.28
        ]
      },
      "properties": {
        "probability": 0.6478,
        "confidence": "medium",
        "iron_oxide_index": 0.2976,
        "ferrous_mineral_index": 0.2317,
        "swir_b11_reflectance": 0.1771,
        "swir_b12_reflectance": 0.2119,
        "ndvi": 0.4752,
        "elevation_m": 342.1,
        "slope_deg": 2.9,
        "dist_to_fault_km": 37.8,
        "temp_c": 27.0,
        "rainfall_mm": 9.7,
        "timestamp": "2026-09-07T07:56:51.079660+00:00"
      }
    },
    {
      "type": "Feature",
      "geometry": {
        "type": "Point",
        "coordinates": [
          80.06,
          21.28
        ]
      },
      "properties": {
        "probability": 0.6998,
        "confidence": "medium",
        "iron_oxide_index": 0.2836,
        "ferrous_mineral_index": 0.1716,
        "swir_b11_reflectance": 0.169,
        "swir_b12_reflectance": 0.1995,
        "ndvi": 0.4577,
        "elevation_m": 342.1,
        "slope_deg": 2.8,
        "dist_to_fault_km": 44.45,
        "temp_c": 27.0,
        "rainfall_mm": 9.7,
        "timestamp": "2026-09-07T07:56:51.079660+00:00"
      }
    },
    {
      "type": "Feature",
      "geometry": {
        "type": "Point",
        "coordinates": [
          80.12,
          21.28
        ]
      },
      "properties": {
        "probability": 0.5523,
        "confidence": "medium",
        "iron_oxide_index": 0.3205,
        "ferrous_mineral_index": 0.1909,
        "swir_b11_reflectance": 0.1556,
        "swir_b12_reflectance": 0.2295,
        "ndvi": 0.4611,
        "elevation_m": 342.1,
        "slope_deg": 3.4,
        "dist_to_fault_km": 51.11,
        "temp_c": 27.0,
        "rainfall_mm": 9.7,
        "timestamp": "2026-09-07T07:56:51.079660+00:00"
      }
    },
    {
      "type": "Feature",
      "geometry": {
        "type": "Point",
        "coordinates": [
          80.18,
          21.28
        ]
      },
      "properties": {
        "probability": 0.367,
        "confidence": "low",
        "iron_oxide_index": 0.308,
        "ferrous_mineral_index": 0.2231,
        "swir_b11_reflectance": 0.1605,
        "swir_b12_reflectance": 0.1993,
        "ndvi": 0.4485,
        "elevation_m": 342.1,
        "slope_deg": 3.5,
        "dist_to_fault_km": 57.76,
        "temp_c": 27.0,
        "rainfall_mm": 9.7,
        "timestamp": "2026-09-07T07:56:51.079660+00:00"
      }
    },
    {
      "type": "Feature",
      "geometry": {
        "type": "Point",
        "coordinates": [
          80.24,
          21.28
        ]
      },
      "properties": {
        "probability": 0.6837,
        "confidence": "medium",
        "iron_oxide_index": 0.3127,
        "ferrous_mineral_index": 0.2484,
        "swir_b11_reflectance": 0.1976,
        "swir_b12_reflectance": 0.2082,
        "ndvi": 0.5103,
        "elevation_m": 342.1,
        "slope_deg": 3.2,
        "dist_to_fault_km": 61.3,
        "temp_c": 27.0,
        "rainfall_mm": 9.7,
        "timestamp": "2026-09-07T07:56:51.079660+00:00"
      }
    },
    {
      "type": "Feature",
      "geometry": {
        "type": "Point",
        "coordinates": [
          80.3,
          21.28
        ]
      },
      "properties": {
        "probability": 0.3929,
        "confidence": "low",
        "iron_oxide_index": 0.3141,
        "ferrous_mineral_index": 0.2252,
        "swir_b11_reflectance": 0.1457,
        "swir_b12_reflectance": 0.1918,
        "ndvi": 0.412,
        "elevation_m": 342.1,
        "slope_deg": 2.7,
        "dist_to_fault_km": 62.26,
        "temp_c": 27.0,
        "rainfall_mm": 9.7,
        "timestamp": "2026-09-07T07:56:51.079660+00:00"
      }
    },
    {
      "type": "Feature",
      "geometry": {
        "type": "Point",
        "coordinates": [
          80.36,
          21.28
        ]
      },
      "properties": {
        "probability": 0.1819,
        "confidence": "low",
        "iron_oxide_index": 0.3119,
        "ferrous_mineral_index": 0.1899,
        "swir_b11_reflectance": 0.1948,
        "swir_b12_reflectance": 0.2068,
        "ndvi": 0.4687,
        "elevation_m": 414.8,
        "slope_deg": 5.0,
        "dist_to_fault_km": 63.9,
        "temp_c": 26.3,
        "rainfall_mm": 9.4,
        "timestamp": "2026-09-07T07:56:51.079660+00:00"
      }
    },
    {
      "type": "Feature",
      "geometry": {
        "type": "Point",
        "coordinates": [
          80.42,
          21.28
        ]
      },
      "properties": {
        "probability": 0.0721,
        "confidence": "low",
        "iron_oxide_index": 0.2832,
        "ferrous_mineral_index": 0.227,
        "swir_b11_reflectance": 0.1472,
        "swir_b12_reflectance": 0.2283,
        "ndvi": 0.4342,
        "elevation_m": 414.8,
        "slope_deg": 5.0,
        "dist_to_fault_km": 66.17,
        "temp_c": 26.3,
        "rainfall_mm": 9.4,
        "timestamp": "2026-09-07T07:56:51.079660+00:00"
      }
    },
    {
      "type": "Feature",
      "geometry": {
        "type": "Point",
        "coordinates": [
          80.48,
          21.28
        ]
      },
      "properties": {
        "probability": 0.0744,
        "confidence": "low",
        "iron_oxide_index": 0.2877,
        "ferrous_mineral_index": 0.2432,
        "swir_b11_reflectance": 0.1646,
        "swir_b12_reflectance": 0.2279,
        "ndvi": 0.4825,
        "elevation_m": 414.8,
        "slope_deg": 4.0,
        "dist_to_fault_km": 68.86,
        "temp_c": 26.3,
        "rainfall_mm": 9.4,
        "timestamp": "2026-09-07T07:56:51.079660+00:00"
      }
    },
    {
      "type": "Feature",
      "geometry": {
        "type": "Point",
        "coordinates": [
          80.54,
          21.28
        ]
      },
      "properties": {
        "probability": 0.1155,
        "confidence": "low",
        "iron_oxide_index": 0.2759,
        "ferrous_mineral_index": 0.2103,
        "swir_b11_reflectance": 0.1719,
        "swir_b12_reflectance": 0.2435,
        "ndvi": 0.4722,
        "elevation_m": 414.8,
        "slope_deg": 5.1,
        "dist_to_fault_km": 71.49,
        "temp_c": 26.3,
        "rainfall_mm": 9.4,
        "timestamp": "2026-09-07T07:56:51.079660+00:00"
      }
    },
    {
      "type": "Feature",
      "geometry": {
        "type": "Point",
        "coordinates": [
          80.6,
          21.28
        ]
      },
      "properties": {
        "probability": 0.1627,
        "confidence": "low",
        "iron_oxide_index": 0.3005,
        "ferrous_mineral_index": 0.1826,
        "swir_b11_reflectance": 0.184,
        "swir_b12_reflectance": 0.1894,
        "ndvi": 0.3843,
        "elevation_m": 414.8,
        "slope_deg": 3.3,
        "dist_to_fault_km": 72.69,
        "temp_c": 26.3,
        "rainfall_mm": 9.4,
        "timestamp": "2026-09-07T07:56:51.079660+00:00"
      }
    },
    {
      "type": "Feature",
      "geometry": {
        "type": "Point",
        "coordinates": [
          80.66,
          21.28
        ]
      },
      "properties": {
        "probability": 0.0348,
        "confidence": "low",
        "iron_oxide_index": 0.3141,
        "ferrous_mineral_index": 0.2424,
        "swir_b11_reflectance": 0.1658,
        "swir_b12_reflectance": 0.2139,
        "ndvi": 0.46,
        "elevation_m": 414.8,
        "slope_deg": 5.6,
        "dist_to_fault_km": 73.81,
        "temp_c": 26.3,
        "rainfall_mm": 9.4,
        "timestamp": "2026-09-07T07:56:51.079660+00:00"
      }
    },
    {
      "type": "Feature",
      "geometry": {
        "type": "Point",
        "coordinates": [
          80.72,
          21.28
        ]
      },
      "properties": {
        "probability": 0.1774,
        "confidence": "low",
        "iron_oxide_index": 0.2881,
        "ferrous_mineral_index": 0.2061,
        "swir_b11_reflectance": 0.1575,
        "swir_b12_reflectance": 0.193,
        "ndvi": 0.4517,
        "elevation_m": 414.8,
        "slope_deg": 3.9,
        "dist_to_fault_km": 75.49,
        "temp_c": 26.3,
        "rainfall_mm": 9.4,
        "timestamp": "2026-09-07T07:56:51.079660+00:00"
      }
    },
    {
      "type": "Feature",
      "geometry": {
        "type": "Point",
        "coordinates": [
          80.78,
          21.28
        ]
      },
      "properties": {
        "probability": 0.0655,
        "confidence": "low",
        "iron_oxide_index": 0.3096,
        "ferrous_mineral_index": 0.2307,
        "swir_b11_reflectance": 0.1695,
        "swir_b12_reflectance": 0.2171,
        "ndvi": 0.5019,
        "elevation_m": 414.8,
        "slope_deg": 4.2,
        "dist_to_fault_km": 77.71,
        "temp_c": 26.3,
        "rainfall_mm": 9.4,
        "timestamp": "2026-09-07T07:56:51.079660+00:00"
      }
    },
    {
      "type": "Feature",
      "geometry": {
        "type": "Point",
        "coordinates": [
          78.5,
          21.34
        ]
      },
      "properties": {
        "probability": 0.4713,
        "confidence": "medium",
        "iron_oxide_index": 0.3327,
        "ferrous_mineral_index": 0.207,
        "swir_b11_reflectance": 0.164,
        "swir_b12_reflectance": 0.2158,
        "ndvi": 0.3869,
        "elevation_m": 454.8,
        "slope_deg": 4.8,
        "dist_to_fault_km": 58.84,
        "temp_c": 26.8,
        "rainfall_mm": 7.9,
        "timestamp": "2026-09-07T07:56:51.079660+00:00"
      }
    },
    {
      "type": "Feature",
      "geometry": {
        "type": "Point",
        "coordinates": [
          78.56,
          21.34
        ]
      },
      "properties": {
        "probability": 0.4398,
        "confidence": "low",
        "iron_oxide_index": 0.2977,
        "ferrous_mineral_index": 0.2355,
        "swir_b11_reflectance": 0.1758,
        "swir_b12_reflectance": 0.1924,
        "ndvi": 0.414,
        "elevation_m": 454.8,
        "slope_deg": 4.8,
        "dist_to_fault_km": 52.18,
        "temp_c": 26.8,
        "rainfall_mm": 7.9,
        "timestamp": "2026-09-07T07:56:51.079660+00:00"
      }
    },
    {
      "type": "Feature",
      "geometry": {
        "type": "Point",
        "coordinates": [
          78.62,
          21.34
        ]
      },
      "properties": {
        "probability": 0.3357,
        "confidence": "low",
        "iron_oxide_index": 0.2955,
        "ferrous_mineral_index": 0.2297,
        "swir_b11_reflectance": 0.1788,
        "swir_b12_reflectance": 0.2285,
        "ndvi": 0.4095,
        "elevation_m": 454.8,
        "slope_deg": 4.9,
        "dist_to_fault_km": 45.52,
        "temp_c": 26.8,
        "rainfall_mm": 7.9,
        "timestamp": "2026-09-07T07:56:51.079660+00:00"
      }
    },
    {
      "type": "Feature",
      "geometry": {
        "type": "Point",
        "coordinates": [
          78.68,
          21.34
        ]
      },
      "properties": {
        "probability": 0.2878,
        "confidence": "low",
        "iron_oxide_index": 0.2991,
        "ferrous_mineral_index": 0.242,
        "swir_b11_reflectance": 0.1763,
        "swir_b12_reflectance": 0.2181,
        "ndvi": 0.3994,
        "elevation_m": 454.8,
        "slope_deg": 5.4,
        "dist_to_fault_km": 38.87,
        "temp_c": 26.8,
        "rainfall_mm": 7.9,
        "timestamp": "2026-09-07T07:56:51.079660+00:00"
      }
    },
    {
      "type": "Feature",
      "geometry": {
        "type": "Point",
        "coordinates": [
          78.74,
          21.34
        ]
      },
      "properties": {
        "probability": 0.7604,
        "confidence": "high",
        "iron_oxide_index": 0.2522,
        "ferrous_mineral_index": 0.1904,
        "swir_b11_reflectance": 0.1968,
        "swir_b12_reflectance": 0.1895,
        "ndvi": 0.4323,
        "elevation_m": 454.8,
        "slope_deg": 6.0,
        "dist_to_fault_km": 32.21,
        "temp_c": 26.8,
        "rainfall_mm": 7.9,
        "timestamp": "2026-09-07T07:56:51.079660+00:00"
      }
    },
    {
      "type": "Feature",
      "geometry": {
        "type": "Point",
        "coordinates": [
          78.8,
          21.34
        ]
      },
      "properties": {
        "probability": 0.3211,
        "confidence": "low",
        "iron_oxide_index": 0.2561,
        "ferrous_mineral_index": 0.2447,
        "swir_b11_reflectance": 0.1743,
        "swir_b12_reflectance": 0.2259,
        "ndvi": 0.4185,
        "elevation_m": 454.8,
        "slope_deg": 5.2,
        "dist_to_fault_km": 25.55,
        "temp_c": 26.8,
        "rainfall_mm": 7.9,
        "timestamp": "2026-09-07T07:56:51.079660+00:00"
      }
    },
    {
      "type": "Feature",
      "geometry": {
        "type": "Point",
        "coordinates": [
          78.86,
          21.34
        ]
      },
      "properties": {
        "probability": 0.4768,
        "confidence": "medium",
        "iron_oxide_index": 0.3086,
        "ferrous_mineral_index": 0.2075,
        "swir_b11_reflectance": 0.1959,
        "swir_b12_reflectance": 0.2404,
        "ndvi": 0.3807,
        "elevation_m": 454.8,
        "slope_deg": 5.2,
        "dist_to_fault_km": 18.9,
        "temp_c": 26.8,
        "rainfall_mm": 7.9,
        "timestamp": "2026-09-07T07:56:51.079660+00:00"
      }
    },
    {
      "type": "Feature",
      "geometry": {
        "type": "Point",
        "coordinates": [
          78.92,
          21.34
        ]
      },
      "properties": {
        "probability": 0.0167,
        "confidence": "low",
        "iron_oxide_index": 0.4061,
        "ferrous_mineral_index": 0.3318,
        "swir_b11_reflectance": 0.2179,
        "swir_b12_reflectance": 0.282,
        "ndvi": 0.4009,
        "elevation_m": 454.8,
        "slope_deg": 7.2,
        "dist_to_fault_km": 12.26,
        "temp_c": 26.8,
        "rainfall_mm": 7.9,
        "timestamp": "2026-09-07T07:56:51.079660+00:00"
      }
    },
    {
      "type": "Feature",
      "geometry": {
        "type": "Point",
        "coordinates": [
          78.98,
          21.34
        ]
      },
      "properties": {
        "probability": 1.0,
        "confidence": "high",
        "iron_oxide_index": 0.5748,
        "ferrous_mineral_index": 0.4641,
        "swir_b11_reflectance": 0.3712,
        "swir_b12_reflectance": 0.4395,
        "ndvi": 0.3241,
        "elevation_m": 454.8,
        "slope_deg": 11.0,
        "dist_to_fault_km": 5.66,
        "temp_c": 26.8,
        "rainfall_mm": 7.9,
        "timestamp": "2026-09-07T07:56:51.079660+00:00"
      }
    },
    {
      "type": "Feature",
      "geometry": {
        "type": "Point",
        "coordinates": [
          79.04,
          21.34
        ]
      },
      "properties": {
        "probability": 1.0,
        "confidence": "high",
        "iron_oxide_index": 0.7172,
        "ferrous_mineral_index": 0.5551,
        "swir_b11_reflectance": 0.433,
        "swir_b12_reflectance": 0.5117,
        "ndvi": 0.4094,
        "elevation_m": 454.8,
        "slope_deg": 14.3,
        "dist_to_fault_km": 1.57,
        "temp_c": 26.8,
        "rainfall_mm": 7.9,
        "timestamp": "2026-09-07T07:56:51.079660+00:00"
      }
    },
    {
      "type": "Feature",
      "geometry": {
        "type": "Point",
        "coordinates": [
          79.1,
          21.34
        ]
      },
      "properties": {
        "probability": 0.1175,
        "confidence": "low",
        "iron_oxide_index": 0.5487,
        "ferrous_mineral_index": 0.3986,
        "swir_b11_reflectance": 0.2987,
        "swir_b12_reflectance": 0.3832,
        "ndvi": 0.4195,
        "elevation_m": 371.2,
        "slope_deg": 8.1,
        "dist_to_fault_km": 7.85,
        "temp_c": 27.0,
        "rainfall_mm": 8.8,
        "timestamp": "2026-09-07T07:56:51.079660+00:00"
      }
    },
    {
      "type": "Feature",
      "geometry": {
        "type": "Point",
        "coordinates": [
          79.16,
          21.34
        ]
      },
      "properties": {
        "probability": 0.0469,
        "confidence": "low",
        "iron_oxide_index": 0.3424,
        "ferrous_mineral_index": 0.271,
        "swir_b11_reflectance": 0.1901,
        "swir_b12_reflectance": 0.2301,
        "ndvi": 0.461,
        "elevation_m": 371.2,
        "slope_deg": 3.6,
        "dist_to_fault_km": 14.47,
        "temp_c": 27.0,
        "rainfall_mm": 8.8,
        "timestamp": "2026-09-07T07:56:51.079660+00:00"
      }
    },
    {
      "type": "Feature",
      "geometry": {
        "type": "Point",
        "coordinates": [
          79.22,
          21.34
        ]
      },
      "properties": {
        "probability": 0.0209,
        "confidence": "low",
        "iron_oxide_index": 0.3912,
        "ferrous_mineral_index": 0.3028,
        "swir_b11_reflectance": 0.2532,
        "swir_b12_reflectance": 0.2566,
        "ndvi": 0.4384,
        "elevation_m": 371.2,
        "slope_deg": 4.9,
        "dist_to_fault_km": 11.59,
        "temp_c": 27.0,
        "rainfall_mm": 8.8,
        "timestamp": "2026-09-07T07:56:51.079660+00:00"
      }
    },
    {
      "type": "Feature",
      "geometry": {
        "type": "Point",
        "coordinates": [
          79.28,
          21.34
        ]
      },
      "properties": {
        "probability": 0.8823,
        "confidence": "high",
        "iron_oxide_index": 0.5441,
        "ferrous_mineral_index": 0.4912,
        "swir_b11_reflectance": 0.3496,
        "swir_b12_reflectance": 0.4143,
        "ndvi": 0.4079,
        "elevation_m": 371.2,
        "slope_deg": 8.0,
        "dist_to_fault_km": 6.28,
        "temp_c": 27.0,
        "rainfall_mm": 8.8,
        "timestamp": "2026-09-07T07:56:51.079660+00:00"
      }
    },
    {
      "type": "Feature",
      "geometry": {
        "type": "Point",
        "coordinates": [
          79.34,
          21.34
        ]
      },
      "properties": {
        "probability": 0.99,
        "confidence": "high",
        "iron_oxide_index": 0.5829,
        "ferrous_mineral_index": 0.4488,
        "swir_b11_reflectance": 0.3725,
        "swir_b12_reflectance": 0.409,
        "ndvi": 0.3294,
        "elevation_m": 371.2,
        "slope_deg": 10.1,
        "dist_to_fault_km": 4.96,
        "temp_c": 27.0,
        "rainfall_mm": 8.8,
        "timestamp": "2026-09-07T07:56:51.079660+00:00"
      }
    },
    {
      "type": "Feature",
      "geometry": {
        "type": "Point",
        "coordinates": [
          79.4,
          21.34
        ]
      },
      "properties": {
        "probability": 0.015,
        "confidence": "low",
        "iron_oxide_index": 0.4563,
        "ferrous_mineral_index": 0.3286,
        "swir_b11_reflectance": 0.2962,
        "swir_b12_reflectance": 0.3271,
        "ndvi": 0.4178,
        "elevation_m": 371.2,
        "slope_deg": 6.3,
        "dist_to_fault_km": 9.93,
        "temp_c": 27.0,
        "rainfall_mm": 8.8,
        "timestamp": "2026-09-07T07:56:51.079660+00:00"
      }
    },
    {
      "type": "Feature",
      "geometry": {
        "type": "Point",
        "coordinates": [
          79.46,
          21.34
        ]
      },
      "properties": {
        "probability": 0.1225,
        "confidence": "low",
        "iron_oxide_index": 0.3242,
        "ferrous_mineral_index": 0.2216,
        "swir_b11_reflectance": 0.1779,
        "swir_b12_reflectance": 0.2158,
        "ndvi": 0.4847,
        "elevation_m": 371.2,
        "slope_deg": 3.9,
        "dist_to_fault_km": 16.16,
        "temp_c": 27.0,
        "rainfall_mm": 8.8,
        "timestamp": "2026-09-07T07:56:51.079660+00:00"
      }
    },
    {
      "type": "Feature",
      "geometry": {
        "type": "Point",
        "coordinates": [
          79.52,
          21.34
        ]
      },
      "properties": {
        "probability": 0.1347,
        "confidence": "low",
        "iron_oxide_index": 0.2566,
        "ferrous_mineral_index": 0.2238,
        "swir_b11_reflectance": 0.1767,
        "swir_b12_reflectance": 0.2386,
        "ndvi": 0.5222,
        "elevation_m": 371.2,
        "slope_deg": 2.3,
        "dist_to_fault_km": 16.16,
        "temp_c": 27.0,
        "rainfall_mm": 8.8,
        "timestamp": "2026-09-07T07:56:51.079660+00:00"
      }
    },
    {
      "type": "Feature",
      "geometry": {
        "type": "Point",
        "coordinates": [
          79.58,
          21.34
        ]
      },
      "properties": {
        "probability": 0.015,
        "confidence": "low",
        "iron_oxide_index": 0.4352,
        "ferrous_mineral_index": 0.3376,
        "swir_b11_reflectance": 0.2703,
        "swir_b12_reflectance": 0.3216,
        "ndvi": 0.436,
        "elevation_m": 371.2,
        "slope_deg": 5.8,
        "dist_to_fault_km": 9.93,
        "temp_c": 27.0,
        "rainfall_mm": 8.8,
        "timestamp": "2026-09-07T07:56:51.079660+00:00"
      }
    },
    {
      "type": "Feature",
      "geometry": {
        "type": "Point",
        "coordinates": [
          79.64,
          21.34
        ]
      },
      "properties": {
        "probability": 0.995,
        "confidence": "high",
        "iron_oxide_index": 0.625,
        "ferrous_mineral_index": 0.4879,
        "swir_b11_reflectance": 0.3787,
        "swir_b12_reflectance": 0.4169,
        "ndvi": 0.3542,
        "elevation_m": 371.2,
        "slope_deg": 9.5,
        "dist_to_fault_km": 4.96,
        "temp_c": 27.0,
        "rainfall_mm": 8.8,
        "timestamp": "2026-09-07T07:56:51.079660+00:00"
      }
    },
    {
      "type": "Feature",
      "geometry": {
        "type": "Point",
        "coordinates": [
          79.7,
          21.34
        ]
      },
      "properties": {
        "probability": 0.9383,
        "confidence": "high",
        "iron_oxide_index": 0.5799,
        "ferrous_mineral_index": 0.4465,
        "swir_b11_reflectance": 0.3355,
        "swir_b12_reflectance": 0.3927,
        "ndvi": 0.4022,
        "elevation_m": 342.1,
        "slope_deg": 8.7,
        "dist_to_fault_km": 6.28,
        "temp_c": 27.0,
        "rainfall_mm": 9.7,
        "timestamp": "2026-09-07T07:56:51.079660+00:00"
      }
    },
    {
      "type": "Feature",
      "geometry": {
        "type": "Point",
        "coordinates": [
          79.76,
          21.34
        ]
      },
      "properties": {
        "probability": 0.2355,
        "confidence": "low",
        "iron_oxide_index": 0.4222,
        "ferrous_mineral_index": 0.2824,
        "swir_b11_reflectance": 0.2511,
        "swir_b12_reflectance": 0.284,
        "ndvi": 0.3885,
        "elevation_m": 342.1,
        "slope_deg": 5.8,
        "dist_to_fault_km": 11.96,
        "temp_c": 27.0,
        "rainfall_mm": 9.7,
        "timestamp": "2026-09-07T07:56:51.079660+00:00"
      }
    },
    {
      "type": "Feature",
      "geometry": {
        "type": "Point",
        "coordinates": [
          79.82,
          21.34
        ]
      },
      "properties": {
        "probability": 0.3,
        "confidence": "low",
        "iron_oxide_index": 0.3213,
        "ferrous_mineral_index": 0.2609,
        "swir_b11_reflectance": 0.1815,
        "swir_b12_reflectance": 0.2018,
        "ndvi": 0.4362,
        "elevation_m": 342.1,
        "slope_deg": 2.4,
        "dist_to_fault_km": 18.31,
        "temp_c": 27.0,
        "rainfall_mm": 9.7,
        "timestamp": "2026-09-07T07:56:51.079660+00:00"
      }
    },
    {
      "type": "Feature",
      "geometry": {
        "type": "Point",
        "coordinates": [
          79.88,
          21.34
        ]
      },
      "properties": {
        "probability": 0.6827,
        "confidence": "medium",
        "iron_oxide_index": 0.3007,
        "ferrous_mineral_index": 0.1953,
        "swir_b11_reflectance": 0.1631,
        "swir_b12_reflectance": 0.2209,
        "ndvi": 0.4738,
        "elevation_m": 342.1,
        "slope_deg": 4.0,
        "dist_to_fault_km": 24.82,
        "temp_c": 27.0,
        "rainfall_mm": 9.7,
        "timestamp": "2026-09-07T07:56:51.079660+00:00"
      }
    },
    {
      "type": "Feature",
      "geometry": {
        "type": "Point",
        "coordinates": [
          79.94,
          21.34
        ]
      },
      "properties": {
        "probability": 0.59,
        "confidence": "medium",
        "iron_oxide_index": 0.2958,
        "ferrous_mineral_index": 0.2525,
        "swir_b11_reflectance": 0.189,
        "swir_b12_reflectance": 0.2018,
        "ndvi": 0.4422,
        "elevation_m": 342.1,
        "slope_deg": 3.9,
        "dist_to_fault_km": 31.4,
        "temp_c": 27.0,
        "rainfall_mm": 9.7,
        "timestamp": "2026-09-07T07:56:51.079660+00:00"
      }
    },
    {
      "type": "Feature",
      "geometry": {
        "type": "Point",
        "coordinates": [
          80.0,
          21.34
        ]
      },
      "properties": {
        "probability": 0.4329,
        "confidence": "low",
        "iron_oxide_index": 0.2901,
        "ferrous_mineral_index": 0.2409,
        "swir_b11_reflectance": 0.1725,
        "swir_b12_reflectance": 0.2363,
        "ndvi": 0.4451,
        "elevation_m": 342.1,
        "slope_deg": 3.3,
        "dist_to_fault_km": 38.0,
        "temp_c": 27.0,
        "rainfall_mm": 9.7,
        "timestamp": "2026-09-07T07:56:51.079660+00:00"
      }
    },
    {
      "type": "Feature",
      "geometry": {
        "type": "Point",
        "coordinates": [
          80.06,
          21.34
        ]
      },
      "properties": {
        "probability": 0.7149,
        "confidence": "medium",
        "iron_oxide_index": 0.3103,
        "ferrous_mineral_index": 0.1979,
        "swir_b11_reflectance": 0.204,
        "swir_b12_reflectance": 0.2245,
        "ndvi": 0.4721,
        "elevation_m": 342.1,
        "slope_deg": 2.9,
        "dist_to_fault_km": 44.62,
        "temp_c": 27.0,
        "rainfall_mm": 9.7,
        "timestamp": "2026-09-07T07:56:51.079660+00:00"
      }
    },
    {
      "type": "Feature",
      "geometry": {
        "type": "Point",
        "coordinates": [
          80.12,
          21.34
        ]
      },
      "properties": {
        "probability": 0.441,
        "confidence": "low",
        "iron_oxide_index": 0.2785,
        "ferrous_mineral_index": 0.2346,
        "swir_b11_reflectance": 0.1794,
        "swir_b12_reflectance": 0.1959,
        "ndvi": 0.4065,
        "elevation_m": 342.1,
        "slope_deg": 3.5,
        "dist_to_fault_km": 51.25,
        "temp_c": 27.0,
        "rainfall_mm": 9.7,
        "timestamp": "2026-09-07T07:56:51.079660+00:00"
      }
    },
    {
      "type": "Feature",
      "geometry": {
        "type": "Point",
        "coordinates": [
          80.18,
          21.34
        ]
      },
      "properties": {
        "probability": 0.6757,
        "confidence": "medium",
        "iron_oxide_index": 0.2666,
        "ferrous_mineral_index": 0.1977,
        "swir_b11_reflectance": 0.15,
        "swir_b12_reflectance": 0.1891,
        "ndvi": 0.405,
        "elevation_m": 342.1,
        "slope_deg": 4.8,
        "dist_to_fault_km": 54.4,
        "temp_c": 27.0,
        "rainfall_mm": 9.7,
        "timestamp": "2026-09-07T07:56:51.079660+00:00"
      }
    },
    {
      "type": "Feature",
      "geometry": {
        "type": "Point",
        "coordinates": [
          80.24,
          21.34
        ]
      },
      "properties": {
        "probability": 0.3166,
        "confidence": "low",
        "iron_oxide_index": 0.2713,
        "ferrous_mineral_index": 0.2378,
        "swir_b11_reflectance": 0.2045,
        "swir_b12_reflectance": 0.2149,
        "ndvi": 0.3986,
        "elevation_m": 342.1,
        "slope_deg": 2.8,
        "dist_to_fault_km": 54.67,
        "temp_c": 27.0,
        "rainfall_mm": 9.7,
        "timestamp": "2026-09-07T07:56:51.079660+00:00"
      }
    },
    {
      "type": "Feature",
      "geometry": {
        "type": "Point",
        "coordinates": [
          80.3,
          21.34
        ]
      },
      "properties": {
        "probability": 0.4906,
        "confidence": "medium",
        "iron_oxide_index": 0.3119,
        "ferrous_mineral_index": 0.198,
        "swir_b11_reflectance": 0.1721,
        "swir_b12_reflectance": 0.2429,
        "ndvi": 0.447,
        "elevation_m": 342.1,
        "slope_deg": 2.9,
        "dist_to_fault_km": 55.74,
        "temp_c": 27.0,
        "rainfall_mm": 9.7,
        "timestamp": "2026-09-07T07:56:51.079660+00:00"
      }
    },
    {
      "type": "Feature",
      "geometry": {
        "type": "Point",
        "coordinates": [
          80.36,
          21.34
        ]
      },
      "properties": {
        "probability": 0.1001,
        "confidence": "low",
        "iron_oxide_index": 0.3107,
        "ferrous_mineral_index": 0.2372,
        "swir_b11_reflectance": 0.1799,
        "swir_b12_reflectance": 0.2076,
        "ndvi": 0.5116,
        "elevation_m": 414.8,
        "slope_deg": 4.3,
        "dist_to_fault_km": 57.57,
        "temp_c": 26.3,
        "rainfall_mm": 9.4,
        "timestamp": "2026-09-07T07:56:51.079660+00:00"
      }
    },
    {
      "type": "Feature",
      "geometry": {
        "type": "Point",
        "coordinates": [
          80.42,
          21.34
        ]
      },
      "properties": {
        "probability": 0.0605,
        "confidence": "low",
        "iron_oxide_index": 0.3029,
        "ferrous_mineral_index": 0.2111,
        "swir_b11_reflectance": 0.1697,
        "swir_b12_reflectance": 0.2287,
        "ndvi": 0.467,
        "elevation_m": 414.8,
        "slope_deg": 4.8,
        "dist_to_fault_km": 60.08,
        "temp_c": 26.3,
        "rainfall_mm": 9.4,
        "timestamp": "2026-09-07T07:56:51.079660+00:00"
      }
    },
    {
      "type": "Feature",
      "geometry": {
        "type": "Point",
        "coordinates": [
          80.48,
          21.34
        ]
      },
      "properties": {
        "probability": 0.1488,
        "confidence": "low",
        "iron_oxide_index": 0.3206,
        "ferrous_mineral_index": 0.1916,
        "swir_b11_reflectance": 0.2015,
        "swir_b12_reflectance": 0.2053,
        "ndvi": 0.4557,
        "elevation_m": 414.8,
        "slope_deg": 4.8,
        "dist_to_fault_km": 62.67,
        "temp_c": 26.3,
        "rainfall_mm": 9.4,
        "timestamp": "2026-09-07T07:56:51.079660+00:00"
      }
    },
    {
      "type": "Feature",
      "geometry": {
        "type": "Point",
        "coordinates": [
          80.54,
          21.34
        ]
      },
      "properties": {
        "probability": 0.2144,
        "confidence": "low",
        "iron_oxide_index": 0.3066,
        "ferrous_mineral_index": 0.1918,
        "swir_b11_reflectance": 0.1751,
        "swir_b12_reflectance": 0.1989,
        "ndvi": 0.4124,
        "elevation_m": 414.8,
        "slope_deg": 4.4,
        "dist_to_fault_km": 65.53,
        "temp_c": 26.3,
        "rainfall_mm": 9.4,
        "timestamp": "2026-09-07T07:56:51.079660+00:00"
      }
    },
    {
      "type": "Feature",
      "geometry": {
        "type": "Point",
        "coordinates": [
          80.6,
          21.34
        ]
      },
      "properties": {
        "probability": 0.0645,
        "confidence": "low",
        "iron_oxide_index": 0.2789,
        "ferrous_mineral_index": 0.229,
        "swir_b11_reflectance": 0.2006,
        "swir_b12_reflectance": 0.2352,
        "ndvi": 0.4193,
        "elevation_m": 414.8,
        "slope_deg": 4.5,
        "dist_to_fault_km": 66.09,
        "temp_c": 26.3,
        "rainfall_mm": 9.4,
        "timestamp": "2026-09-07T07:56:51.079660+00:00"
      }
    },
    {
      "type": "Feature",
      "geometry": {
        "type": "Point",
        "coordinates": [
          80.66,
          21.34
        ]
      },
      "properties": {
        "probability": 0.1304,
        "confidence": "low",
        "iron_oxide_index": 0.3308,
        "ferrous_mineral_index": 0.2417,
        "swir_b11_reflectance": 0.1816,
        "swir_b12_reflectance": 0.2068,
        "ndvi": 0.4455,
        "elevation_m": 414.8,
        "slope_deg": 3.7,
        "dist_to_fault_km": 67.31,
        "temp_c": 26.3,
        "rainfall_mm": 9.4,
        "timestamp": "2026-09-07T07:56:51.079660+00:00"
      }
    },
    {
      "type": "Feature",
      "geometry": {
        "type": "Point",
        "coordinates": [
          80.72,
          21.34
        ]
      },
      "properties": {
        "probability": 0.0809,
        "confidence": "low",
        "iron_oxide_index": 0.2914,
        "ferrous_mineral_index": 0.2196,
        "swir_b11_reflectance": 0.1802,
        "swir_b12_reflectance": 0.2102,
        "ndvi": 0.4598,
        "elevation_m": 414.8,
        "slope_deg": 5.0,
        "dist_to_fault_km": 69.15,
        "temp_c": 26.3,
        "rainfall_mm": 9.4,
        "timestamp": "2026-09-07T07:56:51.079660+00:00"
      }
    },
    {
      "type": "Feature",
      "geometry": {
        "type": "Point",
        "coordinates": [
          80.78,
          21.34
        ]
      },
      "properties": {
        "probability": 0.0909,
        "confidence": "low",
        "iron_oxide_index": 0.3024,
        "ferrous_mineral_index": 0.2037,
        "swir_b11_reflectance": 0.1612,
        "swir_b12_reflectance": 0.2336,
        "ndvi": 0.4428,
        "elevation_m": 414.8,
        "slope_deg": 3.9,
        "dist_to_fault_km": 71.57,
        "temp_c": 26.3,
        "rainfall_mm": 9.4,
        "timestamp": "2026-09-07T07:56:51.079660+00:00"
      }
    },
    {
      "type": "Feature",
      "geometry": {
        "type": "Point",
        "coordinates": [
          78.5,
          21.4
        ]
      },
      "properties": {
        "probability": 0.4374,
        "confidence": "low",
        "iron_oxide_index": 0.2704,
        "ferrous_mineral_index": 0.216,
        "swir_b11_reflectance": 0.1451,
        "swir_b12_reflectance": 0.238,
        "ndvi": 0.4566,
        "elevation_m": 454.8,
        "slope_deg": 4.7,
        "dist_to_fault_km": 59.34,
        "temp_c": 26.8,
        "rainfall_mm": 7.9,
        "timestamp": "2026-09-07T07:56:51.079660+00:00"
      }
    },
    {
      "type": "Feature",
      "geometry": {
        "type": "Point",
        "coordinates": [
          78.56,
          21.4
        ]
      },
      "properties": {
        "probability": 0.2349,
        "confidence": "low",
        "iron_oxide_index": 0.2932,
        "ferrous_mineral_index": 0.2628,
        "swir_b11_reflectance": 0.1776,
        "swir_b12_reflectance": 0.2433,
        "ndvi": 0.4465,
        "elevation_m": 454.8,
        "slope_deg": 4.7,
        "dist_to_fault_km": 52.74,
        "temp_c": 26.8,
        "rainfall_mm": 7.9,
        "timestamp": "2026-09-07T07:56:51.079660+00:00"
      }
    },
    {
      "type": "Feature",
      "geometry": {
        "type": "Point",
        "coordinates": [
          78.62,
          21.4
        ]
      },
      "properties": {
        "probability": 0.7121,
        "confidence": "medium",
        "iron_oxide_index": 0.3004,
        "ferrous_mineral_index": 0.2072,
        "swir_b11_reflectance": 0.2011,
        "swir_b12_reflectance": 0.2212,
        "ndvi": 0.4433,
        "elevation_m": 454.8,
        "slope_deg": 4.4,
        "dist_to_fault_km": 46.17,
        "temp_c": 26.8,
        "rainfall_mm": 7.9,
        "timestamp": "2026-09-07T07:56:51.079660+00:00"
      }
    },
    {
      "type": "Feature",
      "geometry": {
        "type": "Point",
        "coordinates": [
          78.68,
          21.4
        ]
      },
      "properties": {
        "probability": 0.3046,
        "confidence": "low",
        "iron_oxide_index": 0.3098,
        "ferrous_mineral_index": 0.2639,
        "swir_b11_reflectance": 0.1785,
        "swir_b12_reflectance": 0.2336,
        "ndvi": 0.3798,
        "elevation_m": 454.8,
        "slope_deg": 4.3,
        "dist_to_fault_km": 39.62,
        "temp_c": 26.8,
        "rainfall_mm": 7.9,
        "timestamp": "2026-09-07T07:56:51.079660+00:00"
      }
    },
    {
      "type": "Feature",
      "geometry": {
        "type": "Point",
        "coordinates": [
          78.74,
          21.4
        ]
      },
      "properties": {
        "probability": 0.2816,
        "confidence": "low",
        "iron_oxide_index": 0.3206,
        "ferrous_mineral_index": 0.231,
        "swir_b11_reflectance": 0.1583,
        "swir_b12_reflectance": 0.2318,
        "ndvi": 0.4631,
        "elevation_m": 454.8,
        "slope_deg": 5.4,
        "dist_to_fault_km": 33.11,
        "temp_c": 26.8,
        "rainfall_mm": 7.9,
        "timestamp": "2026-09-07T07:56:51.079660+00:00"
      }
    },
    {
      "type": "Feature",
      "geometry": {
        "type": "Point",
        "coordinates": [
          78.8,
          21.4
        ]
      },
      "properties": {
        "probability": 0.3954,
        "confidence": "low",
        "iron_oxide_index": 0.3242,
        "ferrous_mineral_index": 0.2256,
        "swir_b11_reflectance": 0.145,
        "swir_b12_reflectance": 0.2097,
        "ndvi": 0.4303,
        "elevation_m": 454.8,
        "slope_deg": 4.2,
        "dist_to_fault_km": 26.69,
        "temp_c": 26.8,
        "rainfall_mm": 7.9,
        "timestamp": "2026-09-07T07:56:51.079660+00:00"
      }
    },
    {
      "type": "Feature",
      "geometry": {
        "type": "Point",
        "coordinates": [
          78.86,
          21.4
        ]
      },
      "properties": {
        "probability": 0.3589,
        "confidence": "low",
        "iron_oxide_index": 0.2756,
        "ferrous_mineral_index": 0.2215,
        "swir_b11_reflectance": 0.1661,
        "swir_b12_reflectance": 0.2195,
        "ndvi": 0.4275,
        "elevation_m": 454.8,
        "slope_deg": 5.6,
        "dist_to_fault_km": 20.41,
        "temp_c": 26.8,
        "rainfall_mm": 7.9,
        "timestamp": "2026-09-07T07:56:51.079660+00:00"
      }
    },
    {
      "type": "Feature",
      "geometry": {
        "type": "Point",
        "coordinates": [
          78.92,
          21.4
        ]
      },
      "properties": {
        "probability": 0.3205,
        "confidence": "low",
        "iron_oxide_index": 0.3253,
        "ferrous_mineral_index": 0.2143,
        "swir_b11_reflectance": 0.1987,
        "swir_b12_reflectance": 0.2069,
        "ndvi": 0.4291,
        "elevation_m": 454.8,
        "slope_deg": 5.9,
        "dist_to_fault_km": 14.47,
        "temp_c": 26.8,
        "rainfall_mm": 7.9,
        "timestamp": "2026-09-07T07:56:51.079660+00:00"
      }
    },
    {
      "type": "Feature",
      "geometry": {
        "type": "Point",
        "coordinates": [
          78.98,
          21.4
        ]
      },
      "properties": {
        "probability": 0.0284,
        "confidence": "low",
        "iron_oxide_index": 0.4287,
        "ferrous_mineral_index": 0.3572,
        "swir_b11_reflectance": 0.2874,
        "swir_b12_reflectance": 0.3346,
        "ndvi": 0.3964,
        "elevation_m": 454.8,
        "slope_deg": 9.2,
        "dist_to_fault_km": 9.55,
        "temp_c": 26.8,
        "rainfall_mm": 7.9,
        "timestamp": "2026-09-07T07:56:51.079660+00:00"
      }
    },
    {
      "type": "Feature",
      "geometry": {
        "type": "Point",
        "coordinates": [
          79.04,
          21.4
        ]
      },
      "properties": {
        "probability": 0.1941,
        "confidence": "low",
        "iron_oxide_index": 0.4997,
        "ferrous_mineral_index": 0.4232,
        "swir_b11_reflectance": 0.317,
        "swir_b12_reflectance": 0.3686,
        "ndvi": 0.3653,
        "elevation_m": 454.8,
        "slope_deg": 9.5,
        "dist_to_fault_km": 7.85,
        "temp_c": 26.8,
        "rainfall_mm": 7.9,
        "timestamp": "2026-09-07T07:56:51.079660+00:00"
      }
    },
    {
      "type": "Feature",
      "geometry": {
        "type": "Point",
        "coordinates": [
          79.1,
          21.4
        ]
      },
      "properties": {
        "probability": 0.0387,
        "confidence": "low",
        "iron_oxide_index": 0.4412,
        "ferrous_mineral_index": 0.3387,
        "swir_b11_reflectance": 0.2551,
        "swir_b12_reflectance": 0.3098,
        "ndvi": 0.4045,
        "elevation_m": 371.2,
        "slope_deg": 5.5,
        "dist_to_fault_km": 10.99,
        "temp_c": 27.0,
        "rainfall_mm": 8.8,
        "timestamp": "2026-09-07T07:56:51.079660+00:00"
      }
    },
    {
      "type": "Feature",
      "geometry": {
        "type": "Point",
        "coordinates": [
          79.16,
          21.4
        ]
      },
      "properties": {
        "probability": 0.012,
        "confidence": "low",
        "iron_oxide_index": 0.4257,
        "ferrous_mineral_index": 0.3244,
        "swir_b11_reflectance": 0.2371,
        "swir_b12_reflectance": 0.3099,
        "ndvi": 0.4266,
        "elevation_m": 371.2,
        "slope_deg": 5.7,
        "dist_to_fault_km": 10.93,
        "temp_c": 27.0,
        "rainfall_mm": 8.8,
        "timestamp": "2026-09-07T07:56:51.079660+00:00"
      }
    },
    {
      "type": "Feature",
      "geometry": {
        "type": "Point",
        "coordinates": [
          79.22,
          21.4
        ]
      },
      "properties": {
        "probability": 0.9806,
        "confidence": "high",
        "iron_oxide_index": 0.5948,
        "ferrous_mineral_index": 0.4622,
        "swir_b11_reflectance": 0.3662,
        "swir_b12_reflectance": 0.4115,
        "ndvi": 0.3934,
        "elevation_m": 371.2,
        "slope_deg": 8.9,
        "dist_to_fault_km": 5.55,
        "temp_c": 27.0,
        "rainfall_mm": 8.8,
        "timestamp": "2026-09-07T07:56:51.079660+00:00"
      }
    },
    {
      "type": "Feature",
      "geometry": {
        "type": "Point",
        "coordinates": [
          79.28,
          21.4
        ]
      },
      "properties": {
        "probability": 1.0,
        "confidence": "high",
        "iron_oxide_index": 0.5818,
        "ferrous_mineral_index": 0.4792,
        "swir_b11_reflectance": 0.3816,
        "swir_b12_reflectance": 0.4373,
        "ndvi": 0.3633,
        "elevation_m": 371.2,
        "slope_deg": 10.3,
        "dist_to_fault_km": 4.96,
        "temp_c": 27.0,
        "rainfall_mm": 8.8,
        "timestamp": "2026-09-07T07:56:51.079660+00:00"
      }
    },
    {
      "type": "Feature",
      "geometry": {
        "type": "Point",
        "coordinates": [
          79.34,
          21.4
        ]
      },
      "properties": {
        "probability": 1.0,
        "confidence": "high",
        "iron_oxide_index": 0.651,
        "ferrous_mineral_index": 0.5185,
        "swir_b11_reflectance": 0.4165,
        "swir_b12_reflectance": 0.4614,
        "ndvi": 0.3689,
        "elevation_m": 371.2,
        "slope_deg": 10.8,
        "dist_to_fault_km": 3.14,
        "temp_c": 27.0,
        "rainfall_mm": 8.8,
        "timestamp": "2026-09-07T07:56:51.079660+00:00"
      }
    },
    {
      "type": "Feature",
      "geometry": {
        "type": "Point",
        "coordinates": [
          79.4,
          21.4
        ]
      },
      "properties": {
        "probability": 0.0075,
        "confidence": "low",
        "iron_oxide_index": 0.4689,
        "ferrous_mineral_index": 0.3538,
        "swir_b11_reflectance": 0.2962,
        "swir_b12_reflectance": 0.3624,
        "ndvi": 0.4191,
        "elevation_m": 371.2,
        "slope_deg": 7.3,
        "dist_to_fault_km": 9.15,
        "temp_c": 27.0,
        "rainfall_mm": 8.8,
        "timestamp": "2026-09-07T07:56:51.079660+00:00"
      }
    },
    {
      "type": "Feature",
      "geometry": {
        "type": "Point",
        "coordinates": [
          79.46,
          21.4
        ]
      },
      "properties": {
        "probability": 0.3278,
        "confidence": "low",
        "iron_oxide_index": 0.321,
        "ferrous_mineral_index": 0.198,
        "swir_b11_reflectance": 0.1703,
        "swir_b12_reflectance": 0.2196,
        "ndvi": 0.4,
        "elevation_m": 371.2,
        "slope_deg": 3.0,
        "dist_to_fault_km": 15.7,
        "temp_c": 27.0,
        "rainfall_mm": 8.8,
        "timestamp": "2026-09-07T07:56:51.079660+00:00"
      }
    },
    {
      "type": "Feature",
      "geometry": {
        "type": "Point",
        "coordinates": [
          79.52,
          21.4
        ]
      },
      "properties": {
        "probability": 0.1683,
        "confidence": "low",
        "iron_oxide_index": 0.2904,
        "ferrous_mineral_index": 0.2066,
        "swir_b11_reflectance": 0.1692,
        "swir_b12_reflectance": 0.2277,
        "ndvi": 0.4633,
        "elevation_m": 371.2,
        "slope_deg": 3.0,
        "dist_to_fault_km": 19.1,
        "temp_c": 27.0,
        "rainfall_mm": 8.8,
        "timestamp": "2026-09-07T07:56:51.079660+00:00"
      }
    },
    {
      "type": "Feature",
      "geometry": {
        "type": "Point",
        "coordinates": [
          79.58,
          21.4
        ]
      },
      "properties": {
        "probability": 0.094,
        "confidence": "low",
        "iron_oxide_index": 0.3521,
        "ferrous_mineral_index": 0.2318,
        "swir_b11_reflectance": 0.1961,
        "swir_b12_reflectance": 0.2385,
        "ndvi": 0.4727,
        "elevation_m": 371.2,
        "slope_deg": 2.9,
        "dist_to_fault_km": 14.21,
        "temp_c": 27.0,
        "rainfall_mm": 8.8,
        "timestamp": "2026-09-07T07:56:51.079660+00:00"
      }
    },
    {
      "type": "Feature",
      "geometry": {
        "type": "Point",
        "coordinates": [
          79.64,
          21.4
        ]
      },
      "properties": {
        "probability": 0.0233,
        "confidence": "low",
        "iron_oxide_index": 0.409,
        "ferrous_mineral_index": 0.3247,
        "swir_b11_reflectance": 0.237,
        "swir_b12_reflectance": 0.3094,
        "ndvi": 0.4456,
        "elevation_m": 371.2,
        "slope_deg": 5.7,
        "dist_to_fault_km": 11.32,
        "temp_c": 27.0,
        "rainfall_mm": 8.8,
        "timestamp": "2026-09-07T07:56:51.079660+00:00"
      }
    },
    {
      "type": "Feature",
      "geometry": {
        "type": "Point",
        "coordinates": [
          79.7,
          21.4
        ]
      },
      "properties": {
        "probability": 0.2231,
        "confidence": "low",
        "iron_oxide_index": 0.4042,
        "ferrous_mineral_index": 0.2682,
        "swir_b11_reflectance": 0.2373,
        "swir_b12_reflectance": 0.2895,
        "ndvi": 0.441,
        "elevation_m": 342.1,
        "slope_deg": 5.3,
        "dist_to_fault_km": 11.96,
        "temp_c": 27.0,
        "rainfall_mm": 9.7,
        "timestamp": "2026-09-07T07:56:51.079660+00:00"
      }
    },
    {
      "type": "Feature",
      "geometry": {
        "type": "Point",
        "coordinates": [
          79.76,
          21.4
        ]
      },
      "properties": {
        "probability": 0.4726,
        "confidence": "medium",
        "iron_oxide_index": 0.3222,
        "ferrous_mineral_index": 0.2475,
        "swir_b11_reflectance": 0.1863,
        "swir_b12_reflectance": 0.2112,
        "ndvi": 0.5362,
        "elevation_m": 342.1,
        "slope_deg": 4.5,
        "dist_to_fault_km": 15.7,
        "temp_c": 27.0,
        "rainfall_mm": 9.7,
        "timestamp": "2026-09-07T07:56:51.079660+00:00"
      }
    },
    {
      "type": "Feature",
      "geometry": {
        "type": "Point",
        "coordinates": [
          79.82,
          21.4
        ]
      },
      "properties": {
        "probability": 0.226,
        "confidence": "low",
        "iron_oxide_index": 0.2847,
        "ferrous_mineral_index": 0.2078,
        "swir_b11_reflectance": 0.169,
        "swir_b12_reflectance": 0.2352,
        "ndvi": 0.4292,
        "elevation_m": 342.1,
        "slope_deg": 2.7,
        "dist_to_fault_km": 20.94,
        "temp_c": 27.0,
        "rainfall_mm": 9.7,
        "timestamp": "2026-09-07T07:56:51.079660+00:00"
      }
    },
    {
      "type": "Feature",
      "geometry": {
        "type": "Point",
        "coordinates": [
          79.88,
          21.4
        ]
      },
      "properties": {
        "probability": 0.3821,
        "confidence": "low",
        "iron_oxide_index": 0.3006,
        "ferrous_mineral_index": 0.2434,
        "swir_b11_reflectance": 0.1746,
        "swir_b12_reflectance": 0.2406,
        "ndvi": 0.435,
        "elevation_m": 342.1,
        "slope_deg": 4.5,
        "dist_to_fault_km": 26.82,
        "temp_c": 27.0,
        "rainfall_mm": 9.7,
        "timestamp": "2026-09-07T07:56:51.079660+00:00"
      }
    },
    {
      "type": "Feature",
      "geometry": {
        "type": "Point",
        "coordinates": [
          79.94,
          21.4
        ]
      },
      "properties": {
        "probability": 0.3602,
        "confidence": "low",
        "iron_oxide_index": 0.3061,
        "ferrous_mineral_index": 0.2293,
        "swir_b11_reflectance": 0.1546,
        "swir_b12_reflectance": 0.2275,
        "ndvi": 0.5022,
        "elevation_m": 342.1,
        "slope_deg": 2.7,
        "dist_to_fault_km": 33.0,
        "temp_c": 27.0,
        "rainfall_mm": 9.7,
        "timestamp": "2026-09-07T07:56:51.079660+00:00"
      }
    },
    {
      "type": "Feature",
      "geometry": {
        "type": "Point",
        "coordinates": [
          80.0,
          21.4
        ]
      },
      "properties": {
        "probability": 0.5759,
        "confidence": "medium",
        "iron_oxide_index": 0.2939,
        "ferrous_mineral_index": 0.2463,
        "swir_b11_reflectance": 0.1752,
        "swir_b12_reflectance": 0.2368,
        "ndvi": 0.4691,
        "elevation_m": 342.1,
        "slope_deg": 3.2,
        "dist_to_fault_km": 39.34,
        "temp_c": 27.0,
        "rainfall_mm": 9.7,
        "timestamp": "2026-09-07T07:56:51.079660+00:00"
      }
    },
    {
      "type": "Feature",
      "geometry": {
        "type": "Point",
        "coordinates": [
          80.06,
          21.4
        ]
      },
      "properties": {
        "probability": 0.4034,
        "confidence": "low",
        "iron_oxide_index": 0.2839,
        "ferrous_mineral_index": 0.2138,
        "swir_b11_reflectance": 0.1825,
        "swir_b12_reflectance": 0.2362,
        "ndvi": 0.44,
        "elevation_m": 342.1,
        "slope_deg": 3.4,
        "dist_to_fault_km": 45.77,
        "temp_c": 27.0,
        "rainfall_mm": 9.7,
        "timestamp": "2026-09-07T07:56:51.079660+00:00"
      }
    },
    {
      "type": "Feature",
      "geometry": {
        "type": "Point",
        "coordinates": [
          80.12,
          21.4
        ]
      },
      "properties": {
        "probability": 0.6208,
        "confidence": "medium",
        "iron_oxide_index": 0.2941,
        "ferrous_mineral_index": 0.2329,
        "swir_b11_reflectance": 0.1617,
        "swir_b12_reflectance": 0.187,
        "ndvi": 0.4551,
        "elevation_m": 342.1,
        "slope_deg": 3.1,
        "dist_to_fault_km": 48.36,
        "temp_c": 27.0,
        "rainfall_mm": 9.7,
        "timestamp": "2026-09-07T07:56:51.079660+00:00"
      }
    },
    {
      "type": "Feature",
      "geometry": {
        "type": "Point",
        "coordinates": [
          80.18,
          21.4
        ]
      },
      "properties": {
        "probability": 0.5129,
        "confidence": "medium",
        "iron_oxide_index": 0.3164,
        "ferrous_mineral_index": 0.2481,
        "swir_b11_reflectance": 0.1482,
        "swir_b12_reflectance": 0.2107,
        "ndvi": 0.4706,
        "elevation_m": 342.1,
        "slope_deg": 2.1,
        "dist_to_fault_km": 47.74,
        "temp_c": 27.0,
        "rainfall_mm": 9.7,
        "timestamp": "2026-09-07T07:56:51.079660+00:00"
      }
    },
    {
      "type": "Feature",
      "geometry": {
        "type": "Point",
        "coordinates": [
          80.24,
          21.4
        ]
      },
      "properties": {
        "probability": 0.5916,
        "confidence": "medium",
        "iron_oxide_index": 0.3088,
        "ferrous_mineral_index": 0.2276,
        "swir_b11_reflectance": 0.1605,
        "swir_b12_reflectance": 0.209,
        "ndvi": 0.4782,
        "elevation_m": 342.1,
        "slope_deg": 3.0,
        "dist_to_fault_km": 48.05,
        "temp_c": 27.0,
        "rainfall_mm": 9.7,
        "timestamp": "2026-09-07T07:56:51.079660+00:00"
      }
    },
    {
      "type": "Feature",
      "geometry": {
        "type": "Point",
        "coordinates": [
          80.3,
          21.4
        ]
      },
      "properties": {
        "probability": 0.3209,
        "confidence": "low",
        "iron_oxide_index": 0.3379,
        "ferrous_mineral_index": 0.2463,
        "swir_b11_reflectance": 0.1928,
        "swir_b12_reflectance": 0.2141,
        "ndvi": 0.453,
        "elevation_m": 342.1,
        "slope_deg": 4.5,
        "dist_to_fault_km": 49.27,
        "temp_c": 27.0,
        "rainfall_mm": 9.7,
        "timestamp": "2026-09-07T07:56:51.079660+00:00"
      }
    },
    {
      "type": "Feature",
      "geometry": {
        "type": "Point",
        "coordinates": [
          80.36,
          21.4
        ]
      },
      "properties": {
        "probability": 0.1148,
        "confidence": "low",
        "iron_oxide_index": 0.2761,
        "ferrous_mineral_index": 0.2313,
        "swir_b11_reflectance": 0.1725,
        "swir_b12_reflectance": 0.1681,
        "ndvi": 0.4389,
        "elevation_m": 414.8,
        "slope_deg": 3.6,
        "dist_to_fault_km": 51.33,
        "temp_c": 26.3,
        "rainfall_mm": 9.4,
        "timestamp": "2026-09-07T07:56:51.079660+00:00"
      }
    },
    {
      "type": "Feature",
      "geometry": {
        "type": "Point",
        "coordinates": [
          80.42,
          21.4
        ]
      },
      "properties": {
        "probability": 0.1126,
        "confidence": "low",
        "iron_oxide_index": 0.2977,
        "ferrous_mineral_index": 0.217,
        "swir_b11_reflectance": 0.1736,
        "swir_b12_reflectance": 0.1907,
        "ndvi": 0.4466,
        "elevation_m": 414.8,
        "slope_deg": 3.1,
        "dist_to_fault_km": 54.06,
        "temp_c": 26.3,
        "rainfall_mm": 9.4,
        "timestamp": "2026-09-07T07:56:51.079660+00:00"
      }
    },
    {
      "type": "Feature",
      "geometry": {
        "type": "Point",
        "coordinates": [
          80.48,
          21.4
        ]
      },
      "properties": {
        "probability": 0.0289,
        "confidence": "low",
        "iron_oxide_index": 0.3213,
        "ferrous_mineral_index": 0.2258,
        "swir_b11_reflectance": 0.1738,
        "swir_b12_reflectance": 0.2125,
        "ndvi": 0.4524,
        "elevation_m": 414.8,
        "slope_deg": 5.3,
        "dist_to_fault_km": 56.6,
        "temp_c": 26.3,
        "rainfall_mm": 9.4,
        "timestamp": "2026-09-07T07:56:51.079660+00:00"
      }
    },
    {
      "type": "Feature",
      "geometry": {
        "type": "Point",
        "coordinates": [
          80.54,
          21.4
        ]
      },
      "properties": {
        "probability": 0.0629,
        "confidence": "low",
        "iron_oxide_index": 0.2953,
        "ferrous_mineral_index": 0.2211,
        "swir_b11_reflectance": 0.1573,
        "swir_b12_reflectance": 0.2128,
        "ndvi": 0.4673,
        "elevation_m": 414.8,
        "slope_deg": 3.1,
        "dist_to_fault_km": 58.87,
        "temp_c": 26.3,
        "rainfall_mm": 9.4,
        "timestamp": "2026-09-07T07:56:51.079660+00:00"
      }
    },
    {
      "type": "Feature",
      "geometry": {
        "type": "Point",
        "coordinates": [
          80.6,
          21.4
        ]
      },
      "properties": {
        "probability": 0.1638,
        "confidence": "low",
        "iron_oxide_index": 0.3296,
        "ferrous_mineral_index": 0.1815,
        "swir_b11_reflectance": 0.165,
        "swir_b12_reflectance": 0.196,
        "ndvi": 0.4428,
        "elevation_m": 414.8,
        "slope_deg": 4.4,
        "dist_to_fault_km": 59.5,
        "temp_c": 26.3,
        "rainfall_mm": 9.4,
        "timestamp": "2026-09-07T07:56:51.079660+00:00"
      }
    },
    {
      "type": "Feature",
      "geometry": {
        "type": "Point",
        "coordinates": [
          80.66,
          21.4
        ]
      },
      "properties": {
        "probability": 0.1971,
        "confidence": "low",
        "iron_oxide_index": 0.2969,
        "ferrous_mineral_index": 0.1904,
        "swir_b11_reflectance": 0.147,
        "swir_b12_reflectance": 0.1989,
        "ndvi": 0.4865,
        "elevation_m": 414.8,
        "slope_deg": 5.1,
        "dist_to_fault_km": 60.85,
        "temp_c": 26.3,
        "rainfall_mm": 9.4,
        "timestamp": "2026-09-07T07:56:51.079660+00:00"
      }
    },
    {
      "type": "Feature",
      "geometry": {
        "type": "Point",
        "coordinates": [
          80.72,
          21.4
        ]
      },
      "properties": {
        "probability": 0.0467,
        "confidence": "low",
        "iron_oxide_index": 0.3154,
        "ferrous_mineral_index": 0.2314,
        "swir_b11_reflectance": 0.1668,
        "swir_b12_reflectance": 0.2037,
        "ndvi": 0.4076,
        "elevation_m": 414.8,
        "slope_deg": 5.0,
        "dist_to_fault_km": 62.88,
        "temp_c": 26.3,
        "rainfall_mm": 9.4,
        "timestamp": "2026-09-07T07:56:51.079660+00:00"
      }
    },
    {
      "type": "Feature",
      "geometry": {
        "type": "Point",
        "coordinates": [
          80.78,
          21.4
        ]
      },
      "properties": {
        "probability": 0.0827,
        "confidence": "low",
        "iron_oxide_index": 0.2903,
        "ferrous_mineral_index": 0.2251,
        "swir_b11_reflectance": 0.1736,
        "swir_b12_reflectance": 0.2183,
        "ndvi": 0.4844,
        "elevation_m": 414.8,
        "slope_deg": 4.6,
        "dist_to_fault_km": 65.53,
        "temp_c": 26.3,
        "rainfall_mm": 9.4,
        "timestamp": "2026-09-07T07:56:51.079660+00:00"
      }
    },
    {
      "type": "Feature",
      "geometry": {
        "type": "Point",
        "coordinates": [
          78.5,
          21.46
        ]
      },
      "properties": {
        "probability": 0.4427,
        "confidence": "low",
        "iron_oxide_index": 0.3028,
        "ferrous_mineral_index": 0.2275,
        "swir_b11_reflectance": 0.1609,
        "swir_b12_reflectance": 0.1766,
        "ndvi": 0.4657,
        "elevation_m": 454.8,
        "slope_deg": 5.2,
        "dist_to_fault_km": 60.57,
        "temp_c": 26.8,
        "rainfall_mm": 7.9,
        "timestamp": "2026-09-07T07:56:51.079660+00:00"
      }
    },
    {
      "type": "Feature",
      "geometry": {
        "type": "Point",
        "coordinates": [
          78.56,
          21.46
        ]
      },
      "properties": {
        "probability": 0.182,
        "confidence": "low",
        "iron_oxide_index": 0.292,
        "ferrous_mineral_index": 0.2491,
        "swir_b11_reflectance": 0.1698,
        "swir_b12_reflectance": 0.2469,
        "ndvi": 0.4215,
        "elevation_m": 454.8,
        "slope_deg": 5.2,
        "dist_to_fault_km": 54.13,
        "temp_c": 26.8,
        "rainfall_mm": 7.9,
        "timestamp": "2026-09-07T07:56:51.079660+00:00"
      }
    },
    {
      "type": "Feature",
      "geometry": {
        "type": "Point",
        "coordinates": [
          78.62,
          21.46
        ]
      },
      "properties": {
        "probability": 0.5404,
        "confidence": "medium",
        "iron_oxide_index": 0.3034,
        "ferrous_mineral_index": 0.2115,
        "swir_b11_reflectance": 0.185,
        "swir_b12_reflectance": 0.249,
        "ndvi": 0.455,
        "elevation_m": 454.8,
        "slope_deg": 5.4,
        "dist_to_fault_km": 47.74,
        "temp_c": 26.8,
        "rainfall_mm": 7.9,
        "timestamp": "2026-09-07T07:56:51.079660+00:00"
      }
    },
    {
      "type": "Feature",
      "geometry": {
        "type": "Point",
        "coordinates": [
          78.68,
          21.46
        ]
      },
      "properties": {
        "probability": 0.3219,
        "confidence": "low",
        "iron_oxide_index": 0.3206,
        "ferrous_mineral_index": 0.2528,
        "swir_b11_reflectance": 0.1755,
        "swir_b12_reflectance": 0.2077,
        "ndvi": 0.4201,
        "elevation_m": 454.8,
        "slope_deg": 6.2,
        "dist_to_fault_km": 41.44,
        "temp_c": 26.8,
        "rainfall_mm": 7.9,
        "timestamp": "2026-09-07T07:56:51.079660+00:00"
      }
    },
    {
      "type": "Feature",
      "geometry": {
        "type": "Point",
        "coordinates": [
          78.74,
          21.46
        ]
      },
      "properties": {
        "probability": 0.4934,
        "confidence": "medium",
        "iron_oxide_index": 0.353,
        "ferrous_mineral_index": 0.1914,
        "swir_b11_reflectance": 0.1982,
        "swir_b12_reflectance": 0.2042,
        "ndvi": 0.4316,
        "elevation_m": 454.8,
        "slope_deg": 5.4,
        "dist_to_fault_km": 35.28,
        "temp_c": 26.8,
        "rainfall_mm": 7.9,
        "timestamp": "2026-09-07T07:56:51.079660+00:00"
      }
    },
    {
      "type": "Feature",
      "geometry": {
        "type": "Point",
        "coordinates": [
          78.8,
          21.46
        ]
      },
      "properties": {
        "probability": 0.0291,
        "confidence": "low",
        "iron_oxide_index": 0.2922,
        "ferrous_mineral_index": 0.2178,
        "swir_b11_reflectance": 0.1853,
        "swir_b12_reflectance": 0.2142,
        "ndvi": 0.4372,
        "elevation_m": 300.0,
        "slope_deg": 1.9,
        "dist_to_fault_km": 29.33,
        "temp_c": 27.5,
        "rainfall_mm": 6.5,
        "timestamp": "2026-09-07T07:56:51.079660+00:00"
      }
    },
    {
      "type": "Feature",
      "geometry": {
        "type": "Point",
        "coordinates": [
          78.86,
          21.46
        ]
      },
      "properties": {
        "probability": 0.0155,
        "confidence": "low",
        "iron_oxide_index": 0.3007,
        "ferrous_mineral_index": 0.248,
        "swir_b11_reflectance": 0.1827,
        "swir_b12_reflectance": 0.2293,
        "ndvi": 0.4338,
        "elevation_m": 300.0,
        "slope_deg": 1.7,
        "dist_to_fault_km": 23.75,
        "temp_c": 27.5,
        "rainfall_mm": 6.5,
        "timestamp": "2026-09-07T07:56:51.079660+00:00"
      }
    },
    {
      "type": "Feature",
      "geometry": {
        "type": "Point",
        "coordinates": [
          78.92,
          21.46
        ]
      },
      "properties": {
        "probability": 0.6142,
        "confidence": "medium",
        "iron_oxide_index": 0.2695,
        "ferrous_mineral_index": 0.198,
        "swir_b11_reflectance": 0.1627,
        "swir_b12_reflectance": 0.2038,
        "ndvi": 0.4221,
        "elevation_m": 454.8,
        "slope_deg": 5.5,
        "dist_to_fault_km": 18.9,
        "temp_c": 26.8,
        "rainfall_mm": 7.9,
        "timestamp": "2026-09-07T07:56:51.079660+00:00"
      }
    },
    {
      "type": "Feature",
      "geometry": {
        "type": "Point",
        "coordinates": [
          78.98,
          21.46
        ]
      },
      "properties": {
        "probability": 0.5279,
        "confidence": "medium",
        "iron_oxide_index": 0.2849,
        "ferrous_mineral_index": 0.2095,
        "swir_b11_reflectance": 0.1927,
        "swir_b12_reflectance": 0.2167,
        "ndvi": 0.4319,
        "elevation_m": 454.8,
        "slope_deg": 5.4,
        "dist_to_fault_km": 15.46,
        "temp_c": 26.8,
        "rainfall_mm": 7.9,
        "timestamp": "2026-09-07T07:56:51.079660+00:00"
      }
    },
    {
      "type": "Feature",
      "geometry": {
        "type": "Point",
        "coordinates": [
          79.04,
          21.46
        ]
      },
      "properties": {
        "probability": 0.0017,
        "confidence": "low",
        "iron_oxide_index": 0.3225,
        "ferrous_mineral_index": 0.2336,
        "swir_b11_reflectance": 0.2184,
        "swir_b12_reflectance": 0.2403,
        "ndvi": 0.4225,
        "elevation_m": 300.0,
        "slope_deg": 3.6,
        "dist_to_fault_km": 14.47,
        "temp_c": 27.5,
        "rainfall_mm": 6.5,
        "timestamp": "2026-09-07T07:56:51.079660+00:00"
      }
    },
    {
      "type": "Feature",
      "geometry": {
        "type": "Point",
        "coordinates": [
          79.1,
          21.46
        ]
      },
      "properties": {
        "probability": 0.0133,
        "confidence": "low",
        "iron_oxide_index": 0.296,
        "ferrous_mineral_index": 0.2455,
        "swir_b11_reflectance": 0.1789,
        "swir_b12_reflectance": 0.2233,
        "ndvi": 0.463,
        "elevation_m": 300.0,
        "slope_deg": 2.9,
        "dist_to_fault_km": 16.39,
        "temp_c": 27.5,
        "rainfall_mm": 6.5,
        "timestamp": "2026-09-07T07:56:51.079660+00:00"
      }
    },
    {
      "type": "Feature",
      "geometry": {
        "type": "Point",
        "coordinates": [
          79.16,
          21.46
        ]
      },
      "properties": {
        "probability": 0.02,
        "confidence": "low",
        "iron_oxide_index": 0.4957,
        "ferrous_mineral_index": 0.3444,
        "swir_b11_reflectance": 0.2515,
        "swir_b12_reflectance": 0.3411,
        "ndvi": 0.4153,
        "elevation_m": 371.2,
        "slope_deg": 6.4,
        "dist_to_fault_km": 10.23,
        "temp_c": 27.0,
        "rainfall_mm": 8.8,
        "timestamp": "2026-09-07T07:56:51.079660+00:00"
      }
    },
    {
      "type": "Feature",
      "geometry": {
        "type": "Point",
        "coordinates": [
          79.22,
          21.46
        ]
      },
      "properties": {
        "probability": 0.995,
        "confidence": "high",
        "iron_oxide_index": 0.6673,
        "ferrous_mineral_index": 0.5055,
        "swir_b11_reflectance": 0.3744,
        "swir_b12_reflectance": 0.4515,
        "ndvi": 0.3389,
        "elevation_m": 300.0,
        "slope_deg": 9.6,
        "dist_to_fault_km": 4.0,
        "temp_c": 27.5,
        "rainfall_mm": 6.5,
        "timestamp": "2026-09-07T07:56:51.079660+00:00"
      }
    },
    {
      "type": "Feature",
      "geometry": {
        "type": "Point",
        "coordinates": [
          79.28,
          21.46
        ]
      },
      "properties": {
        "probability": 0.995,
        "confidence": "high",
        "iron_oxide_index": 0.6287,
        "ferrous_mineral_index": 0.5125,
        "swir_b11_reflectance": 0.3948,
        "swir_b12_reflectance": 0.4616,
        "ndvi": 0.3384,
        "elevation_m": 300.0,
        "slope_deg": 9.9,
        "dist_to_fault_km": 4.0,
        "temp_c": 27.5,
        "rainfall_mm": 6.5,
        "timestamp": "2026-09-07T07:56:51.079660+00:00"
      }
    },
    {
      "type": "Feature",
      "geometry": {
        "type": "Point",
        "coordinates": [
          79.34,
          21.46
        ]
      },
      "properties": {
        "probability": 0.1282,
        "confidence": "low",
        "iron_oxide_index": 0.472,
        "ferrous_mineral_index": 0.3729,
        "swir_b11_reflectance": 0.2586,
        "swir_b12_reflectance": 0.3568,
        "ndvi": 0.3832,
        "elevation_m": 371.2,
        "slope_deg": 6.3,
        "dist_to_fault_km": 9.15,
        "temp_c": 27.0,
        "rainfall_mm": 8.8,
        "timestamp": "2026-09-07T07:56:51.079660+00:00"
      }
    },
    {
      "type": "Feature",
      "geometry": {
        "type": "Point",
        "coordinates": [
          79.4,
          21.46
        ]
      },
      "properties": {
        "probability": 0.02,
        "confidence": "low",
        "iron_oxide_index": 0.3703,
        "ferrous_mineral_index": 0.3325,
        "swir_b11_reflectance": 0.206,
        "swir_b12_reflectance": 0.2863,
        "ndvi": 0.4126,
        "elevation_m": 371.2,
        "slope_deg": 6.2,
        "dist_to_fault_km": 12.56,
        "temp_c": 27.0,
        "rainfall_mm": 8.8,
        "timestamp": "2026-09-07T07:56:51.079660+00:00"
      }
    },
    {
      "type": "Feature",
      "geometry": {
        "type": "Point",
        "coordinates": [
          79.46,
          21.46
        ]
      },
      "properties": {
        "probability": 0.2058,
        "confidence": "low",
        "iron_oxide_index": 0.3011,
        "ferrous_mineral_index": 0.2233,
        "swir_b11_reflectance": 0.1862,
        "swir_b12_reflectance": 0.1956,
        "ndvi": 0.4733,
        "elevation_m": 371.2,
        "slope_deg": 3.8,
        "dist_to_fault_km": 17.9,
        "temp_c": 27.0,
        "rainfall_mm": 8.8,
        "timestamp": "2026-09-07T07:56:51.079660+00:00"
      }
    },
    {
      "type": "Feature",
      "geometry": {
        "type": "Point",
        "coordinates": [
          79.52,
          21.46
        ]
      },
      "properties": {
        "probability": 0.175,
        "confidence": "low",
        "iron_oxide_index": 0.2929,
        "ferrous_mineral_index": 0.2173,
        "swir_b11_reflectance": 0.1535,
        "swir_b12_reflectance": 0.2143,
        "ndvi": 0.4693,
        "elevation_m": 371.2,
        "slope_deg": 3.7,
        "dist_to_fault_km": 23.6,
        "temp_c": 27.0,
        "rainfall_mm": 8.8,
        "timestamp": "2026-09-07T07:56:51.079660+00:00"
      }
    },
    {
      "type": "Feature",
      "geometry": {
        "type": "Point",
        "coordinates": [
          79.58,
          21.46
        ]
      },
      "properties": {
        "probability": 0.0149,
        "confidence": "low",
        "iron_oxide_index": 0.3156,
        "ferrous_mineral_index": 0.2168,
        "swir_b11_reflectance": 0.1662,
        "swir_b12_reflectance": 0.2251,
        "ndvi": 0.4685,
        "elevation_m": 300.0,
        "slope_deg": 1.9,
        "dist_to_fault_km": 19.86,
        "temp_c": 27.5,
        "rainfall_mm": 6.5,
        "timestamp": "2026-09-07T07:56:51.079660+00:00"
      }
    },
    {
      "type": "Feature",
      "geometry": {
        "type": "Point",
        "coordinates": [
          79.64,
          21.46
        ]
      },
      "properties": {
        "probability": 0.0088,
        "confidence": "low",
        "iron_oxide_index": 0.3041,
        "ferrous_mineral_index": 0.2287,
        "swir_b11_reflectance": 0.1829,
        "swir_b12_reflectance": 0.2226,
        "ndvi": 0.4254,
        "elevation_m": 300.0,
        "slope_deg": 2.1,
        "dist_to_fault_km": 17.9,
        "temp_c": 27.5,
        "rainfall_mm": 6.5,
        "timestamp": "2026-09-07T07:56:51.079660+00:00"
      }
    },
    {
      "type": "Feature",
      "geometry": {
        "type": "Point",
        "coordinates": [
          79.7,
          21.46
        ]
      },
      "properties": {
        "probability": 0.283,
        "confidence": "low",
        "iron_oxide_index": 0.3288,
        "ferrous_mineral_index": 0.2124,
        "swir_b11_reflectance": 0.1878,
        "swir_b12_reflectance": 0.2181,
        "ndvi": 0.4685,
        "elevation_m": 342.1,
        "slope_deg": 2.8,
        "dist_to_fault_km": 18.31,
        "temp_c": 27.0,
        "rainfall_mm": 9.7,
        "timestamp": "2026-09-07T07:56:51.079660+00:00"
      }
    },
    {
      "type": "Feature",
      "geometry": {
        "type": "Point",
        "coordinates": [
          79.76,
          21.46
        ]
      },
      "properties": {
        "probability": 0.1833,
        "confidence": "low",
        "iron_oxide_index": 0.2886,
        "ferrous_mineral_index": 0.2158,
        "swir_b11_reflectance": 0.1781,
        "swir_b12_reflectance": 0.2182,
        "ndvi": 0.4287,
        "elevation_m": 342.1,
        "slope_deg": 4.2,
        "dist_to_fault_km": 20.94,
        "temp_c": 27.0,
        "rainfall_mm": 9.7,
        "timestamp": "2026-09-07T07:56:51.079660+00:00"
      }
    },
    {
      "type": "Feature",
      "geometry": {
        "type": "Point",
        "coordinates": [
          79.82,
          21.46
        ]
      },
      "properties": {
        "probability": 0.3135,
        "confidence": "low",
        "iron_oxide_index": 0.2792,
        "ferrous_mineral_index": 0.2226,
        "swir_b11_reflectance": 0.1843,
        "swir_b12_reflectance": 0.2184,
        "ndvi": 0.4117,
        "elevation_m": 342.1,
        "slope_deg": 4.3,
        "dist_to_fault_km": 25.12,
        "temp_c": 27.0,
        "rainfall_mm": 9.7,
        "timestamp": "2026-09-07T07:56:51.079660+00:00"
      }
    },
    {
      "type": "Feature",
      "geometry": {
        "type": "Point",
        "coordinates": [
          79.88,
          21.46
        ]
      },
      "properties": {
        "probability": 0.2849,
        "confidence": "low",
        "iron_oxide_index": 0.3125,
        "ferrous_mineral_index": 0.2247,
        "swir_b11_reflectance": 0.1579,
        "swir_b12_reflectance": 0.2303,
        "ndvi": 0.4337,
        "elevation_m": 342.1,
        "slope_deg": 3.3,
        "dist_to_fault_km": 30.2,
        "temp_c": 27.0,
        "rainfall_mm": 9.7,
        "timestamp": "2026-09-07T07:56:51.079660+00:00"
      }
    },
    {
      "type": "Feature",
      "geometry": {
        "type": "Point",
        "coordinates": [
          79.94,
          21.46
        ]
      },
      "properties": {
        "probability": 0.3729,
        "confidence": "low",
        "iron_oxide_index": 0.3186,
        "ferrous_mineral_index": 0.2334,
        "swir_b11_reflectance": 0.1742,
        "swir_b12_reflectance": 0.2125,
        "ndvi": 0.4618,
        "elevation_m": 342.1,
        "slope_deg": 2.5,
        "dist_to_fault_km": 35.8,
        "temp_c": 27.0,
        "rainfall_mm": 9.7,
        "timestamp": "2026-09-07T07:56:51.079660+00:00"
      }
    },
    {
      "type": "Feature",
      "geometry": {
        "type": "Point",
        "coordinates": [
          80.0,
          21.46
        ]
      },
      "properties": {
        "probability": 0.3254,
        "confidence": "low",
        "iron_oxide_index": 0.2795,
        "ferrous_mineral_index": 0.2221,
        "swir_b11_reflectance": 0.168,
        "swir_b12_reflectance": 0.2343,
        "ndvi": 0.4423,
        "elevation_m": 342.1,
        "slope_deg": 2.7,
        "dist_to_fault_km": 41.71,
        "temp_c": 27.0,
        "rainfall_mm": 9.7,
        "timestamp": "2026-09-07T07:56:51.079660+00:00"
      }
    },
    {
      "type": "Feature",
      "geometry": {
        "type": "Point",
        "coordinates": [
          80.06,
          21.46
        ]
      },
      "properties": {
        "probability": 0.5792,
        "confidence": "medium",
        "iron_oxide_index": 0.3083,
        "ferrous_mineral_index": 0.2027,
        "swir_b11_reflectance": 0.1686,
        "swir_b12_reflectance": 0.2277,
        "ndvi": 0.4316,
        "elevation_m": 342.1,
        "slope_deg": 4.1,
        "dist_to_fault_km": 43.53,
        "temp_c": 27.0,
        "rainfall_mm": 9.7,
        "timestamp": "2026-09-07T07:56:51.079660+00:00"
      }
    },
    {
      "type": "Feature",
      "geometry": {
        "type": "Point",
        "coordinates": [
          80.12,
          21.46
        ]
      },
      "properties": {
        "probability": 0.4708,
        "confidence": "medium",
        "iron_oxide_index": 0.3068,
        "ferrous_mineral_index": 0.2162,
        "swir_b11_reflectance": 0.1499,
        "swir_b12_reflectance": 0.23,
        "ndvi": 0.3945,
        "elevation_m": 342.1,
        "slope_deg": 4.3,
        "dist_to_fault_km": 41.8,
        "temp_c": 27.0,
        "rainfall_mm": 9.7,
        "timestamp": "2026-09-07T07:56:51.079660+00:00"
      }
    },
    {
      "type": "Feature",
      "geometry": {
        "type": "Point",
        "coordinates": [
          80.18,
          21.46
        ]
      },
      "properties": {
        "probability": 0.0743,
        "confidence": "low",
        "iron_oxide_index": 0.2869,
        "ferrous_mineral_index": 0.2422,
        "swir_b11_reflectance": 0.1605,
        "swir_b12_reflectance": 0.1925,
        "ndvi": 0.4454,
        "elevation_m": 300.0,
        "slope_deg": 3.6,
        "dist_to_fault_km": 41.09,
        "temp_c": 27.5,
        "rainfall_mm": 6.5,
        "timestamp": "2026-09-07T07:56:51.079660+00:00"
      }
    },
    {
      "type": "Feature",
      "geometry": {
        "type": "Point",
        "coordinates": [
          80.24,
          21.46
        ]
      },
      "properties": {
        "probability": 0.0103,
        "confidence": "low",
        "iron_oxide_index": 0.3175,
        "ferrous_mineral_index": 0.1971,
        "swir_b11_reflectance": 0.1309,
        "swir_b12_reflectance": 0.2419,
        "ndvi": 0.4471,
        "elevation_m": 300.0,
        "slope_deg": 3.0,
        "dist_to_fault_km": 41.44,
        "temp_c": 27.5,
        "rainfall_mm": 6.5,
        "timestamp": "2026-09-07T07:56:51.079660+00:00"
      }
    },
    {
      "type": "Feature",
      "geometry": {
        "type": "Point",
        "coordinates": [
          80.3,
          21.46
        ]
      },
      "properties": {
        "probability": 0.3503,
        "confidence": "low",
        "iron_oxide_index": 0.337,
        "ferrous_mineral_index": 0.222,
        "swir_b11_reflectance": 0.1788,
        "swir_b12_reflectance": 0.2192,
        "ndvi": 0.4613,
        "elevation_m": 342.1,
        "slope_deg": 3.8,
        "dist_to_fault_km": 42.85,
        "temp_c": 27.0,
        "rainfall_mm": 9.7,
        "timestamp": "2026-09-07T07:56:51.079660+00:00"
      }
    },
    {
      "type": "Feature",
      "geometry": {
        "type": "Point",
        "coordinates": [
          80.36,
          21.46
        ]
      },
      "properties": {
        "probability": 0.0853,
        "confidence": "low",
        "iron_oxide_index": 0.3156,
        "ferrous_mineral_index": 0.2331,
        "swir_b11_reflectance": 0.1624,
        "swir_b12_reflectance": 0.1854,
        "ndvi": 0.4411,
        "elevation_m": 414.8,
        "slope_deg": 4.1,
        "dist_to_fault_km": 45.2,
        "temp_c": 26.3,
        "rainfall_mm": 9.4,
        "timestamp": "2026-09-07T07:56:51.079660+00:00"
      }
    },
    {
      "type": "Feature",
      "geometry": {
        "type": "Point",
        "coordinates": [
          80.42,
          21.46
        ]
      },
      "properties": {
        "probability": 0.0604,
        "confidence": "low",
        "iron_oxide_index": 0.3097,
        "ferrous_mineral_index": 0.215,
        "swir_b11_reflectance": 0.1518,
        "swir_b12_reflectance": 0.2324,
        "ndvi": 0.4562,
        "elevation_m": 414.8,
        "slope_deg": 4.6,
        "dist_to_fault_km": 47.82,
        "temp_c": 26.3,
        "rainfall_mm": 9.4,
        "timestamp": "2026-09-07T07:56:51.079660+00:00"
      }
    },
    {
      "type": "Feature",
      "geometry": {
        "type": "Point",
        "coordinates": [
          80.48,
          21.46
        ]
      },
      "properties": {
        "probability": 0.0039,
        "confidence": "low",
        "iron_oxide_index": 0.3057,
        "ferrous_mineral_index": 0.2345,
        "swir_b11_reflectance": 0.1661,
        "swir_b12_reflectance": 0.22,
        "ndvi": 0.4415,
        "elevation_m": 300.0,
        "slope_deg": 2.0,
        "dist_to_fault_km": 50.67,
        "temp_c": 27.5,
        "rainfall_mm": 6.5,
        "timestamp": "2026-09-07T07:56:51.079660+00:00"
      }
    },
    {
      "type": "Feature",
      "geometry": {
        "type": "Point",
        "coordinates": [
          80.54,
          21.46
        ]
      },
      "properties": {
        "probability": 0.0425,
        "confidence": "low",
        "iron_oxide_index": 0.3087,
        "ferrous_mineral_index": 0.2224,
        "swir_b11_reflectance": 0.1822,
        "swir_b12_reflectance": 0.2177,
        "ndvi": 0.4484,
        "elevation_m": 414.8,
        "slope_deg": 4.5,
        "dist_to_fault_km": 52.22,
        "temp_c": 26.3,
        "rainfall_mm": 9.4,
        "timestamp": "2026-09-07T07:56:51.079660+00:00"
      }
    },
    {
      "type": "Feature",
      "geometry": {
        "type": "Point",
        "coordinates": [
          80.6,
          21.46
        ]
      },
      "properties": {
        "probability": 0.0358,
        "confidence": "low",
        "iron_oxide_index": 0.2813,
        "ferrous_mineral_index": 0.2107,
        "swir_b11_reflectance": 0.1803,
        "swir_b12_reflectance": 0.2166,
        "ndvi": 0.4161,
        "elevation_m": 414.8,
        "slope_deg": 4.8,
        "dist_to_fault_km": 52.92,
        "temp_c": 26.3,
        "rainfall_mm": 9.4,
        "timestamp": "2026-09-07T07:56:51.079660+00:00"
      }
    },
    {
      "type": "Feature",
      "geometry": {
        "type": "Point",
        "coordinates": [
          80.66,
          21.46
        ]
      },
      "properties": {
        "probability": 0.0314,
        "confidence": "low",
        "iron_oxide_index": 0.2937,
        "ferrous_mineral_index": 0.2232,
        "swir_b11_reflectance": 0.1657,
        "swir_b12_reflectance": 0.2335,
        "ndvi": 0.4646,
        "elevation_m": 414.8,
        "slope_deg": 4.7,
        "dist_to_fault_km": 54.44,
        "temp_c": 26.3,
        "rainfall_mm": 9.4,
        "timestamp": "2026-09-07T07:56:51.079660+00:00"
      }
    },
    {
      "type": "Feature",
      "geometry": {
        "type": "Point",
        "coordinates": [
          80.72,
          21.46
        ]
      },
      "properties": {
        "probability": 0.1521,
        "confidence": "low",
        "iron_oxide_index": 0.2844,
        "ferrous_mineral_index": 0.199,
        "swir_b11_reflectance": 0.1501,
        "swir_b12_reflectance": 0.2164,
        "ndvi": 0.4399,
        "elevation_m": 414.8,
        "slope_deg": 3.9,
        "dist_to_fault_km": 56.7,
        "temp_c": 26.3,
        "rainfall_mm": 9.4,
        "timestamp": "2026-09-07T07:56:51.079660+00:00"
      }
    },
    {
      "type": "Feature",
      "geometry": {
        "type": "Point",
        "coordinates": [
          80.78,
          21.46
        ]
      },
      "properties": {
        "probability": 0.1598,
        "confidence": "low",
        "iron_oxide_index": 0.2933,
        "ferrous_mineral_index": 0.2031,
        "swir_b11_reflectance": 0.1751,
        "swir_b12_reflectance": 0.2011,
        "ndvi": 0.4392,
        "elevation_m": 414.8,
        "slope_deg": 3.9,
        "dist_to_fault_km": 59.62,
        "temp_c": 26.3,
        "rainfall_mm": 9.4,
        "timestamp": "2026-09-07T07:56:51.079660+00:00"
      }
    },
    {
      "type": "Feature",
      "geometry": {
        "type": "Point",
        "coordinates": [
          78.5,
          21.52
        ]
      },
      "properties": {
        "probability": 0.6088,
        "confidence": "medium",
        "iron_oxide_index": 0.328,
        "ferrous_mineral_index": 0.2053,
        "swir_b11_reflectance": 0.1681,
        "swir_b12_reflectance": 0.2152,
        "ndvi": 0.4472,
        "elevation_m": 454.8,
        "slope_deg": 4.7,
        "dist_to_fault_km": 62.5,
        "temp_c": 26.8,
        "rainfall_mm": 7.9,
        "timestamp": "2026-09-07T07:56:51.079660+00:00"
      }
    },
    {
      "type": "Feature",
      "geometry": {
        "type": "Point",
        "coordinates": [
          78.56,
          21.52
        ]
      },
      "properties": {
        "probability": 0.6461,
        "confidence": "medium",
        "iron_oxide_index": 0.3231,
        "ferrous_mineral_index": 0.1968,
        "swir_b11_reflectance": 0.1682,
        "swir_b12_reflectance": 0.1835,
        "ndvi": 0.4686,
        "elevation_m": 454.8,
        "slope_deg": 5.7,
        "dist_to_fault_km": 56.27,
        "temp_c": 26.8,
        "rainfall_mm": 7.9,
        "timestamp": "2026-09-07T07:56:51.079660+00:00"
      }
    },
    {
      "type": "Feature",
      "geometry": {
        "type": "Point",
        "coordinates": [
          78.62,
          21.52
        ]
      },
      "properties": {
        "probability": 0.0006,
        "confidence": "low",
        "iron_oxide_index": 0.3119,
        "ferrous_mineral_index": 0.2086,
        "swir_b11_reflectance": 0.1583,
        "swir_b12_reflectance": 0.237,
        "ndvi": 0.4627,
        "elevation_m": 300.0,
        "slope_deg": 2.5,
        "dist_to_fault_km": 50.16,
        "temp_c": 27.5,
        "rainfall_mm": 6.5,
        "timestamp": "2026-09-07T07:56:51.079660+00:00"
      }
    },
    {
      "type": "Feature",
      "geometry": {
        "type": "Point",
        "coordinates": [
          78.68,
          21.52
        ]
      },
      "properties": {
        "probability": 0.861,
        "confidence": "high",
        "iron_oxide_index": 0.3032,
        "ferrous_mineral_index": 0.1768,
        "swir_b11_reflectance": 0.1532,
        "swir_b12_reflectance": 0.2094,
        "ndvi": 0.4205,
        "elevation_m": 454.8,
        "slope_deg": 6.1,
        "dist_to_fault_km": 44.2,
        "temp_c": 26.8,
        "rainfall_mm": 7.9,
        "timestamp": "2026-09-07T07:56:51.079660+00:00"
      }
    },
    {
      "type": "Feature",
      "geometry": {
        "type": "Point",
        "coordinates": [
          78.74,
          21.52
        ]
      },
      "properties": {
        "probability": 0.3183,
        "confidence": "low",
        "iron_oxide_index": 0.3185,
        "ferrous_mineral_index": 0.2325,
        "swir_b11_reflectance": 0.1729,
        "swir_b12_reflectance": 0.221,
        "ndvi": 0.4553,
        "elevation_m": 454.8,
        "slope_deg": 5.2,
        "dist_to_fault_km": 38.48,
        "temp_c": 26.8,
        "rainfall_mm": 7.9,
        "timestamp": "2026-09-07T07:56:51.079660+00:00"
      }
    },
    {
      "type": "Feature",
      "geometry": {
        "type": "Point",
        "coordinates": [
          78.8,
          21.52
        ]
      },
      "properties": {
        "probability": 0.0033,
        "confidence": "low",
        "iron_oxide_index": 0.2995,
        "ferrous_mineral_index": 0.2304,
        "swir_b11_reflectance": 0.1463,
        "swir_b12_reflectance": 0.2291,
        "ndvi": 0.419,
        "elevation_m": 300.0,
        "slope_deg": 2.5,
        "dist_to_fault_km": 33.11,
        "temp_c": 27.5,
        "rainfall_mm": 6.5,
        "timestamp": "2026-09-07T07:56:51.079660+00:00"
      }
    },
    {
      "type": "Feature",
      "geometry": {
        "type": "Point",
        "coordinates": [
          78.86,
          21.52
        ]
      },
      "properties": {
        "probability": 0.0661,
        "confidence": "low",
        "iron_oxide_index": 0.2888,
        "ferrous_mineral_index": 0.2339,
        "swir_b11_reflectance": 0.1624,
        "swir_b12_reflectance": 0.2267,
        "ndvi": 0.5101,
        "elevation_m": 300.0,
        "slope_deg": 3.5,
        "dist_to_fault_km": 28.3,
        "temp_c": 27.5,
        "rainfall_mm": 6.5,
        "timestamp": "2026-09-07T07:56:51.079660+00:00"
      }
    },
    {
      "type": "Feature",
      "geometry": {
        "type": "Point",
        "coordinates": [
          78.92,
          21.52
        ]
      },
      "properties": {
        "probability": 0.6586,
        "confidence": "medium",
        "iron_oxide_index": 0.3235,
        "ferrous_mineral_index": 0.206,
        "swir_b11_reflectance": 0.1765,
        "swir_b12_reflectance": 0.2172,
        "ndvi": 0.4266,
        "elevation_m": 454.8,
        "slope_deg": 5.5,
        "dist_to_fault_km": 24.37,
        "temp_c": 26.8,
        "rainfall_mm": 7.9,
        "timestamp": "2026-09-07T07:56:51.079660+00:00"
      }
    },
    {
      "type": "Feature",
      "geometry": {
        "type": "Point",
        "coordinates": [
          78.98,
          21.52
        ]
      },
      "properties": {
        "probability": 0.0555,
        "confidence": "low",
        "iron_oxide_index": 0.3259,
        "ferrous_mineral_index": 0.2281,
        "swir_b11_reflectance": 0.1522,
        "swir_b12_reflectance": 0.2274,
        "ndvi": 0.39,
        "elevation_m": 300.0,
        "slope_deg": 2.9,
        "dist_to_fault_km": 21.81,
        "temp_c": 27.5,
        "rainfall_mm": 6.5,
        "timestamp": "2026-09-07T07:56:51.079660+00:00"
      }
    },
    {
      "type": "Feature",
      "geometry": {
        "type": "Point",
        "coordinates": [
          79.04,
          21.52
        ]
      },
      "properties": {
        "probability": 0.1012,
        "confidence": "low",
        "iron_oxide_index": 0.3154,
        "ferrous_mineral_index": 0.2646,
        "swir_b11_reflectance": 0.1874,
        "swir_b12_reflectance": 0.224,
        "ndvi": 0.4177,
        "elevation_m": 454.8,
        "slope_deg": 5.6,
        "dist_to_fault_km": 21.12,
        "temp_c": 26.8,
        "rainfall_mm": 7.9,
        "timestamp": "2026-09-07T07:56:51.079660+00:00"
      }
    },
    {
      "type": "Feature",
      "geometry": {
        "type": "Point",
        "coordinates": [
          79.1,
          21.52
        ]
      },
      "properties": {
        "probability": 0.0841,
        "confidence": "low",
        "iron_oxide_index": 0.3013,
        "ferrous_mineral_index": 0.2281,
        "swir_b11_reflectance": 0.1822,
        "swir_b12_reflectance": 0.2204,
        "ndvi": 0.4299,
        "elevation_m": 371.2,
        "slope_deg": 4.8,
        "dist_to_fault_km": 18.87,
        "temp_c": 27.0,
        "rainfall_mm": 8.8,
        "timestamp": "2026-09-07T07:56:51.079660+00:00"
      }
    },
    {
      "type": "Feature",
      "geometry": {
        "type": "Point",
        "coordinates": [
          79.16,
          21.52
        ]
      },
      "properties": {
        "probability": 0.042,
        "confidence": "low",
        "iron_oxide_index": 0.3594,
        "ferrous_mineral_index": 0.2693,
        "swir_b11_reflectance": 0.2175,
        "swir_b12_reflectance": 0.2457,
        "ndvi": 0.4411,
        "elevation_m": 371.2,
        "slope_deg": 4.0,
        "dist_to_fault_km": 13.37,
        "temp_c": 27.0,
        "rainfall_mm": 8.8,
        "timestamp": "2026-09-07T07:56:51.079660+00:00"
      }
    },
    {
      "type": "Feature",
      "geometry": {
        "type": "Point",
        "coordinates": [
          79.22,
          21.52
        ]
      },
      "properties": {
        "probability": 0.0155,
        "confidence": "low",
        "iron_oxide_index": 0.4415,
        "ferrous_mineral_index": 0.3419,
        "swir_b11_reflectance": 0.2606,
        "swir_b12_reflectance": 0.3522,
        "ndvi": 0.4382,
        "elevation_m": 371.2,
        "slope_deg": 7.0,
        "dist_to_fault_km": 9.48,
        "temp_c": 27.0,
        "rainfall_mm": 8.8,
        "timestamp": "2026-09-07T07:56:51.079660+00:00"
      }
    },
    {
      "type": "Feature",
      "geometry": {
        "type": "Point",
        "coordinates": [
          79.28,
          21.52
        ]
      },
      "properties": {
        "probability": 0.0281,
        "confidence": "low",
        "iron_oxide_index": 0.4715,
        "ferrous_mineral_index": 0.3566,
        "swir_b11_reflectance": 0.2768,
        "swir_b12_reflectance": 0.3344,
        "ndvi": 0.3988,
        "elevation_m": 371.2,
        "slope_deg": 7.1,
        "dist_to_fault_km": 9.48,
        "temp_c": 27.0,
        "rainfall_mm": 8.8,
        "timestamp": "2026-09-07T07:56:51.079660+00:00"
      }
    },
    {
      "type": "Feature",
      "geometry": {
        "type": "Point",
        "coordinates": [
          79.34,
          21.52
        ]
      },
      "properties": {
        "probability": 0.005,
        "confidence": "low",
        "iron_oxide_index": 0.3435,
        "ferrous_mineral_index": 0.243,
        "swir_b11_reflectance": 0.2159,
        "swir_b12_reflectance": 0.2584,
        "ndvi": 0.4457,
        "elevation_m": 300.0,
        "slope_deg": 3.6,
        "dist_to_fault_km": 13.37,
        "temp_c": 27.5,
        "rainfall_mm": 6.5,
        "timestamp": "2026-09-07T07:56:51.079660+00:00"
      }
    },
    {
      "type": "Feature",
      "geometry": {
        "type": "Point",
        "coordinates": [
          79.4,
          21.52
        ]
      },
      "properties": {
        "probability": 0.2662,
        "confidence": "low",
        "iron_oxide_index": 0.3151,
        "ferrous_mineral_index": 0.2099,
        "swir_b11_reflectance": 0.1631,
        "swir_b12_reflectance": 0.2102,
        "ndvi": 0.3984,
        "elevation_m": 371.2,
        "slope_deg": 3.0,
        "dist_to_fault_km": 17.9,
        "temp_c": 27.0,
        "rainfall_mm": 8.8,
        "timestamp": "2026-09-07T07:56:51.079660+00:00"
      }
    },
    {
      "type": "Feature",
      "geometry": {
        "type": "Point",
        "coordinates": [
          79.46,
          21.52
        ]
      },
      "properties": {
        "probability": 0.2886,
        "confidence": "low",
        "iron_oxide_index": 0.2905,
        "ferrous_mineral_index": 0.2532,
        "swir_b11_reflectance": 0.1998,
        "swir_b12_reflectance": 0.211,
        "ndvi": 0.4669,
        "elevation_m": 371.2,
        "slope_deg": 3.9,
        "dist_to_fault_km": 21.98,
        "temp_c": 27.0,
        "rainfall_mm": 8.8,
        "timestamp": "2026-09-07T07:56:51.079660+00:00"
      }
    },
    {
      "type": "Feature",
      "geometry": {
        "type": "Point",
        "coordinates": [
          79.52,
          21.52
        ]
      },
      "properties": {
        "probability": 0.0208,
        "confidence": "low",
        "iron_oxide_index": 0.2862,
        "ferrous_mineral_index": 0.2493,
        "swir_b11_reflectance": 0.1644,
        "swir_b12_reflectance": 0.2343,
        "ndvi": 0.412,
        "elevation_m": 300.0,
        "slope_deg": 3.2,
        "dist_to_fault_km": 27.1,
        "temp_c": 27.5,
        "rainfall_mm": 6.5,
        "timestamp": "2026-09-07T07:56:51.079660+00:00"
      }
    },
    {
      "type": "Feature",
      "geometry": {
        "type": "Point",
        "coordinates": [
          79.58,
          21.52
        ]
      },
      "properties": {
        "probability": 0.3707,
        "confidence": "low",
        "iron_oxide_index": 0.2777,
        "ferrous_mineral_index": 0.208,
        "swir_b11_reflectance": 0.1776,
        "swir_b12_reflectance": 0.1989,
        "ndvi": 0.4352,
        "elevation_m": 371.2,
        "slope_deg": 3.6,
        "dist_to_fault_km": 25.98,
        "temp_c": 27.0,
        "rainfall_mm": 8.8,
        "timestamp": "2026-09-07T07:56:51.079660+00:00"
      }
    },
    {
      "type": "Feature",
      "geometry": {
        "type": "Point",
        "coordinates": [
          79.64,
          21.52
        ]
      },
      "properties": {
        "probability": 0.2475,
        "confidence": "low",
        "iron_oxide_index": 0.3055,
        "ferrous_mineral_index": 0.2455,
        "swir_b11_reflectance": 0.13,
        "swir_b12_reflectance": 0.2228,
        "ndvi": 0.4774,
        "elevation_m": 371.2,
        "slope_deg": 3.8,
        "dist_to_fault_km": 24.52,
        "temp_c": 27.0,
        "rainfall_mm": 8.8,
        "timestamp": "2026-09-07T07:56:51.079660+00:00"
      }
    },
    {
      "type": "Feature",
      "geometry": {
        "type": "Point",
        "coordinates": [
          79.7,
          21.52
        ]
      },
      "properties": {
        "probability": 0.0464,
        "confidence": "low",
        "iron_oxide_index": 0.3076,
        "ferrous_mineral_index": 0.2322,
        "swir_b11_reflectance": 0.1897,
        "swir_b12_reflectance": 0.1998,
        "ndvi": 0.438,
        "elevation_m": 300.0,
        "slope_deg": 2.5,
        "dist_to_fault_km": 24.82,
        "temp_c": 27.5,
        "rainfall_mm": 6.5,
        "timestamp": "2026-09-07T07:56:51.079660+00:00"
      }
    },
    {
      "type": "Feature",
      "geometry": {
        "type": "Point",
        "coordinates": [
          79.76,
          21.52
        ]
      },
      "properties": {
        "probability": 0.4157,
        "confidence": "low",
        "iron_oxide_index": 0.3151,
        "ferrous_mineral_index": 0.2071,
        "swir_b11_reflectance": 0.1757,
        "swir_b12_reflectance": 0.2055,
        "ndvi": 0.4071,
        "elevation_m": 342.1,
        "slope_deg": 3.0,
        "dist_to_fault_km": 26.82,
        "temp_c": 27.0,
        "rainfall_mm": 9.7,
        "timestamp": "2026-09-07T07:56:51.079660+00:00"
      }
    },
    {
      "type": "Feature",
      "geometry": {
        "type": "Point",
        "coordinates": [
          79.82,
          21.52
        ]
      },
      "properties": {
        "probability": 0.57,
        "confidence": "medium",
        "iron_oxide_index": 0.2935,
        "ferrous_mineral_index": 0.2174,
        "swir_b11_reflectance": 0.1812,
        "swir_b12_reflectance": 0.2026,
        "ndvi": 0.4827,
        "elevation_m": 342.1,
        "slope_deg": 3.1,
        "dist_to_fault_km": 30.2,
        "temp_c": 27.0,
        "rainfall_mm": 9.7,
        "timestamp": "2026-09-07T07:56:51.079660+00:00"
      }
    },
    {
      "type": "Feature",
      "geometry": {
        "type": "Point",
        "coordinates": [
          79.88,
          21.52
        ]
      },
      "properties": {
        "probability": 0.3097,
        "confidence": "low",
        "iron_oxide_index": 0.3134,
        "ferrous_mineral_index": 0.2286,
        "swir_b11_reflectance": 0.1562,
        "swir_b12_reflectance": 0.2348,
        "ndvi": 0.4184,
        "elevation_m": 342.1,
        "slope_deg": 4.1,
        "dist_to_fault_km": 34.53,
        "temp_c": 27.0,
        "rainfall_mm": 9.7,
        "timestamp": "2026-09-07T07:56:51.079660+00:00"
      }
    },
    {
      "type": "Feature",
      "geometry": {
        "type": "Point",
        "coordinates": [
          79.94,
          21.52
        ]
      },
      "properties": {
        "probability": 0.2515,
        "confidence": "low",
        "iron_oxide_index": 0.3392,
        "ferrous_mineral_index": 0.2446,
        "swir_b11_reflectance": 0.1735,
        "swir_b12_reflectance": 0.2388,
        "ndvi": 0.4207,
        "elevation_m": 342.1,
        "slope_deg": 3.4,
        "dist_to_fault_km": 39.53,
        "temp_c": 27.0,
        "rainfall_mm": 9.7,
        "timestamp": "2026-09-07T07:56:51.079660+00:00"
      }
    },
    {
      "type": "Feature",
      "geometry": {
        "type": "Point",
        "coordinates": [
          80.0,
          21.52
        ]
      },
      "properties": {
        "probability": 0.4273,
        "confidence": "low",
        "iron_oxide_index": 0.2841,
        "ferrous_mineral_index": 0.2477,
        "swir_b11_reflectance": 0.1796,
        "swir_b12_reflectance": 0.219,
        "ndvi": 0.4464,
        "elevation_m": 342.1,
        "slope_deg": 3.8,
        "dist_to_fault_km": 40.36,
        "temp_c": 27.0,
        "rainfall_mm": 9.7,
        "timestamp": "2026-09-07T07:56:51.079660+00:00"
      }
    },
    {
      "type": "Feature",
      "geometry": {
        "type": "Point",
        "coordinates": [
          80.06,
          21.52
        ]
      },
      "properties": {
        "probability": 0.0065,
        "confidence": "low",
        "iron_oxide_index": 0.3385,
        "ferrous_mineral_index": 0.2311,
        "swir_b11_reflectance": 0.1452,
        "swir_b12_reflectance": 0.2182,
        "ndvi": 0.4343,
        "elevation_m": 300.0,
        "slope_deg": 3.0,
        "dist_to_fault_km": 37.31,
        "temp_c": 27.5,
        "rainfall_mm": 6.5,
        "timestamp": "2026-09-07T07:56:51.079660+00:00"
      }
    },
    {
      "type": "Feature",
      "geometry": {
        "type": "Point",
        "coordinates": [
          80.12,
          21.52
        ]
      },
      "properties": {
        "probability": 0.2059,
        "confidence": "low",
        "iron_oxide_index": 0.3089,
        "ferrous_mineral_index": 0.2307,
        "swir_b11_reflectance": 0.1736,
        "swir_b12_reflectance": 0.2295,
        "ndvi": 0.3997,
        "elevation_m": 342.1,
        "slope_deg": 2.9,
        "dist_to_fault_km": 35.28,
        "temp_c": 27.0,
        "rainfall_mm": 9.7,
        "timestamp": "2026-09-07T07:56:51.079660+00:00"
      }
    },
    {
      "type": "Feature",
      "geometry": {
        "type": "Point",
        "coordinates": [
          80.18,
          21.52
        ]
      },
      "properties": {
        "probability": 0.0125,
        "confidence": "low",
        "iron_oxide_index": 0.2878,
        "ferrous_mineral_index": 0.2001,
        "swir_b11_reflectance": 0.185,
        "swir_b12_reflectance": 0.2121,
        "ndvi": 0.4289,
        "elevation_m": 300.0,
        "slope_deg": 2.8,
        "dist_to_fault_km": 34.43,
        "temp_c": 27.5,
        "rainfall_mm": 6.5,
        "timestamp": "2026-09-07T07:56:51.079660+00:00"
      }
    },
    {
      "type": "Feature",
      "geometry": {
        "type": "Point",
        "coordinates": [
          80.24,
          21.52
        ]
      },
      "properties": {
        "probability": 0.0412,
        "confidence": "low",
        "iron_oxide_index": 0.303,
        "ferrous_mineral_index": 0.1949,
        "swir_b11_reflectance": 0.1725,
        "swir_b12_reflectance": 0.1993,
        "ndvi": 0.398,
        "elevation_m": 300.0,
        "slope_deg": 2.8,
        "dist_to_fault_km": 34.85,
        "temp_c": 27.5,
        "rainfall_mm": 6.5,
        "timestamp": "2026-09-07T07:56:51.079660+00:00"
      }
    },
    {
      "type": "Feature",
      "geometry": {
        "type": "Point",
        "coordinates": [
          80.3,
          21.52
        ]
      },
      "properties": {
        "probability": 0.2316,
        "confidence": "low",
        "iron_oxide_index": 0.2641,
        "ferrous_mineral_index": 0.2343,
        "swir_b11_reflectance": 0.1801,
        "swir_b12_reflectance": 0.2239,
        "ndvi": 0.4359,
        "elevation_m": 342.1,
        "slope_deg": 3.9,
        "dist_to_fault_km": 36.51,
        "temp_c": 27.0,
        "rainfall_mm": 9.7,
        "timestamp": "2026-09-07T07:56:51.079660+00:00"
      }
    },
    {
      "type": "Feature",
      "geometry": {
        "type": "Point",
        "coordinates": [
          80.36,
          21.52
        ]
      },
      "properties": {
        "probability": 0.0948,
        "confidence": "low",
        "iron_oxide_index": 0.3134,
        "ferrous_mineral_index": 0.2046,
        "swir_b11_reflectance": 0.1537,
        "swir_b12_reflectance": 0.2266,
        "ndvi": 0.4516,
        "elevation_m": 414.8,
        "slope_deg": 5.0,
        "dist_to_fault_km": 39.24,
        "temp_c": 26.3,
        "rainfall_mm": 9.4,
        "timestamp": "2026-09-07T07:56:51.079660+00:00"
      }
    },
    {
      "type": "Feature",
      "geometry": {
        "type": "Point",
        "coordinates": [
          80.42,
          21.52
        ]
      },
      "properties": {
        "probability": 0.0778,
        "confidence": "low",
        "iron_oxide_index": 0.2543,
        "ferrous_mineral_index": 0.2484,
        "swir_b11_reflectance": 0.1621,
        "swir_b12_reflectance": 0.2102,
        "ndvi": 0.4492,
        "elevation_m": 414.8,
        "slope_deg": 4.7,
        "dist_to_fault_km": 41.71,
        "temp_c": 26.3,
        "rainfall_mm": 9.4,
        "timestamp": "2026-09-07T07:56:51.079660+00:00"
      }
    },
    {
      "type": "Feature",
      "geometry": {
        "type": "Point",
        "coordinates": [
          80.48,
          21.52
        ]
      },
      "properties": {
        "probability": 0.1144,
        "confidence": "low",
        "iron_oxide_index": 0.2961,
        "ferrous_mineral_index": 0.2037,
        "swir_b11_reflectance": 0.1507,
        "swir_b12_reflectance": 0.2211,
        "ndvi": 0.4299,
        "elevation_m": 414.8,
        "slope_deg": 3.3,
        "dist_to_fault_km": 44.95,
        "temp_c": 26.3,
        "rainfall_mm": 9.4,
        "timestamp": "2026-09-07T07:56:51.079660+00:00"
      }
    },
    {
      "type": "Feature",
      "geometry": {
        "type": "Point",
        "coordinates": [
          80.54,
          21.52
        ]
      },
      "properties": {
        "probability": 0.0006,
        "confidence": "low",
        "iron_oxide_index": 0.291,
        "ferrous_mineral_index": 0.2384,
        "swir_b11_reflectance": 0.1654,
        "swir_b12_reflectance": 0.2194,
        "ndvi": 0.409,
        "elevation_m": 300.0,
        "slope_deg": 2.1,
        "dist_to_fault_km": 45.56,
        "temp_c": 27.5,
        "rainfall_mm": 6.5,
        "timestamp": "2026-09-07T07:56:51.079660+00:00"
      }
    },
    {
      "type": "Feature",
      "geometry": {
        "type": "Point",
        "coordinates": [
          80.6,
          21.52
        ]
      },
      "properties": {
        "probability": 0.0264,
        "confidence": "low",
        "iron_oxide_index": 0.3111,
        "ferrous_mineral_index": 0.2493,
        "swir_b11_reflectance": 0.1728,
        "swir_b12_reflectance": 0.2546,
        "ndvi": 0.45,
        "elevation_m": 414.8,
        "slope_deg": 4.1,
        "dist_to_fault_km": 46.37,
        "temp_c": 26.3,
        "rainfall_mm": 9.4,
        "timestamp": "2026-09-07T07:56:51.079660+00:00"
      }
    },
    {
      "type": "Feature",
      "geometry": {
        "type": "Point",
        "coordinates": [
          80.66,
          21.52
        ]
      },
      "properties": {
        "probability": 0.1232,
        "confidence": "low",
        "iron_oxide_index": 0.28,
        "ferrous_mineral_index": 0.2178,
        "swir_b11_reflectance": 0.17,
        "swir_b12_reflectance": 0.1905,
        "ndvi": 0.4545,
        "elevation_m": 414.8,
        "slope_deg": 4.4,
        "dist_to_fault_km": 48.09,
        "temp_c": 26.3,
        "rainfall_mm": 9.4,
        "timestamp": "2026-09-07T07:56:51.079660+00:00"
      }
    },
    {
      "type": "Feature",
      "geometry": {
        "type": "Point",
        "coordinates": [
          80.72,
          21.52
        ]
      },
      "properties": {
        "probability": 0.0515,
        "confidence": "low",
        "iron_oxide_index": 0.3152,
        "ferrous_mineral_index": 0.2455,
        "swir_b11_reflectance": 0.1863,
        "swir_b12_reflectance": 0.2121,
        "ndvi": 0.4596,
        "elevation_m": 414.8,
        "slope_deg": 4.4,
        "dist_to_fault_km": 50.64,
        "temp_c": 26.3,
        "rainfall_mm": 9.4,
        "timestamp": "2026-09-07T07:56:51.079660+00:00"
      }
    },
    {
      "type": "Feature",
      "geometry": {
        "type": "Point",
        "coordinates": [
          80.78,
          21.52
        ]
      },
      "properties": {
        "probability": 0.0374,
        "confidence": "low",
        "iron_oxide_index": 0.2906,
        "ferrous_mineral_index": 0.2239,
        "swir_b11_reflectance": 0.1628,
        "swir_b12_reflectance": 0.2171,
        "ndvi": 0.4635,
        "elevation_m": 414.8,
        "slope_deg": 4.7,
        "dist_to_fault_km": 53.89,
        "temp_c": 26.3,
        "rainfall_mm": 9.4,
        "timestamp": "2026-09-07T07:56:51.079660+00:00"
      }
    },
    {
      "type": "Feature",
      "geometry": {
        "type": "Point",
        "coordinates": [
          78.5,
          21.58
        ]
      },
      "properties": {
        "probability": 0.2533,
        "confidence": "low",
        "iron_oxide_index": 0.3209,
        "ferrous_mineral_index": 0.2413,
        "swir_b11_reflectance": 0.1503,
        "swir_b12_reflectance": 0.221,
        "ndvi": 0.4684,
        "elevation_m": 454.8,
        "slope_deg": 5.4,
        "dist_to_fault_km": 65.05,
        "temp_c": 26.8,
        "rainfall_mm": 7.9,
        "timestamp": "2026-09-07T07:56:51.079660+00:00"
      }
    },
    {
      "type": "Feature",
      "geometry": {
        "type": "Point",
        "coordinates": [
          78.56,
          21.58
        ]
      },
      "properties": {
        "probability": 0.0658,
        "confidence": "low",
        "iron_oxide_index": 0.3129,
        "ferrous_mineral_index": 0.2083,
        "swir_b11_reflectance": 0.1667,
        "swir_b12_reflectance": 0.213,
        "ndvi": 0.3785,
        "elevation_m": 300.0,
        "slope_deg": 3.2,
        "dist_to_fault_km": 59.09,
        "temp_c": 27.5,
        "rainfall_mm": 6.5,
        "timestamp": "2026-09-07T07:56:51.079660+00:00"
      }
    },
    {
      "type": "Feature",
      "geometry": {
        "type": "Point",
        "coordinates": [
          78.62,
          21.58
        ]
      },
      "properties": {
        "probability": 0.3038,
        "confidence": "low",
        "iron_oxide_index": 0.3096,
        "ferrous_mineral_index": 0.2264,
        "swir_b11_reflectance": 0.1557,
        "swir_b12_reflectance": 0.2194,
        "ndvi": 0.4261,
        "elevation_m": 454.8,
        "slope_deg": 4.5,
        "dist_to_fault_km": 53.3,
        "temp_c": 26.8,
        "rainfall_mm": 7.9,
        "timestamp": "2026-09-07T07:56:51.079660+00:00"
      }
    },
    {
      "type": "Feature",
      "geometry": {
        "type": "Point",
        "coordinates": [
          78.68,
          21.58
        ]
      },
      "properties": {
        "probability": 0.5212,
        "confidence": "medium",
        "iron_oxide_index": 0.2735,
        "ferrous_mineral_index": 0.2377,
        "swir_b11_reflectance": 0.1947,
        "swir_b12_reflectance": 0.2046,
        "ndvi": 0.4426,
        "elevation_m": 454.8,
        "slope_deg": 5.5,
        "dist_to_fault_km": 47.74,
        "temp_c": 26.8,
        "rainfall_mm": 7.9,
        "timestamp": "2026-09-07T07:56:51.079660+00:00"
      }
    },
    {
      "type": "Feature",
      "geometry": {
        "type": "Point",
        "coordinates": [
          78.74,
          21.58
        ]
      },
      "properties": {
        "probability": 0.2815,
        "confidence": "low",
        "iron_oxide_index": 0.3009,
        "ferrous_mineral_index": 0.2505,
        "swir_b11_reflectance": 0.1625,
        "swir_b12_reflectance": 0.215,
        "ndvi": 0.4032,
        "elevation_m": 454.8,
        "slope_deg": 4.7,
        "dist_to_fault_km": 42.5,
        "temp_c": 26.8,
        "rainfall_mm": 7.9,
        "timestamp": "2026-09-07T07:56:51.079660+00:00"
      }
    },
    {
      "type": "Feature",
      "geometry": {
        "type": "Point",
        "coordinates": [
          78.8,
          21.58
        ]
      },
      "properties": {
        "probability": 0.5557,
        "confidence": "medium",
        "iron_oxide_index": 0.3358,
        "ferrous_mineral_index": 0.1701,
        "swir_b11_reflectance": 0.1863,
        "swir_b12_reflectance": 0.2123,
        "ndvi": 0.4997,
        "elevation_m": 454.8,
        "slope_deg": 6.1,
        "dist_to_fault_km": 37.71,
        "temp_c": 26.8,
        "rainfall_mm": 7.9,
        "timestamp": "2026-09-07T07:56:51.079660+00:00"
      }
    },
    {
      "type": "Feature",
      "geometry": {
        "type": "Point",
        "coordinates": [
          78.86,
          21.58
        ]
      },
      "properties": {
        "probability": 0.0075,
        "confidence": "low",
        "iron_oxide_index": 0.3037,
        "ferrous_mineral_index": 0.1983,
        "swir_b11_reflectance": 0.1599,
        "swir_b12_reflectance": 0.2132,
        "ndvi": 0.4584,
        "elevation_m": 300.0,
        "slope_deg": 2.6,
        "dist_to_fault_km": 33.56,
        "temp_c": 27.5,
        "rainfall_mm": 6.5,
        "timestamp": "2026-09-07T07:56:51.079660+00:00"
      }
    },
    {
      "type": "Feature",
      "geometry": {
        "type": "Point",
        "coordinates": [
          78.92,
          21.58
        ]
      },
      "properties": {
        "probability": 0.0056,
        "confidence": "low",
        "iron_oxide_index": 0.2805,
        "ferrous_mineral_index": 0.2405,
        "swir_b11_reflectance": 0.1966,
        "swir_b12_reflectance": 0.2163,
        "ndvi": 0.4542,
        "elevation_m": 300.0,
        "slope_deg": 2.3,
        "dist_to_fault_km": 30.32,
        "temp_c": 27.5,
        "rainfall_mm": 6.5,
        "timestamp": "2026-09-07T07:56:51.079660+00:00"
      }
    },
    {
      "type": "Feature",
      "geometry": {
        "type": "Point",
        "coordinates": [
          78.98,
          21.58
        ]
      },
      "properties": {
        "probability": 0.4751,
        "confidence": "medium",
        "iron_oxide_index": 0.3066,
        "ferrous_mineral_index": 0.2212,
        "swir_b11_reflectance": 0.1642,
        "swir_b12_reflectance": 0.2049,
        "ndvi": 0.4419,
        "elevation_m": 454.8,
        "slope_deg": 5.8,
        "dist_to_fault_km": 28.3,
        "temp_c": 26.8,
        "rainfall_mm": 7.9,
        "timestamp": "2026-09-07T07:56:51.079660+00:00"
      }
    },
    {
      "type": "Feature",
      "geometry": {
        "type": "Point",
        "coordinates": [
          79.04,
          21.58
        ]
      },
      "properties": {
        "probability": 0.5344,
        "confidence": "medium",
        "iron_oxide_index": 0.3157,
        "ferrous_mineral_index": 0.2132,
        "swir_b11_reflectance": 0.1652,
        "swir_b12_reflectance": 0.2187,
        "ndvi": 0.4172,
        "elevation_m": 454.8,
        "slope_deg": 4.5,
        "dist_to_fault_km": 27.77,
        "temp_c": 26.8,
        "rainfall_mm": 7.9,
        "timestamp": "2026-09-07T07:56:51.079660+00:00"
      }
    },
    {
      "type": "Feature",
      "geometry": {
        "type": "Point",
        "coordinates": [
          79.1,
          21.58
        ]
      },
      "properties": {
        "probability": 0.0099,
        "confidence": "low",
        "iron_oxide_index": 0.3673,
        "ferrous_mineral_index": 0.2164,
        "swir_b11_reflectance": 0.1772,
        "swir_b12_reflectance": 0.2292,
        "ndvi": 0.4255,
        "elevation_m": 300.0,
        "slope_deg": 3.5,
        "dist_to_fault_km": 22.77,
        "temp_c": 27.5,
        "rainfall_mm": 6.5,
        "timestamp": "2026-09-07T07:56:51.079660+00:00"
      }
    },
    {
      "type": "Feature",
      "geometry": {
        "type": "Point",
        "coordinates": [
          79.16,
          21.58
        ]
      },
      "properties": {
        "probability": 0.3066,
        "confidence": "low",
        "iron_oxide_index": 0.2951,
        "ferrous_mineral_index": 0.2069,
        "swir_b11_reflectance": 0.1571,
        "swir_b12_reflectance": 0.2166,
        "ndvi": 0.4157,
        "elevation_m": 371.2,
        "slope_deg": 4.7,
        "dist_to_fault_km": 18.47,
        "temp_c": 27.0,
        "rainfall_mm": 8.8,
        "timestamp": "2026-09-07T07:56:51.079660+00:00"
      }
    },
    {
      "type": "Feature",
      "geometry": {
        "type": "Point",
        "coordinates": [
          79.22,
          21.58
        ]
      },
      "properties": {
        "probability": 0.2649,
        "confidence": "low",
        "iron_oxide_index": 0.2906,
        "ferrous_mineral_index": 0.2105,
        "swir_b11_reflectance": 0.1765,
        "swir_b12_reflectance": 0.1969,
        "ndvi": 0.426,
        "elevation_m": 371.2,
        "slope_deg": 4.3,
        "dist_to_fault_km": 15.89,
        "temp_c": 27.0,
        "rainfall_mm": 8.8,
        "timestamp": "2026-09-07T07:56:51.079660+00:00"
      }
    },
    {
      "type": "Feature",
      "geometry": {
        "type": "Point",
        "coordinates": [
          79.28,
          21.58
        ]
      },
      "properties": {
        "probability": 0.2719,
        "confidence": "low",
        "iron_oxide_index": 0.3097,
        "ferrous_mineral_index": 0.2034,
        "swir_b11_reflectance": 0.1834,
        "swir_b12_reflectance": 0.2322,
        "ndvi": 0.4753,
        "elevation_m": 371.2,
        "slope_deg": 4.8,
        "dist_to_fault_km": 15.89,
        "temp_c": 27.0,
        "rainfall_mm": 8.8,
        "timestamp": "2026-09-07T07:56:51.079660+00:00"
      }
    },
    {
      "type": "Feature",
      "geometry": {
        "type": "Point",
        "coordinates": [
          79.34,
          21.58
        ]
      },
      "properties": {
        "probability": 0.1561,
        "confidence": "low",
        "iron_oxide_index": 0.32,
        "ferrous_mineral_index": 0.2709,
        "swir_b11_reflectance": 0.1783,
        "swir_b12_reflectance": 0.2015,
        "ndvi": 0.4744,
        "elevation_m": 371.2,
        "slope_deg": 4.3,
        "dist_to_fault_km": 18.47,
        "temp_c": 27.0,
        "rainfall_mm": 8.8,
        "timestamp": "2026-09-07T07:56:51.079660+00:00"
      }
    },
    {
      "type": "Feature",
      "geometry": {
        "type": "Point",
        "coordinates": [
          79.4,
          21.58
        ]
      },
      "properties": {
        "probability": 0.198,
        "confidence": "low",
        "iron_oxide_index": 0.2915,
        "ferrous_mineral_index": 0.2234,
        "swir_b11_reflectance": 0.1822,
        "swir_b12_reflectance": 0.2059,
        "ndvi": 0.4672,
        "elevation_m": 371.2,
        "slope_deg": 3.6,
        "dist_to_fault_km": 22.77,
        "temp_c": 27.0,
        "rainfall_mm": 8.8,
        "timestamp": "2026-09-07T07:56:51.079660+00:00"
      }
    },
    {
      "type": "Feature",
      "geometry": {
        "type": "Point",
        "coordinates": [
          79.46,
          21.58
        ]
      },
      "properties": {
        "probability": 0.0271,
        "confidence": "low",
        "iron_oxide_index": 0.3158,
        "ferrous_mineral_index": 0.2266,
        "swir_b11_reflectance": 0.1527,
        "swir_b12_reflectance": 0.2201,
        "ndvi": 0.4462,
        "elevation_m": 300.0,
        "slope_deg": 3.5,
        "dist_to_fault_km": 27.1,
        "temp_c": 27.5,
        "rainfall_mm": 6.5,
        "timestamp": "2026-09-07T07:56:51.079660+00:00"
      }
    },
    {
      "type": "Feature",
      "geometry": {
        "type": "Point",
        "coordinates": [
          79.52,
          21.58
        ]
      },
      "properties": {
        "probability": 0.1976,
        "confidence": "low",
        "iron_oxide_index": 0.3073,
        "ferrous_mineral_index": 0.2184,
        "swir_b11_reflectance": 0.1664,
        "swir_b12_reflectance": 0.2315,
        "ndvi": 0.4689,
        "elevation_m": 371.2,
        "slope_deg": 3.8,
        "dist_to_fault_km": 31.4,
        "temp_c": 27.0,
        "rainfall_mm": 8.8,
        "timestamp": "2026-09-07T07:56:51.079660+00:00"
      }
    },
    {
      "type": "Feature",
      "geometry": {
        "type": "Point",
        "coordinates": [
          79.58,
          21.58
        ]
      },
      "properties": {
        "probability": 0.1931,
        "confidence": "low",
        "iron_oxide_index": 0.2898,
        "ferrous_mineral_index": 0.223,
        "swir_b11_reflectance": 0.1748,
        "swir_b12_reflectance": 0.2319,
        "ndvi": 0.4523,
        "elevation_m": 371.2,
        "slope_deg": 4.9,
        "dist_to_fault_km": 32.32,
        "temp_c": 27.0,
        "rainfall_mm": 8.8,
        "timestamp": "2026-09-07T07:56:51.079660+00:00"
      }
    },
    {
      "type": "Feature",
      "geometry": {
        "type": "Point",
        "coordinates": [
          79.64,
          21.58
        ]
      },
      "properties": {
        "probability": 0.0434,
        "confidence": "low",
        "iron_oxide_index": 0.2892,
        "ferrous_mineral_index": 0.2085,
        "swir_b11_reflectance": 0.1704,
        "swir_b12_reflectance": 0.1699,
        "ndvi": 0.4319,
        "elevation_m": 300.0,
        "slope_deg": 2.4,
        "dist_to_fault_km": 31.16,
        "temp_c": 27.5,
        "rainfall_mm": 6.5,
        "timestamp": "2026-09-07T07:56:51.079660+00:00"
      }
    },
    {
      "type": "Feature",
      "geometry": {
        "type": "Point",
        "coordinates": [
          79.7,
          21.58
        ]
      },
      "properties": {
        "probability": 0.3395,
        "confidence": "low",
        "iron_oxide_index": 0.2802,
        "ferrous_mineral_index": 0.278,
        "swir_b11_reflectance": 0.1591,
        "swir_b12_reflectance": 0.2089,
        "ndvi": 0.4277,
        "elevation_m": 342.1,
        "slope_deg": 2.5,
        "dist_to_fault_km": 31.4,
        "temp_c": 27.0,
        "rainfall_mm": 9.7,
        "timestamp": "2026-09-07T07:56:51.079660+00:00"
      }
    },
    {
      "type": "Feature",
      "geometry": {
        "type": "Point",
        "coordinates": [
          79.76,
          21.58
        ]
      },
      "properties": {
        "probability": 0.3363,
        "confidence": "low",
        "iron_oxide_index": 0.339,
        "ferrous_mineral_index": 0.226,
        "swir_b11_reflectance": 0.168,
        "swir_b12_reflectance": 0.2305,
        "ndvi": 0.3599,
        "elevation_m": 342.1,
        "slope_deg": 3.8,
        "dist_to_fault_km": 33.0,
        "temp_c": 27.0,
        "rainfall_mm": 9.7,
        "timestamp": "2026-09-07T07:56:51.079660+00:00"
      }
    },
    {
      "type": "Feature",
      "geometry": {
        "type": "Point",
        "coordinates": [
          79.82,
          21.58
        ]
      },
      "properties": {
        "probability": 0.3804,
        "confidence": "low",
        "iron_oxide_index": 0.303,
        "ferrous_mineral_index": 0.2202,
        "swir_b11_reflectance": 0.1553,
        "swir_b12_reflectance": 0.2141,
        "ndvi": 0.4648,
        "elevation_m": 342.1,
        "slope_deg": 3.8,
        "dist_to_fault_km": 35.8,
        "temp_c": 27.0,
        "rainfall_mm": 9.7,
        "timestamp": "2026-09-07T07:56:51.079660+00:00"
      }
    },
    {
      "type": "Feature",
      "geometry": {
        "type": "Point",
        "coordinates": [
          79.88,
          21.58
        ]
      },
      "properties": {
        "probability": 0.4923,
        "confidence": "medium",
        "iron_oxide_index": 0.3299,
        "ferrous_mineral_index": 0.2328,
        "swir_b11_reflectance": 0.1603,
        "swir_b12_reflectance": 0.1851,
        "ndvi": 0.4321,
        "elevation_m": 342.1,
        "slope_deg": 3.1,
        "dist_to_fault_km": 39.53,
        "temp_c": 27.0,
        "rainfall_mm": 9.7,
        "timestamp": "2026-09-07T07:56:51.079660+00:00"
      }
    },
    {
      "type": "Feature",
      "geometry": {
        "type": "Point",
        "coordinates": [
          79.94,
          21.58
        ]
      },
      "properties": {
        "probability": 0.0559,
        "confidence": "low",
        "iron_oxide_index": 0.2936,
        "ferrous_mineral_index": 0.2025,
        "swir_b11_reflectance": 0.1678,
        "swir_b12_reflectance": 0.1892,
        "ndvi": 0.3895,
        "elevation_m": 300.0,
        "slope_deg": 2.5,
        "dist_to_fault_km": 39.24,
        "temp_c": 27.5,
        "rainfall_mm": 6.5,
        "timestamp": "2026-09-07T07:56:51.079660+00:00"
      }
    },
    {
      "type": "Feature",
      "geometry": {
        "type": "Point",
        "coordinates": [
          80.0,
          21.58
        ]
      },
      "properties": {
        "probability": 0.015,
        "confidence": "low",
        "iron_oxide_index": 0.3102,
        "ferrous_mineral_index": 0.2176,
        "swir_b11_reflectance": 0.1606,
        "swir_b12_reflectance": 0.2188,
        "ndvi": 0.4693,
        "elevation_m": 300.0,
        "slope_deg": 3.3,
        "dist_to_fault_km": 34.85,
        "temp_c": 27.5,
        "rainfall_mm": 6.5,
        "timestamp": "2026-09-07T07:56:51.079660+00:00"
      }
    },
    {
      "type": "Feature",
      "geometry": {
        "type": "Point",
        "coordinates": [
          80.06,
          21.58
        ]
      },
      "properties": {
        "probability": 0.0126,
        "confidence": "low",
        "iron_oxide_index": 0.3005,
        "ferrous_mineral_index": 0.257,
        "swir_b11_reflectance": 0.1888,
        "swir_b12_reflectance": 0.2306,
        "ndvi": 0.4664,
        "elevation_m": 300.0,
        "slope_deg": 2.5,
        "dist_to_fault_km": 31.28,
        "temp_c": 27.5,
        "rainfall_mm": 6.5,
        "timestamp": "2026-09-07T07:56:51.079660+00:00"
      }
    },
    {
      "type": "Feature",
      "geometry": {
        "type": "Point",
        "coordinates": [
          80.12,
          21.58
        ]
      },
      "properties": {
        "probability": 0.0116,
        "confidence": "low",
        "iron_oxide_index": 0.3058,
        "ferrous_mineral_index": 0.2146,
        "swir_b11_reflectance": 0.1489,
        "swir_b12_reflectance": 0.2268,
        "ndvi": 0.4519,
        "elevation_m": 300.0,
        "slope_deg": 2.5,
        "dist_to_fault_km": 28.82,
        "temp_c": 27.5,
        "rainfall_mm": 6.5,
        "timestamp": "2026-09-07T07:56:51.079660+00:00"
      }
    },
    {
      "type": "Feature",
      "geometry": {
        "type": "Point",
        "coordinates": [
          80.18,
          21.58
        ]
      },
      "properties": {
        "probability": 0.4346,
        "confidence": "low",
        "iron_oxide_index": 0.2864,
        "ferrous_mineral_index": 0.2192,
        "swir_b11_reflectance": 0.1648,
        "swir_b12_reflectance": 0.2024,
        "ndvi": 0.4511,
        "elevation_m": 342.1,
        "slope_deg": 3.1,
        "dist_to_fault_km": 27.77,
        "temp_c": 27.0,
        "rainfall_mm": 9.7,
        "timestamp": "2026-09-07T07:56:51.079660+00:00"
      }
    },
    {
      "type": "Feature",
      "geometry": {
        "type": "Point",
        "coordinates": [
          80.24,
          21.58
        ]
      },
      "properties": {
        "probability": 0.546,
        "confidence": "medium",
        "iron_oxide_index": 0.3308,
        "ferrous_mineral_index": 0.2512,
        "swir_b11_reflectance": 0.1922,
        "swir_b12_reflectance": 0.2106,
        "ndvi": 0.4377,
        "elevation_m": 342.1,
        "slope_deg": 3.6,
        "dist_to_fault_km": 28.3,
        "temp_c": 27.0,
        "rainfall_mm": 9.7,
        "timestamp": "2026-09-07T07:56:51.079660+00:00"
      }
    },
    {
      "type": "Feature",
      "geometry": {
        "type": "Point",
        "coordinates": [
          80.3,
          21.58
        ]
      },
      "properties": {
        "probability": 0.0109,
        "confidence": "low",
        "iron_oxide_index": 0.2401,
        "ferrous_mineral_index": 0.2458,
        "swir_b11_reflectance": 0.1958,
        "swir_b12_reflectance": 0.2531,
        "ndvi": 0.4423,
        "elevation_m": 300.0,
        "slope_deg": 3.0,
        "dist_to_fault_km": 30.32,
        "temp_c": 27.5,
        "rainfall_mm": 6.5,
        "timestamp": "2026-09-07T07:56:51.079660+00:00"
      }
    },
    {
      "type": "Feature",
      "geometry": {
        "type": "Point",
        "coordinates": [
          80.36,
          21.58
        ]
      },
      "properties": {
        "probability": 0.0062,
        "confidence": "low",
        "iron_oxide_index": 0.2867,
        "ferrous_mineral_index": 0.2161,
        "swir_b11_reflectance": 0.1532,
        "swir_b12_reflectance": 0.2627,
        "ndvi": 0.4256,
        "elevation_m": 300.0,
        "slope_deg": 2.1,
        "dist_to_fault_km": 33.0,
        "temp_c": 27.5,
        "rainfall_mm": 6.5,
        "timestamp": "2026-09-07T07:56:51.079660+00:00"
      }
    },
    {
      "type": "Feature",
      "geometry": {
        "type": "Point",
        "coordinates": [
          80.42,
          21.58
        ]
      },
      "properties": {
        "probability": 0.0413,
        "confidence": "low",
        "iron_oxide_index": 0.2909,
        "ferrous_mineral_index": 0.2295,
        "swir_b11_reflectance": 0.1789,
        "swir_b12_reflectance": 0.2153,
        "ndvi": 0.4431,
        "elevation_m": 300.0,
        "slope_deg": 3.4,
        "dist_to_fault_km": 35.8,
        "temp_c": 27.5,
        "rainfall_mm": 6.5,
        "timestamp": "2026-09-07T07:56:51.079660+00:00"
      }
    },
    {
      "type": "Feature",
      "geometry": {
        "type": "Point",
        "coordinates": [
          80.48,
          21.58
        ]
      },
      "properties": {
        "probability": 0.0465,
        "confidence": "low",
        "iron_oxide_index": 0.3063,
        "ferrous_mineral_index": 0.223,
        "swir_b11_reflectance": 0.1588,
        "swir_b12_reflectance": 0.2387,
        "ndvi": 0.4861,
        "elevation_m": 414.8,
        "slope_deg": 4.6,
        "dist_to_fault_km": 39.1,
        "temp_c": 26.3,
        "rainfall_mm": 9.4,
        "timestamp": "2026-09-07T07:56:51.079660+00:00"
      }
    },
    {
      "type": "Feature",
      "geometry": {
        "type": "Point",
        "coordinates": [
          80.54,
          21.58
        ]
      },
      "properties": {
        "probability": 0.0395,
        "confidence": "low",
        "iron_oxide_index": 0.2923,
        "ferrous_mineral_index": 0.2206,
        "swir_b11_reflectance": 0.1785,
        "swir_b12_reflectance": 0.207,
        "ndvi": 0.4494,
        "elevation_m": 300.0,
        "slope_deg": 3.0,
        "dist_to_fault_km": 38.91,
        "temp_c": 27.5,
        "rainfall_mm": 6.5,
        "timestamp": "2026-09-07T07:56:51.079660+00:00"
      }
    },
    {
      "type": "Feature",
      "geometry": {
        "type": "Point",
        "coordinates": [
          80.6,
          21.58
        ]
      },
      "properties": {
        "probability": 0.0199,
        "confidence": "low",
        "iron_oxide_index": 0.304,
        "ferrous_mineral_index": 0.2428,
        "swir_b11_reflectance": 0.1654,
        "swir_b12_reflectance": 0.2188,
        "ndvi": 0.4264,
        "elevation_m": 414.8,
        "slope_deg": 3.9,
        "dist_to_fault_km": 39.85,
        "temp_c": 26.3,
        "rainfall_mm": 9.4,
        "timestamp": "2026-09-07T07:56:51.079660+00:00"
      }
    },
    {
      "type": "Feature",
      "geometry": {
        "type": "Point",
        "coordinates": [
          80.66,
          21.58
        ]
      },
      "properties": {
        "probability": 0.0491,
        "confidence": "low",
        "iron_oxide_index": 0.3194,
        "ferrous_mineral_index": 0.2145,
        "swir_b11_reflectance": 0.1613,
        "swir_b12_reflectance": 0.2325,
        "ndvi": 0.4984,
        "elevation_m": 414.8,
        "slope_deg": 4.9,
        "dist_to_fault_km": 41.84,
        "temp_c": 26.3,
        "rainfall_mm": 9.4,
        "timestamp": "2026-09-07T07:56:51.079660+00:00"
      }
    },
    {
      "type": "Feature",
      "geometry": {
        "type": "Point",
        "coordinates": [
          80.72,
          21.58
        ]
      },
      "properties": {
        "probability": 0.0109,
        "confidence": "low",
        "iron_oxide_index": 0.3047,
        "ferrous_mineral_index": 0.2092,
        "swir_b11_reflectance": 0.1822,
        "swir_b12_reflectance": 0.2163,
        "ndvi": 0.4133,
        "elevation_m": 300.0,
        "slope_deg": 2.5,
        "dist_to_fault_km": 44.75,
        "temp_c": 27.5,
        "rainfall_mm": 6.5,
        "timestamp": "2026-09-07T07:56:51.079660+00:00"
      }
    },
    {
      "type": "Feature",
      "geometry": {
        "type": "Point",
        "coordinates": [
          80.78,
          21.58
        ]
      },
      "properties": {
        "probability": 0.0153,
        "confidence": "low",
        "iron_oxide_index": 0.3262,
        "ferrous_mineral_index": 0.2247,
        "swir_b11_reflectance": 0.1682,
        "swir_b12_reflectance": 0.2052,
        "ndvi": 0.473,
        "elevation_m": 300.0,
        "slope_deg": 2.4,
        "dist_to_fault_km": 48.4,
        "temp_c": 27.5,
        "rainfall_mm": 6.5,
        "timestamp": "2026-09-07T07:56:51.079660+00:00"
      }
    },
    {
      "type": "Feature",
      "geometry": {
        "type": "Point",
        "coordinates": [
          78.5,
          21.64
        ]
      },
      "properties": {
        "probability": 0.016,
        "confidence": "low",
        "iron_oxide_index": 0.3287,
        "ferrous_mineral_index": 0.2207,
        "swir_b11_reflectance": 0.1732,
        "swir_b12_reflectance": 0.2315,
        "ndvi": 0.4438,
        "elevation_m": 300.0,
        "slope_deg": 2.7,
        "dist_to_fault_km": 68.15,
        "temp_c": 27.5,
        "rainfall_mm": 6.5,
        "timestamp": "2026-09-07T07:56:51.079660+00:00"
      }
    },
    {
      "type": "Feature",
      "geometry": {
        "type": "Point",
        "coordinates": [
          78.56,
          21.64
        ]
      },
      "properties": {
        "probability": 0.0281,
        "confidence": "low",
        "iron_oxide_index": 0.303,
        "ferrous_mineral_index": 0.2353,
        "swir_b11_reflectance": 0.1558,
        "swir_b12_reflectance": 0.1962,
        "ndvi": 0.3962,
        "elevation_m": 300.0,
        "slope_deg": 2.5,
        "dist_to_fault_km": 62.5,
        "temp_c": 27.5,
        "rainfall_mm": 6.5,
        "timestamp": "2026-09-07T07:56:51.079660+00:00"
      }
    },
    {
      "type": "Feature",
      "geometry": {
        "type": "Point",
        "coordinates": [
          78.62,
          21.64
        ]
      },
      "properties": {
        "probability": 0.6646,
        "confidence": "medium",
        "iron_oxide_index": 0.272,
        "ferrous_mineral_index": 0.2097,
        "swir_b11_reflectance": 0.1654,
        "swir_b12_reflectance": 0.2031,
        "ndvi": 0.4614,
        "elevation_m": 454.8,
        "slope_deg": 5.3,
        "dist_to_fault_km": 57.05,
        "temp_c": 26.8,
        "rainfall_mm": 7.9,
        "timestamp": "2026-09-07T07:56:51.079660+00:00"
      }
    },
    {
      "type": "Feature",
      "geometry": {
        "type": "Point",
        "coordinates": [
          78.68,
          21.64
        ]
      },
      "properties": {
        "probability": 0.4511,
        "confidence": "medium",
        "iron_oxide_index": 0.2988,
        "ferrous_mineral_index": 0.2226,
        "swir_b11_reflectance": 0.1788,
        "swir_b12_reflectance": 0.2143,
        "ndvi": 0.4847,
        "elevation_m": 454.8,
        "slope_deg": 5.3,
        "dist_to_fault_km": 51.9,
        "temp_c": 26.8,
        "rainfall_mm": 7.9,
        "timestamp": "2026-09-07T07:56:51.079660+00:00"
      }
    },
    {
      "type": "Feature",
      "geometry": {
        "type": "Point",
        "coordinates": [
          78.74,
          21.64
        ]
      },
      "properties": {
        "probability": 0.3713,
        "confidence": "low",
        "iron_oxide_index": 0.3037,
        "ferrous_mineral_index": 0.2497,
        "swir_b11_reflectance": 0.1883,
        "swir_b12_reflectance": 0.2186,
        "ndvi": 0.4718,
        "elevation_m": 454.8,
        "slope_deg": 5.5,
        "dist_to_fault_km": 47.12,
        "temp_c": 26.8,
        "rainfall_mm": 7.9,
        "timestamp": "2026-09-07T07:56:51.079660+00:00"
      }
    },
    {
      "type": "Feature",
      "geometry": {
        "type": "Point",
        "coordinates": [
          78.8,
          21.64
        ]
      },
      "properties": {
        "probability": 0.4688,
        "confidence": "medium",
        "iron_oxide_index": 0.2602,
        "ferrous_mineral_index": 0.2356,
        "swir_b11_reflectance": 0.1391,
        "swir_b12_reflectance": 0.2122,
        "ndvi": 0.4245,
        "elevation_m": 454.8,
        "slope_deg": 6.1,
        "dist_to_fault_km": 42.85,
        "temp_c": 26.8,
        "rainfall_mm": 7.9,
        "timestamp": "2026-09-07T07:56:51.079660+00:00"
      }
    },
    {
      "type": "Feature",
      "geometry": {
        "type": "Point",
        "coordinates": [
          78.86,
          21.64
        ]
      },
      "properties": {
        "probability": 0.2684,
        "confidence": "low",
        "iron_oxide_index": 0.3378,
        "ferrous_mineral_index": 0.2135,
        "swir_b11_reflectance": 0.1739,
        "swir_b12_reflectance": 0.2218,
        "ndvi": 0.4512,
        "elevation_m": 454.8,
        "slope_deg": 4.9,
        "dist_to_fault_km": 39.24,
        "temp_c": 26.8,
        "rainfall_mm": 7.9,
        "timestamp": "2026-09-07T07:56:51.079660+00:00"
      }
    },
    {
      "type": "Feature",
      "geometry": {
        "type": "Point",
        "coordinates": [
          78.92,
          21.64
        ]
      },
      "properties": {
        "probability": 0.4011,
        "confidence": "low",
        "iron_oxide_index": 0.3015,
        "ferrous_mineral_index": 0.2177,
        "swir_b11_reflectance": 0.1561,
        "swir_b12_reflectance": 0.2229,
        "ndvi": 0.4403,
        "elevation_m": 454.8,
        "slope_deg": 6.7,
        "dist_to_fault_km": 36.51,
        "temp_c": 26.8,
        "rainfall_mm": 7.9,
        "timestamp": "2026-09-07T07:56:51.079660+00:00"
      }
    },
    {
      "type": "Feature",
      "geometry": {
        "type": "Point",
        "coordinates": [
          78.98,
          21.64
        ]
      },
      "properties": {
        "probability": 0.7283,
        "confidence": "medium",
        "iron_oxide_index": 0.2823,
        "ferrous_mineral_index": 0.2052,
        "swir_b11_reflectance": 0.1778,
        "swir_b12_reflectance": 0.216,
        "ndvi": 0.4113,
        "elevation_m": 454.8,
        "slope_deg": 5.5,
        "dist_to_fault_km": 34.85,
        "temp_c": 26.8,
        "rainfall_mm": 7.9,
        "timestamp": "2026-09-07T07:56:51.079660+00:00"
      }
    },
    {
      "type": "Feature",
      "geometry": {
        "type": "Point",
        "coordinates": [
          79.04,
          21.64
        ]
      },
      "properties": {
        "probability": 0.2121,
        "confidence": "low",
        "iron_oxide_index": 0.319,
        "ferrous_mineral_index": 0.2452,
        "swir_b11_reflectance": 0.1877,
        "swir_b12_reflectance": 0.2376,
        "ndvi": 0.4714,
        "elevation_m": 454.8,
        "slope_deg": 4.9,
        "dist_to_fault_km": 32.19,
        "temp_c": 26.8,
        "rainfall_mm": 7.9,
        "timestamp": "2026-09-07T07:56:51.079660+00:00"
      }
    },
    {
      "type": "Feature",
      "geometry": {
        "type": "Point",
        "coordinates": [
          79.1,
          21.64
        ]
      },
      "properties": {
        "probability": 0.03,
        "confidence": "low",
        "iron_oxide_index": 0.2897,
        "ferrous_mineral_index": 0.194,
        "swir_b11_reflectance": 0.158,
        "swir_b12_reflectance": 0.217,
        "ndvi": 0.469,
        "elevation_m": 300.0,
        "slope_deg": 3.1,
        "dist_to_fault_km": 27.75,
        "temp_c": 27.5,
        "rainfall_mm": 6.5,
        "timestamp": "2026-09-07T07:56:51.079660+00:00"
      }
    },
    {
      "type": "Feature",
      "geometry": {
        "type": "Point",
        "coordinates": [
          79.16,
          21.64
        ]
      },
      "properties": {
        "probability": 0.23,
        "confidence": "low",
        "iron_oxide_index": 0.3186,
        "ferrous_mineral_index": 0.2253,
        "swir_b11_reflectance": 0.1775,
        "swir_b12_reflectance": 0.2065,
        "ndvi": 0.4537,
        "elevation_m": 371.2,
        "slope_deg": 4.1,
        "dist_to_fault_km": 24.34,
        "temp_c": 27.0,
        "rainfall_mm": 8.8,
        "timestamp": "2026-09-07T07:56:51.079660+00:00"
      }
    },
    {
      "type": "Feature",
      "geometry": {
        "type": "Point",
        "coordinates": [
          79.22,
          21.64
        ]
      },
      "properties": {
        "probability": 0.0167,
        "confidence": "low",
        "iron_oxide_index": 0.3415,
        "ferrous_mineral_index": 0.2339,
        "swir_b11_reflectance": 0.1984,
        "swir_b12_reflectance": 0.228,
        "ndvi": 0.4504,
        "elevation_m": 300.0,
        "slope_deg": 3.1,
        "dist_to_fault_km": 22.45,
        "temp_c": 27.5,
        "rainfall_mm": 6.5,
        "timestamp": "2026-09-07T07:56:51.079660+00:00"
      }
    },
    {
      "type": "Feature",
      "geometry": {
        "type": "Point",
        "coordinates": [
          79.28,
          21.64
        ]
      },
      "properties": {
        "probability": 0.2062,
        "confidence": "low",
        "iron_oxide_index": 0.2916,
        "ferrous_mineral_index": 0.2169,
        "swir_b11_reflectance": 0.1826,
        "swir_b12_reflectance": 0.2114,
        "ndvi": 0.4677,
        "elevation_m": 371.2,
        "slope_deg": 3.5,
        "dist_to_fault_km": 22.45,
        "temp_c": 27.0,
        "rainfall_mm": 8.8,
        "timestamp": "2026-09-07T07:56:51.079660+00:00"
      }
    },
    {
      "type": "Feature",
      "geometry": {
        "type": "Point",
        "coordinates": [
          79.34,
          21.64
        ]
      },
      "properties": {
        "probability": 0.289,
        "confidence": "low",
        "iron_oxide_index": 0.3128,
        "ferrous_mineral_index": 0.2123,
        "swir_b11_reflectance": 0.159,
        "swir_b12_reflectance": 0.1841,
        "ndvi": 0.441,
        "elevation_m": 371.2,
        "slope_deg": 3.8,
        "dist_to_fault_km": 24.34,
        "temp_c": 27.0,
        "rainfall_mm": 8.8,
        "timestamp": "2026-09-07T07:56:51.079660+00:00"
      }
    },
    {
      "type": "Feature",
      "geometry": {
        "type": "Point",
        "coordinates": [
          79.4,
          21.64
        ]
      },
      "properties": {
        "probability": 0.2429,
        "confidence": "low",
        "iron_oxide_index": 0.299,
        "ferrous_mineral_index": 0.2121,
        "swir_b11_reflectance": 0.1462,
        "swir_b12_reflectance": 0.2048,
        "ndvi": 0.4163,
        "elevation_m": 371.2,
        "slope_deg": 4.1,
        "dist_to_fault_km": 27.75,
        "temp_c": 27.0,
        "rainfall_mm": 8.8,
        "timestamp": "2026-09-07T07:56:51.079660+00:00"
      }
    },
    {
      "type": "Feature",
      "geometry": {
        "type": "Point",
        "coordinates": [
          79.46,
          21.64
        ]
      },
      "properties": {
        "probability": 0.1019,
        "confidence": "low",
        "iron_oxide_index": 0.3725,
        "ferrous_mineral_index": 0.2541,
        "swir_b11_reflectance": 0.1729,
        "swir_b12_reflectance": 0.2202,
        "ndvi": 0.4318,
        "elevation_m": 371.2,
        "slope_deg": 2.9,
        "dist_to_fault_km": 32.19,
        "temp_c": 27.0,
        "rainfall_mm": 8.8,
        "timestamp": "2026-09-07T07:56:51.079660+00:00"
      }
    },
    {
      "type": "Feature",
      "geometry": {
        "type": "Point",
        "coordinates": [
          79.52,
          21.64
        ]
      },
      "properties": {
        "probability": 0.2976,
        "confidence": "low",
        "iron_oxide_index": 0.2767,
        "ferrous_mineral_index": 0.2542,
        "swir_b11_reflectance": 0.2009,
        "swir_b12_reflectance": 0.1982,
        "ndvi": 0.432,
        "elevation_m": 371.2,
        "slope_deg": 3.7,
        "dist_to_fault_km": 36.41,
        "temp_c": 27.0,
        "rainfall_mm": 8.8,
        "timestamp": "2026-09-07T07:56:51.079660+00:00"
      }
    },
    {
      "type": "Feature",
      "geometry": {
        "type": "Point",
        "coordinates": [
          79.58,
          21.64
        ]
      },
      "properties": {
        "probability": 0.015,
        "confidence": "low",
        "iron_oxide_index": 0.294,
        "ferrous_mineral_index": 0.1908,
        "swir_b11_reflectance": 0.1979,
        "swir_b12_reflectance": 0.2341,
        "ndvi": 0.434,
        "elevation_m": 300.0,
        "slope_deg": 1.8,
        "dist_to_fault_km": 38.77,
        "temp_c": 27.5,
        "rainfall_mm": 6.5,
        "timestamp": "2026-09-07T07:56:51.079660+00:00"
      }
    },
    {
      "type": "Feature",
      "geometry": {
        "type": "Point",
        "coordinates": [
          79.64,
          21.64
        ]
      },
      "properties": {
        "probability": 0.0399,
        "confidence": "low",
        "iron_oxide_index": 0.3127,
        "ferrous_mineral_index": 0.2499,
        "swir_b11_reflectance": 0.1711,
        "swir_b12_reflectance": 0.2023,
        "ndvi": 0.4651,
        "elevation_m": 300.0,
        "slope_deg": 3.3,
        "dist_to_fault_km": 37.8,
        "temp_c": 27.5,
        "rainfall_mm": 6.5,
        "timestamp": "2026-09-07T07:56:51.079660+00:00"
      }
    },
    {
      "type": "Feature",
      "geometry": {
        "type": "Point",
        "coordinates": [
          79.7,
          21.64
        ]
      },
      "properties": {
        "probability": 0.0263,
        "confidence": "low",
        "iron_oxide_index": 0.3143,
        "ferrous_mineral_index": 0.2018,
        "swir_b11_reflectance": 0.1579,
        "swir_b12_reflectance": 0.2024,
        "ndvi": 0.4151,
        "elevation_m": 300.0,
        "slope_deg": 2.6,
        "dist_to_fault_km": 38.0,
        "temp_c": 27.5,
        "rainfall_mm": 6.5,
        "timestamp": "2026-09-07T07:56:51.079660+00:00"
      }
    },
    {
      "type": "Feature",
      "geometry": {
        "type": "Point",
        "coordinates": [
          79.76,
          21.64
        ]
      },
      "properties": {
        "probability": 0.0517,
        "confidence": "low",
        "iron_oxide_index": 0.2857,
        "ferrous_mineral_index": 0.2198,
        "swir_b11_reflectance": 0.2085,
        "swir_b12_reflectance": 0.196,
        "ndvi": 0.4627,
        "elevation_m": 300.0,
        "slope_deg": 2.0,
        "dist_to_fault_km": 39.34,
        "temp_c": 27.5,
        "rainfall_mm": 6.5,
        "timestamp": "2026-09-07T07:56:51.079660+00:00"
      }
    },
    {
      "type": "Feature",
      "geometry": {
        "type": "Point",
        "coordinates": [
          79.82,
          21.64
        ]
      },
      "properties": {
        "probability": 0.5622,
        "confidence": "medium",
        "iron_oxide_index": 0.3133,
        "ferrous_mineral_index": 0.2633,
        "swir_b11_reflectance": 0.1694,
        "swir_b12_reflectance": 0.2112,
        "ndvi": 0.3893,
        "elevation_m": 342.1,
        "slope_deg": 3.0,
        "dist_to_fault_km": 41.71,
        "temp_c": 27.0,
        "rainfall_mm": 9.7,
        "timestamp": "2026-09-07T07:56:51.079660+00:00"
      }
    },
    {
      "type": "Feature",
      "geometry": {
        "type": "Point",
        "coordinates": [
          79.88,
          21.64
        ]
      },
      "properties": {
        "probability": 0.6425,
        "confidence": "medium",
        "iron_oxide_index": 0.2746,
        "ferrous_mineral_index": 0.2352,
        "swir_b11_reflectance": 0.1731,
        "swir_b12_reflectance": 0.185,
        "ndvi": 0.4924,
        "elevation_m": 342.1,
        "slope_deg": 3.9,
        "dist_to_fault_km": 40.36,
        "temp_c": 27.0,
        "rainfall_mm": 9.7,
        "timestamp": "2026-09-07T07:56:51.079660+00:00"
      }
    },
    {
      "type": "Feature",
      "geometry": {
        "type": "Point",
        "coordinates": [
          79.94,
          21.64
        ]
      },
      "properties": {
        "probability": 0.3664,
        "confidence": "low",
        "iron_oxide_index": 0.3053,
        "ferrous_mineral_index": 0.2215,
        "swir_b11_reflectance": 0.1685,
        "swir_b12_reflectance": 0.1921,
        "ndvi": 0.4128,
        "elevation_m": 342.1,
        "slope_deg": 2.9,
        "dist_to_fault_km": 34.85,
        "temp_c": 27.0,
        "rainfall_mm": 9.7,
        "timestamp": "2026-09-07T07:56:51.079660+00:00"
      }
    },
    {
      "type": "Feature",
      "geometry": {
        "type": "Point",
        "coordinates": [
          80.0,
          21.64
        ]
      },
      "properties": {
        "probability": 0.2255,
        "confidence": "low",
        "iron_oxide_index": 0.2698,
        "ferrous_mineral_index": 0.2309,
        "swir_b11_reflectance": 0.1586,
        "swir_b12_reflectance": 0.2398,
        "ndvi": 0.4367,
        "elevation_m": 342.1,
        "slope_deg": 4.1,
        "dist_to_fault_km": 29.83,
        "temp_c": 27.0,
        "rainfall_mm": 9.7,
        "timestamp": "2026-09-07T07:56:51.079660+00:00"
      }
    },
    {
      "type": "Feature",
      "geometry": {
        "type": "Point",
        "coordinates": [
          80.06,
          21.64
        ]
      },
      "properties": {
        "probability": 0.4555,
        "confidence": "medium",
        "iron_oxide_index": 0.3194,
        "ferrous_mineral_index": 0.2023,
        "swir_b11_reflectance": 0.1658,
        "swir_b12_reflectance": 0.219,
        "ndvi": 0.3978,
        "elevation_m": 342.1,
        "slope_deg": 3.8,
        "dist_to_fault_km": 25.55,
        "temp_c": 27.0,
        "rainfall_mm": 9.7,
        "timestamp": "2026-09-07T07:56:51.079660+00:00"
      }
    },
    {
      "type": "Feature",
      "geometry": {
        "type": "Point",
        "coordinates": [
          80.12,
          21.64
        ]
      },
      "properties": {
        "probability": 0.0162,
        "confidence": "low",
        "iron_oxide_index": 0.2997,
        "ferrous_mineral_index": 0.2063,
        "swir_b11_reflectance": 0.1681,
        "swir_b12_reflectance": 0.1846,
        "ndvi": 0.4504,
        "elevation_m": 300.0,
        "slope_deg": 1.6,
        "dist_to_fault_km": 22.48,
        "temp_c": 27.5,
        "rainfall_mm": 6.5,
        "timestamp": "2026-09-07T07:56:51.079660+00:00"
      }
    },
    {
      "type": "Feature",
      "geometry": {
        "type": "Point",
        "coordinates": [
          80.18,
          21.64
        ]
      },
      "properties": {
        "probability": 0.2323,
        "confidence": "low",
        "iron_oxide_index": 0.3264,
        "ferrous_mineral_index": 0.2115,
        "swir_b11_reflectance": 0.2045,
        "swir_b12_reflectance": 0.2454,
        "ndvi": 0.4309,
        "elevation_m": 342.1,
        "slope_deg": 2.8,
        "dist_to_fault_km": 21.12,
        "temp_c": 27.0,
        "rainfall_mm": 9.7,
        "timestamp": "2026-09-07T07:56:51.079660+00:00"
      }
    },
    {
      "type": "Feature",
      "geometry": {
        "type": "Point",
        "coordinates": [
          80.24,
          21.64
        ]
      },
      "properties": {
        "probability": 0.3903,
        "confidence": "low",
        "iron_oxide_index": 0.2787,
        "ferrous_mineral_index": 0.2,
        "swir_b11_reflectance": 0.155,
        "swir_b12_reflectance": 0.2086,
        "ndvi": 0.4196,
        "elevation_m": 342.1,
        "slope_deg": 4.3,
        "dist_to_fault_km": 21.81,
        "temp_c": 27.0,
        "rainfall_mm": 9.7,
        "timestamp": "2026-09-07T07:56:51.079660+00:00"
      }
    },
    {
      "type": "Feature",
      "geometry": {
        "type": "Point",
        "coordinates": [
          80.3,
          21.64
        ]
      },
      "properties": {
        "probability": 0.3998,
        "confidence": "low",
        "iron_oxide_index": 0.2673,
        "ferrous_mineral_index": 0.2074,
        "swir_b11_reflectance": 0.1842,
        "swir_b12_reflectance": 0.2236,
        "ndvi": 0.3954,
        "elevation_m": 342.1,
        "slope_deg": 4.2,
        "dist_to_fault_km": 24.37,
        "temp_c": 27.0,
        "rainfall_mm": 9.7,
        "timestamp": "2026-09-07T07:56:51.079660+00:00"
      }
    },
    {
      "type": "Feature",
      "geometry": {
        "type": "Point",
        "coordinates": [
          80.36,
          21.64
        ]
      },
      "properties": {
        "probability": 0.0488,
        "confidence": "low",
        "iron_oxide_index": 0.3037,
        "ferrous_mineral_index": 0.2413,
        "swir_b11_reflectance": 0.1765,
        "swir_b12_reflectance": 0.2252,
        "ndvi": 0.4718,
        "elevation_m": 414.8,
        "slope_deg": 5.2,
        "dist_to_fault_km": 26.82,
        "temp_c": 26.3,
        "rainfall_mm": 9.4,
        "timestamp": "2026-09-07T07:56:51.079660+00:00"
      }
    },
    {
      "type": "Feature",
      "geometry": {
        "type": "Point",
        "coordinates": [
          80.42,
          21.64
        ]
      },
      "properties": {
        "probability": 0.0133,
        "confidence": "low",
        "iron_oxide_index": 0.285,
        "ferrous_mineral_index": 0.2466,
        "swir_b11_reflectance": 0.1694,
        "swir_b12_reflectance": 0.2217,
        "ndvi": 0.4394,
        "elevation_m": 300.0,
        "slope_deg": 3.7,
        "dist_to_fault_km": 30.2,
        "temp_c": 27.5,
        "rainfall_mm": 6.5,
        "timestamp": "2026-09-07T07:56:51.079660+00:00"
      }
    },
    {
      "type": "Feature",
      "geometry": {
        "type": "Point",
        "coordinates": [
          80.48,
          21.64
        ]
      },
      "properties": {
        "probability": 0.0197,
        "confidence": "low",
        "iron_oxide_index": 0.2733,
        "ferrous_mineral_index": 0.1921,
        "swir_b11_reflectance": 0.1685,
        "swir_b12_reflectance": 0.2282,
        "ndvi": 0.4683,
        "elevation_m": 300.0,
        "slope_deg": 2.1,
        "dist_to_fault_km": 32.49,
        "temp_c": 27.5,
        "rainfall_mm": 6.5,
        "timestamp": "2026-09-07T07:56:51.079660+00:00"
      }
    },
    {
      "type": "Feature",
      "geometry": {
        "type": "Point",
        "coordinates": [
          80.54,
          21.64
        ]
      },
      "properties": {
        "probability": 0.0434,
        "confidence": "low",
        "iron_oxide_index": 0.2756,
        "ferrous_mineral_index": 0.2152,
        "swir_b11_reflectance": 0.1592,
        "swir_b12_reflectance": 0.2289,
        "ndvi": 0.4642,
        "elevation_m": 414.8,
        "slope_deg": 4.0,
        "dist_to_fault_km": 32.27,
        "temp_c": 26.3,
        "rainfall_mm": 9.4,
        "timestamp": "2026-09-07T07:56:51.079660+00:00"
      }
    },
    {
      "type": "Feature",
      "geometry": {
        "type": "Point",
        "coordinates": [
          80.6,
          21.64
        ]
      },
      "properties": {
        "probability": 0.0144,
        "confidence": "low",
        "iron_oxide_index": 0.3239,
        "ferrous_mineral_index": 0.2183,
        "swir_b11_reflectance": 0.1949,
        "swir_b12_reflectance": 0.2158,
        "ndvi": 0.42,
        "elevation_m": 300.0,
        "slope_deg": 2.6,
        "dist_to_fault_km": 33.39,
        "temp_c": 27.5,
        "rainfall_mm": 6.5,
        "timestamp": "2026-09-07T07:56:51.079660+00:00"
      }
    },
    {
      "type": "Feature",
      "geometry": {
        "type": "Point",
        "coordinates": [
          80.66,
          21.64
        ]
      },
      "properties": {
        "probability": 0.0438,
        "confidence": "low",
        "iron_oxide_index": 0.3143,
        "ferrous_mineral_index": 0.254,
        "swir_b11_reflectance": 0.1577,
        "swir_b12_reflectance": 0.2074,
        "ndvi": 0.448,
        "elevation_m": 414.8,
        "slope_deg": 4.1,
        "dist_to_fault_km": 35.74,
        "temp_c": 26.3,
        "rainfall_mm": 9.4,
        "timestamp": "2026-09-07T07:56:51.079660+00:00"
      }
    },
    {
      "type": "Feature",
      "geometry": {
        "type": "Point",
        "coordinates": [
          80.72,
          21.64
        ]
      },
      "properties": {
        "probability": 0.06,
        "confidence": "low",
        "iron_oxide_index": 0.2939,
        "ferrous_mineral_index": 0.2402,
        "swir_b11_reflectance": 0.1665,
        "swir_b12_reflectance": 0.2102,
        "ndvi": 0.4597,
        "elevation_m": 414.8,
        "slope_deg": 3.4,
        "dist_to_fault_km": 39.1,
        "temp_c": 26.3,
        "rainfall_mm": 9.4,
        "timestamp": "2026-09-07T07:56:51.079660+00:00"
      }
    },
    {
      "type": "Feature",
      "geometry": {
        "type": "Point",
        "coordinates": [
          80.78,
          21.64
        ]
      },
      "properties": {
        "probability": 0.0321,
        "confidence": "low",
        "iron_oxide_index": 0.2714,
        "ferrous_mineral_index": 0.2187,
        "swir_b11_reflectance": 0.1773,
        "swir_b12_reflectance": 0.2097,
        "ndvi": 0.418,
        "elevation_m": 300.0,
        "slope_deg": 2.9,
        "dist_to_fault_km": 43.23,
        "temp_c": 27.5,
        "rainfall_mm": 6.5,
        "timestamp": "2026-09-07T07:56:51.079660+00:00"
      }
    },
    {
      "type": "Feature",
      "geometry": {
        "type": "Point",
        "coordinates": [
          78.5,
          21.7
        ]
      },
      "properties": {
        "probability": 0.3953,
        "confidence": "low",
        "iron_oxide_index": 0.306,
        "ferrous_mineral_index": 0.2125,
        "swir_b11_reflectance": 0.1941,
        "swir_b12_reflectance": 0.2324,
        "ndvi": 0.4758,
        "elevation_m": 454.8,
        "slope_deg": 4.8,
        "dist_to_fault_km": 71.75,
        "temp_c": 26.8,
        "rainfall_mm": 7.9,
        "timestamp": "2026-09-07T07:56:51.079660+00:00"
      }
    },
    {
      "type": "Feature",
      "geometry": {
        "type": "Point",
        "coordinates": [
          78.56,
          21.7
        ]
      },
      "properties": {
        "probability": 0.2782,
        "confidence": "low",
        "iron_oxide_index": 0.3042,
        "ferrous_mineral_index": 0.2283,
        "swir_b11_reflectance": 0.1634,
        "swir_b12_reflectance": 0.2226,
        "ndvi": 0.4546,
        "elevation_m": 454.8,
        "slope_deg": 4.8,
        "dist_to_fault_km": 66.4,
        "temp_c": 26.8,
        "rainfall_mm": 7.9,
        "timestamp": "2026-09-07T07:56:51.079660+00:00"
      }
    },
    {
      "type": "Feature",
      "geometry": {
        "type": "Point",
        "coordinates": [
          78.62,
          21.7
        ]
      },
      "properties": {
        "probability": 0.1265,
        "confidence": "low",
        "iron_oxide_index": 0.3343,
        "ferrous_mineral_index": 0.232,
        "swir_b11_reflectance": 0.1841,
        "swir_b12_reflectance": 0.2212,
        "ndvi": 0.3982,
        "elevation_m": 454.8,
        "slope_deg": 5.2,
        "dist_to_fault_km": 61.3,
        "temp_c": 26.8,
        "rainfall_mm": 7.9,
        "timestamp": "2026-09-07T07:56:51.079660+00:00"
      }
    },
    {
      "type": "Feature",
      "geometry": {
        "type": "Point",
        "coordinates": [
          78.68,
          21.7
        ]
      },
      "properties": {
        "probability": 0.0116,
        "confidence": "low",
        "iron_oxide_index": 0.2994,
        "ferrous_mineral_index": 0.2074,
        "swir_b11_reflectance": 0.184,
        "swir_b12_reflectance": 0.2274,
        "ndvi": 0.4232,
        "elevation_m": 300.0,
        "slope_deg": 2.9,
        "dist_to_fault_km": 56.53,
        "temp_c": 27.5,
        "rainfall_mm": 6.5,
        "timestamp": "2026-09-07T07:56:51.079660+00:00"
      }
    },
    {
      "type": "Feature",
      "geometry": {
        "type": "Point",
        "coordinates": [
          78.74,
          21.7
        ]
      },
      "properties": {
        "probability": 0.7763,
        "confidence": "high",
        "iron_oxide_index": 0.2892,
        "ferrous_mineral_index": 0.1846,
        "swir_b11_reflectance": 0.1678,
        "swir_b12_reflectance": 0.2039,
        "ndvi": 0.4429,
        "elevation_m": 454.8,
        "slope_deg": 5.7,
        "dist_to_fault_km": 52.18,
        "temp_c": 26.8,
        "rainfall_mm": 7.9,
        "timestamp": "2026-09-07T07:56:51.079660+00:00"
      }
    },
    {
      "type": "Feature",
      "geometry": {
        "type": "Point",
        "coordinates": [
          78.8,
          21.7
        ]
      },
      "properties": {
        "probability": 0.6063,
        "confidence": "medium",
        "iron_oxide_index": 0.2701,
        "ferrous_mineral_index": 0.2326,
        "swir_b11_reflectance": 0.2023,
        "swir_b12_reflectance": 0.1953,
        "ndvi": 0.469,
        "elevation_m": 454.8,
        "slope_deg": 4.7,
        "dist_to_fault_km": 48.36,
        "temp_c": 26.8,
        "rainfall_mm": 7.9,
        "timestamp": "2026-09-07T07:56:51.079660+00:00"
      }
    },
    {
      "type": "Feature",
      "geometry": {
        "type": "Point",
        "coordinates": [
          78.86,
          21.7
        ]
      },
      "properties": {
        "probability": 0.4843,
        "confidence": "medium",
        "iron_oxide_index": 0.2994,
        "ferrous_mineral_index": 0.2197,
        "swir_b11_reflectance": 0.1489,
        "swir_b12_reflectance": 0.2206,
        "ndvi": 0.4072,
        "elevation_m": 454.8,
        "slope_deg": 5.1,
        "dist_to_fault_km": 45.2,
        "temp_c": 26.8,
        "rainfall_mm": 7.9,
        "timestamp": "2026-09-07T07:56:51.079660+00:00"
      }
    },
    {
      "type": "Feature",
      "geometry": {
        "type": "Point",
        "coordinates": [
          78.92,
          21.7
        ]
      },
      "properties": {
        "probability": 0.0342,
        "confidence": "low",
        "iron_oxide_index": 0.2837,
        "ferrous_mineral_index": 0.2203,
        "swir_b11_reflectance": 0.1816,
        "swir_b12_reflectance": 0.2628,
        "ndvi": 0.4776,
        "elevation_m": 300.0,
        "slope_deg": 3.3,
        "dist_to_fault_km": 42.85,
        "temp_c": 27.5,
        "rainfall_mm": 6.5,
        "timestamp": "2026-09-07T07:56:51.079660+00:00"
      }
    },
    {
      "type": "Feature",
      "geometry": {
        "type": "Point",
        "coordinates": [
          78.98,
          21.7
        ]
      },
      "properties": {
        "probability": 0.0162,
        "confidence": "low",
        "iron_oxide_index": 0.3027,
        "ferrous_mineral_index": 0.2258,
        "swir_b11_reflectance": 0.1865,
        "swir_b12_reflectance": 0.2159,
        "ndvi": 0.4267,
        "elevation_m": 300.0,
        "slope_deg": 3.9,
        "dist_to_fault_km": 41.44,
        "temp_c": 27.5,
        "rainfall_mm": 6.5,
        "timestamp": "2026-09-07T07:56:51.079660+00:00"
      }
    },
    {
      "type": "Feature",
      "geometry": {
        "type": "Point",
        "coordinates": [
          79.04,
          21.7
        ]
      },
      "properties": {
        "probability": 0.7586,
        "confidence": "high",
        "iron_oxide_index": 0.308,
        "ferrous_mineral_index": 0.1928,
        "swir_b11_reflectance": 0.1791,
        "swir_b12_reflectance": 0.2246,
        "ndvi": 0.4319,
        "elevation_m": 454.8,
        "slope_deg": 5.2,
        "dist_to_fault_km": 37.1,
        "temp_c": 26.8,
        "rainfall_mm": 7.9,
        "timestamp": "2026-09-07T07:56:51.079660+00:00"
      }
    },
    {
      "type": "Feature",
      "geometry": {
        "type": "Point",
        "coordinates": [
          79.1,
          21.7
        ]
      },
      "properties": {
        "probability": 0.2935,
        "confidence": "low",
        "iron_oxide_index": 0.301,
        "ferrous_mineral_index": 0.2155,
        "swir_b11_reflectance": 0.162,
        "swir_b12_reflectance": 0.2196,
        "ndvi": 0.3797,
        "elevation_m": 371.2,
        "slope_deg": 3.7,
        "dist_to_fault_km": 33.32,
        "temp_c": 27.0,
        "rainfall_mm": 8.8,
        "timestamp": "2026-09-07T07:56:51.079660+00:00"
      }
    },
    {
      "type": "Feature",
      "geometry": {
        "type": "Point",
        "coordinates": [
          79.16,
          21.7
        ]
      },
      "properties": {
        "probability": 0.0474,
        "confidence": "low",
        "iron_oxide_index": 0.2685,
        "ferrous_mineral_index": 0.2257,
        "swir_b11_reflectance": 0.1339,
        "swir_b12_reflectance": 0.2107,
        "ndvi": 0.4063,
        "elevation_m": 300.0,
        "slope_deg": 3.0,
        "dist_to_fault_km": 30.54,
        "temp_c": 27.5,
        "rainfall_mm": 6.5,
        "timestamp": "2026-09-07T07:56:51.079660+00:00"
      }
    },
    {
      "type": "Feature",
      "geometry": {
        "type": "Point",
        "coordinates": [
          79.22,
          21.7
        ]
      },
      "properties": {
        "probability": 0.1629,
        "confidence": "low",
        "iron_oxide_index": 0.3087,
        "ferrous_mineral_index": 0.2412,
        "swir_b11_reflectance": 0.1906,
        "swir_b12_reflectance": 0.2238,
        "ndvi": 0.4388,
        "elevation_m": 371.2,
        "slope_deg": 4.0,
        "dist_to_fault_km": 29.05,
        "temp_c": 27.0,
        "rainfall_mm": 8.8,
        "timestamp": "2026-09-07T07:56:51.079660+00:00"
      }
    },
    {
      "type": "Feature",
      "geometry": {
        "type": "Point",
        "coordinates": [
          79.28,
          21.7
        ]
      },
      "properties": {
        "probability": 0.4332,
        "confidence": "low",
        "iron_oxide_index": 0.2787,
        "ferrous_mineral_index": 0.2024,
        "swir_b11_reflectance": 0.163,
        "swir_b12_reflectance": 0.2062,
        "ndvi": 0.4428,
        "elevation_m": 371.2,
        "slope_deg": 3.4,
        "dist_to_fault_km": 29.05,
        "temp_c": 27.0,
        "rainfall_mm": 8.8,
        "timestamp": "2026-09-07T07:56:51.079660+00:00"
      }
    },
    {
      "type": "Feature",
      "geometry": {
        "type": "Point",
        "coordinates": [
          79.34,
          21.7
        ]
      },
      "properties": {
        "probability": 0.3879,
        "confidence": "low",
        "iron_oxide_index": 0.2864,
        "ferrous_mineral_index": 0.2091,
        "swir_b11_reflectance": 0.1897,
        "swir_b12_reflectance": 0.2226,
        "ndvi": 0.462,
        "elevation_m": 371.2,
        "slope_deg": 4.1,
        "dist_to_fault_km": 30.54,
        "temp_c": 27.0,
        "rainfall_mm": 8.8,
        "timestamp": "2026-09-07T07:56:51.079660+00:00"
      }
    },
    {
      "type": "Feature",
      "geometry": {
        "type": "Point",
        "coordinates": [
          79.4,
          21.7
        ]
      },
      "properties": {
        "probability": 0.2379,
        "confidence": "low",
        "iron_oxide_index": 0.2926,
        "ferrous_mineral_index": 0.2336,
        "swir_b11_reflectance": 0.1749,
        "swir_b12_reflectance": 0.2137,
        "ndvi": 0.3748,
        "elevation_m": 371.2,
        "slope_deg": 4.2,
        "dist_to_fault_km": 33.32,
        "temp_c": 27.0,
        "rainfall_mm": 8.8,
        "timestamp": "2026-09-07T07:56:51.079660+00:00"
      }
    },
    {
      "type": "Feature",
      "geometry": {
        "type": "Point",
        "coordinates": [
          79.46,
          21.7
        ]
      },
      "properties": {
        "probability": 0.0541,
        "confidence": "low",
        "iron_oxide_index": 0.3111,
        "ferrous_mineral_index": 0.2195,
        "swir_b11_reflectance": 0.1896,
        "swir_b12_reflectance": 0.2045,
        "ndvi": 0.4417,
        "elevation_m": 300.0,
        "slope_deg": 3.2,
        "dist_to_fault_km": 37.1,
        "temp_c": 27.5,
        "rainfall_mm": 6.5,
        "timestamp": "2026-09-07T07:56:51.079660+00:00"
      }
    },
    {
      "type": "Feature",
      "geometry": {
        "type": "Point",
        "coordinates": [
          79.52,
          21.7
        ]
      },
      "properties": {
        "probability": 0.0671,
        "confidence": "low",
        "iron_oxide_index": 0.3107,
        "ferrous_mineral_index": 0.2389,
        "swir_b11_reflectance": 0.1745,
        "swir_b12_reflectance": 0.1936,
        "ndvi": 0.4256,
        "elevation_m": 300.0,
        "slope_deg": 3.0,
        "dist_to_fault_km": 41.61,
        "temp_c": 27.5,
        "rainfall_mm": 6.5,
        "timestamp": "2026-09-07T07:56:51.079660+00:00"
      }
    },
    {
      "type": "Feature",
      "geometry": {
        "type": "Point",
        "coordinates": [
          79.58,
          21.7
        ]
      },
      "properties": {
        "probability": 0.3565,
        "confidence": "low",
        "iron_oxide_index": 0.3148,
        "ferrous_mineral_index": 0.2042,
        "swir_b11_reflectance": 0.1591,
        "swir_b12_reflectance": 0.2226,
        "ndvi": 0.4932,
        "elevation_m": 371.2,
        "slope_deg": 3.4,
        "dist_to_fault_km": 45.28,
        "temp_c": 27.0,
        "rainfall_mm": 8.8,
        "timestamp": "2026-09-07T07:56:51.079660+00:00"
      }
    },
    {
      "type": "Feature",
      "geometry": {
        "type": "Point",
        "coordinates": [
          79.64,
          21.7
        ]
      },
      "properties": {
        "probability": 0.2276,
        "confidence": "low",
        "iron_oxide_index": 0.3193,
        "ferrous_mineral_index": 0.227,
        "swir_b11_reflectance": 0.1788,
        "swir_b12_reflectance": 0.2066,
        "ndvi": 0.4322,
        "elevation_m": 371.2,
        "slope_deg": 3.6,
        "dist_to_fault_km": 44.45,
        "temp_c": 27.0,
        "rainfall_mm": 8.8,
        "timestamp": "2026-09-07T07:56:51.079660+00:00"
      }
    },
    {
      "type": "Feature",
      "geometry": {
        "type": "Point",
        "coordinates": [
          79.7,
          21.7
        ]
      },
      "properties": {
        "probability": 0.6689,
        "confidence": "medium",
        "iron_oxide_index": 0.2829,
        "ferrous_mineral_index": 0.212,
        "swir_b11_reflectance": 0.1722,
        "swir_b12_reflectance": 0.1966,
        "ndvi": 0.4724,
        "elevation_m": 342.1,
        "slope_deg": 3.5,
        "dist_to_fault_km": 44.62,
        "temp_c": 27.0,
        "rainfall_mm": 9.7,
        "timestamp": "2026-09-07T07:56:51.079660+00:00"
      }
    },
    {
      "type": "Feature",
      "geometry": {
        "type": "Point",
        "coordinates": [
          79.76,
          21.7
        ]
      },
      "properties": {
        "probability": 0.0109,
        "confidence": "low",
        "iron_oxide_index": 0.2883,
        "ferrous_mineral_index": 0.1967,
        "swir_b11_reflectance": 0.1627,
        "swir_b12_reflectance": 0.2172,
        "ndvi": 0.4612,
        "elevation_m": 300.0,
        "slope_deg": 2.2,
        "dist_to_fault_km": 45.77,
        "temp_c": 27.5,
        "rainfall_mm": 6.5,
        "timestamp": "2026-09-07T07:56:51.079660+00:00"
      }
    },
    {
      "type": "Feature",
      "geometry": {
        "type": "Point",
        "coordinates": [
          79.82,
          21.7
        ]
      },
      "properties": {
        "probability": 0.5976,
        "confidence": "medium",
        "iron_oxide_index": 0.3091,
        "ferrous_mineral_index": 0.2038,
        "swir_b11_reflectance": 0.1874,
        "swir_b12_reflectance": 0.194,
        "ndvi": 0.4044,
        "elevation_m": 342.1,
        "slope_deg": 2.4,
        "dist_to_fault_km": 43.53,
        "temp_c": 27.0,
        "rainfall_mm": 9.7,
        "timestamp": "2026-09-07T07:56:51.079660+00:00"
      }
    },
    {
      "type": "Feature",
      "geometry": {
        "type": "Point",
        "coordinates": [
          79.88,
          21.7
        ]
      },
      "properties": {
        "probability": 0.0138,
        "confidence": "low",
        "iron_oxide_index": 0.3112,
        "ferrous_mineral_index": 0.2274,
        "swir_b11_reflectance": 0.1836,
        "swir_b12_reflectance": 0.232,
        "ndvi": 0.4139,
        "elevation_m": 300.0,
        "slope_deg": 1.9,
        "dist_to_fault_km": 37.31,
        "temp_c": 27.5,
        "rainfall_mm": 6.5,
        "timestamp": "2026-09-07T07:56:51.079660+00:00"
      }
    },
    {
      "type": "Feature",
      "geometry": {
        "type": "Point",
        "coordinates": [
          79.94,
          21.7
        ]
      },
      "properties": {
        "probability": 0.4639,
        "confidence": "medium",
        "iron_oxide_index": 0.319,
        "ferrous_mineral_index": 0.2387,
        "swir_b11_reflectance": 0.1681,
        "swir_b12_reflectance": 0.199,
        "ndvi": 0.4367,
        "elevation_m": 342.1,
        "slope_deg": 3.1,
        "dist_to_fault_km": 31.28,
        "temp_c": 27.0,
        "rainfall_mm": 9.7,
        "timestamp": "2026-09-07T07:56:51.079660+00:00"
      }
    },
    {
      "type": "Feature",
      "geometry": {
        "type": "Point",
        "coordinates": [
          80.0,
          21.7
        ]
      },
      "properties": {
        "probability": 0.6647,
        "confidence": "medium",
        "iron_oxide_index": 0.3122,
        "ferrous_mineral_index": 0.2403,
        "swir_b11_reflectance": 0.1833,
        "swir_b12_reflectance": 0.1936,
        "ndvi": 0.4866,
        "elevation_m": 342.1,
        "slope_deg": 2.9,
        "dist_to_fault_km": 25.55,
        "temp_c": 27.0,
        "rainfall_mm": 9.7,
        "timestamp": "2026-09-07T07:56:51.079660+00:00"
      }
    },
    {
      "type": "Feature",
      "geometry": {
        "type": "Point",
        "coordinates": [
          80.06,
          21.7
        ]
      },
      "properties": {
        "probability": 0.3529,
        "confidence": "low",
        "iron_oxide_index": 0.283,
        "ferrous_mineral_index": 0.2035,
        "swir_b11_reflectance": 0.1902,
        "swir_b12_reflectance": 0.2062,
        "ndvi": 0.4216,
        "elevation_m": 342.1,
        "slope_deg": 3.5,
        "dist_to_fault_km": 20.41,
        "temp_c": 27.0,
        "rainfall_mm": 9.7,
        "timestamp": "2026-09-07T07:56:51.079660+00:00"
      }
    },
    {
      "type": "Feature",
      "geometry": {
        "type": "Point",
        "coordinates": [
          80.12,
          21.7
        ]
      },
      "properties": {
        "probability": 0.3924,
        "confidence": "low",
        "iron_oxide_index": 0.3302,
        "ferrous_mineral_index": 0.2314,
        "swir_b11_reflectance": 0.1911,
        "swir_b12_reflectance": 0.2114,
        "ndvi": 0.4535,
        "elevation_m": 342.1,
        "slope_deg": 3.7,
        "dist_to_fault_km": 16.39,
        "temp_c": 27.0,
        "rainfall_mm": 9.7,
        "timestamp": "2026-09-07T07:56:51.079660+00:00"
      }
    },
    {
      "type": "Feature",
      "geometry": {
        "type": "Point",
        "coordinates": [
          80.18,
          21.7
        ]
      },
      "properties": {
        "probability": 0.0202,
        "confidence": "low",
        "iron_oxide_index": 0.2888,
        "ferrous_mineral_index": 0.2244,
        "swir_b11_reflectance": 0.1635,
        "swir_b12_reflectance": 0.2369,
        "ndvi": 0.468,
        "elevation_m": 300.0,
        "slope_deg": 2.7,
        "dist_to_fault_km": 14.47,
        "temp_c": 27.5,
        "rainfall_mm": 6.5,
        "timestamp": "2026-09-07T07:56:51.079660+00:00"
      }
    },
    {
      "type": "Feature",
      "geometry": {
        "type": "Point",
        "coordinates": [
          80.24,
          21.7
        ]
      },
      "properties": {
        "probability": 0.3072,
        "confidence": "low",
        "iron_oxide_index": 0.2688,
        "ferrous_mineral_index": 0.246,
        "swir_b11_reflectance": 0.1793,
        "swir_b12_reflectance": 0.2136,
        "ndvi": 0.4534,
        "elevation_m": 342.1,
        "slope_deg": 3.7,
        "dist_to_fault_km": 15.46,
        "temp_c": 27.0,
        "rainfall_mm": 9.7,
        "timestamp": "2026-09-07T07:56:51.079660+00:00"
      }
    },
    {
      "type": "Feature",
      "geometry": {
        "type": "Point",
        "coordinates": [
          80.3,
          21.7
        ]
      },
      "properties": {
        "probability": 0.311,
        "confidence": "low",
        "iron_oxide_index": 0.2858,
        "ferrous_mineral_index": 0.2048,
        "swir_b11_reflectance": 0.198,
        "swir_b12_reflectance": 0.2026,
        "ndvi": 0.4451,
        "elevation_m": 342.1,
        "slope_deg": 2.8,
        "dist_to_fault_km": 18.31,
        "temp_c": 27.0,
        "rainfall_mm": 9.7,
        "timestamp": "2026-09-07T07:56:51.079660+00:00"
      }
    },
    {
      "type": "Feature",
      "geometry": {
        "type": "Point",
        "coordinates": [
          80.36,
          21.7
        ]
      },
      "properties": {
        "probability": 0.0138,
        "confidence": "low",
        "iron_oxide_index": 0.288,
        "ferrous_mineral_index": 0.2342,
        "swir_b11_reflectance": 0.172,
        "swir_b12_reflectance": 0.2282,
        "ndvi": 0.4344,
        "elevation_m": 414.8,
        "slope_deg": 4.9,
        "dist_to_fault_km": 20.94,
        "temp_c": 26.3,
        "rainfall_mm": 9.4,
        "timestamp": "2026-09-07T07:56:51.079660+00:00"
      }
    },
    {
      "type": "Feature",
      "geometry": {
        "type": "Point",
        "coordinates": [
          80.42,
          21.7
        ]
      },
      "properties": {
        "probability": 0.0491,
        "confidence": "low",
        "iron_oxide_index": 0.3229,
        "ferrous_mineral_index": 0.214,
        "swir_b11_reflectance": 0.2162,
        "swir_b12_reflectance": 0.218,
        "ndvi": 0.4407,
        "elevation_m": 300.0,
        "slope_deg": 3.4,
        "dist_to_fault_km": 25.12,
        "temp_c": 27.5,
        "rainfall_mm": 6.5,
        "timestamp": "2026-09-07T07:56:51.079660+00:00"
      }
    },
    {
      "type": "Feature",
      "geometry": {
        "type": "Point",
        "coordinates": [
          80.48,
          21.7
        ]
      },
      "properties": {
        "probability": 0.0255,
        "confidence": "low",
        "iron_oxide_index": 0.3039,
        "ferrous_mineral_index": 0.2355,
        "swir_b11_reflectance": 0.1834,
        "swir_b12_reflectance": 0.2369,
        "ndvi": 0.4308,
        "elevation_m": 300.0,
        "slope_deg": 1.5,
        "dist_to_fault_km": 25.91,
        "temp_c": 27.5,
        "rainfall_mm": 6.5,
        "timestamp": "2026-09-07T07:56:51.079660+00:00"
      }
    },
    {
      "type": "Feature",
      "geometry": {
        "type": "Point",
        "coordinates": [
          80.54,
          21.7
        ]
      },
      "properties": {
        "probability": 0.0595,
        "confidence": "low",
        "iron_oxide_index": 0.3344,
        "ferrous_mineral_index": 0.2441,
        "swir_b11_reflectance": 0.1615,
        "swir_b12_reflectance": 0.211,
        "ndvi": 0.4609,
        "elevation_m": 414.8,
        "slope_deg": 5.3,
        "dist_to_fault_km": 25.63,
        "temp_c": 26.3,
        "rainfall_mm": 9.4,
        "timestamp": "2026-09-07T07:56:51.079660+00:00"
      }
    },
    {
      "type": "Feature",
      "geometry": {
        "type": "Point",
        "coordinates": [
          80.6,
          21.7
        ]
      },
      "properties": {
        "probability": 0.0604,
        "confidence": "low",
        "iron_oxide_index": 0.298,
        "ferrous_mineral_index": 0.2013,
        "swir_b11_reflectance": 0.2031,
        "swir_b12_reflectance": 0.2118,
        "ndvi": 0.4467,
        "elevation_m": 300.0,
        "slope_deg": 3.3,
        "dist_to_fault_km": 27.03,
        "temp_c": 27.5,
        "rainfall_mm": 6.5,
        "timestamp": "2026-09-07T07:56:51.079660+00:00"
      }
    },
    {
      "type": "Feature",
      "geometry": {
        "type": "Point",
        "coordinates": [
          80.66,
          21.7
        ]
      },
      "properties": {
        "probability": 0.0776,
        "confidence": "low",
        "iron_oxide_index": 0.2615,
        "ferrous_mineral_index": 0.2163,
        "swir_b11_reflectance": 0.1837,
        "swir_b12_reflectance": 0.2241,
        "ndvi": 0.4733,
        "elevation_m": 414.8,
        "slope_deg": 5.1,
        "dist_to_fault_km": 29.89,
        "temp_c": 26.3,
        "rainfall_mm": 9.4,
        "timestamp": "2026-09-07T07:56:51.079660+00:00"
      }
    },
    {
      "type": "Feature",
      "geometry": {
        "type": "Point",
        "coordinates": [
          80.72,
          21.7
        ]
      },
      "properties": {
        "probability": 0.0926,
        "confidence": "low",
        "iron_oxide_index": 0.3057,
        "ferrous_mineral_index": 0.2046,
        "swir_b11_reflectance": 0.1731,
        "swir_b12_reflectance": 0.2184,
        "ndvi": 0.4837,
        "elevation_m": 414.8,
        "slope_deg": 4.7,
        "dist_to_fault_km": 33.83,
        "temp_c": 26.3,
        "rainfall_mm": 9.4,
        "timestamp": "2026-09-07T07:56:51.079660+00:00"
      }
    },
    {
      "type": "Feature",
      "geometry": {
        "type": "Point",
        "coordinates": [
          80.78,
          21.7
        ]
      },
      "properties": {
        "probability": 0.0484,
        "confidence": "low",
        "iron_oxide_index": 0.3168,
        "ferrous_mineral_index": 0.1846,
        "swir_b11_reflectance": 0.1747,
        "swir_b12_reflectance": 0.2098,
        "ndvi": 0.3997,
        "elevation_m": 300.0,
        "slope_deg": 2.0,
        "dist_to_fault_km": 38.53,
        "temp_c": 27.5,
        "rainfall_mm": 6.5,
        "timestamp": "2026-09-07T07:56:51.079660+00:00"
      }
    },
    {
      "type": "Feature",
      "geometry": {
        "type": "Point",
        "coordinates": [
          78.5,
          21.76
        ]
      },
      "properties": {
        "probability": 0.0474,
        "confidence": "low",
        "iron_oxide_index": 0.3453,
        "ferrous_mineral_index": 0.225,
        "swir_b11_reflectance": 0.1761,
        "swir_b12_reflectance": 0.2108,
        "ndvi": 0.5035,
        "elevation_m": 300.0,
        "slope_deg": 3.0,
        "dist_to_fault_km": 75.76,
        "temp_c": 27.5,
        "rainfall_mm": 6.5,
        "timestamp": "2026-09-07T07:56:51.079660+00:00"
      }
    },
    {
      "type": "Feature",
      "geometry": {
        "type": "Point",
        "coordinates": [
          78.56,
          21.76
        ]
      },
      "properties": {
        "probability": 0.0015,
        "confidence": "low",
        "iron_oxide_index": 0.3045,
        "ferrous_mineral_index": 0.2423,
        "swir_b11_reflectance": 0.1704,
        "swir_b12_reflectance": 0.2197,
        "ndvi": 0.44,
        "elevation_m": 300.0,
        "slope_deg": 2.6,
        "dist_to_fault_km": 70.71,
        "temp_c": 27.5,
        "rainfall_mm": 6.5,
        "timestamp": "2026-09-07T07:56:51.079660+00:00"
      }
    },
    {
      "type": "Feature",
      "geometry": {
        "type": "Point",
        "coordinates": [
          78.62,
          21.76
        ]
      },
      "properties": {
        "probability": 0.3801,
        "confidence": "low",
        "iron_oxide_index": 0.307,
        "ferrous_mineral_index": 0.2294,
        "swir_b11_reflectance": 0.1622,
        "swir_b12_reflectance": 0.2197,
        "ndvi": 0.4755,
        "elevation_m": 637.8,
        "slope_deg": 7.1,
        "dist_to_fault_km": 65.95,
        "temp_c": 25.4,
        "rainfall_mm": 8.9,
        "timestamp": "2026-09-07T07:56:51.079660+00:00"
      }
    },
    {
      "type": "Feature",
      "geometry": {
        "type": "Point",
        "coordinates": [
          78.68,
          21.76
        ]
      },
      "properties": {
        "probability": 0.1262,
        "confidence": "low",
        "iron_oxide_index": 0.3009,
        "ferrous_mineral_index": 0.236,
        "swir_b11_reflectance": 0.1958,
        "swir_b12_reflectance": 0.2283,
        "ndvi": 0.4077,
        "elevation_m": 637.8,
        "slope_deg": 8.0,
        "dist_to_fault_km": 61.54,
        "temp_c": 25.4,
        "rainfall_mm": 8.9,
        "timestamp": "2026-09-07T07:56:51.079660+00:00"
      }
    },
    {
      "type": "Feature",
      "geometry": {
        "type": "Point",
        "coordinates": [
          78.74,
          21.76
        ]
      },
      "properties": {
        "probability": 0.3373,
        "confidence": "low",
        "iron_oxide_index": 0.2702,
        "ferrous_mineral_index": 0.2106,
        "swir_b11_reflectance": 0.1447,
        "swir_b12_reflectance": 0.2125,
        "ndvi": 0.4401,
        "elevation_m": 637.8,
        "slope_deg": 7.8,
        "dist_to_fault_km": 57.57,
        "temp_c": 25.4,
        "rainfall_mm": 8.9,
        "timestamp": "2026-09-07T07:56:51.079660+00:00"
      }
    },
    {
      "type": "Feature",
      "geometry": {
        "type": "Point",
        "coordinates": [
          78.8,
          21.76
        ]
      },
      "properties": {
        "probability": 0.1943,
        "confidence": "low",
        "iron_oxide_index": 0.3028,
        "ferrous_mineral_index": 0.2132,
        "swir_b11_reflectance": 0.1904,
        "swir_b12_reflectance": 0.2419,
        "ndvi": 0.4583,
        "elevation_m": 637.8,
        "slope_deg": 8.4,
        "dist_to_fault_km": 54.13,
        "temp_c": 25.4,
        "rainfall_mm": 8.9,
        "timestamp": "2026-09-07T07:56:51.079660+00:00"
      }
    },
    {
      "type": "Feature",
      "geometry": {
        "type": "Point",
        "coordinates": [
          78.86,
          21.76
        ]
      },
      "properties": {
        "probability": 0.4208,
        "confidence": "low",
        "iron_oxide_index": 0.2901,
        "ferrous_mineral_index": 0.18,
        "swir_b11_reflectance": 0.1916,
        "swir_b12_reflectance": 0.1905,
        "ndvi": 0.4615,
        "elevation_m": 637.8,
        "slope_deg": 7.7,
        "dist_to_fault_km": 51.33,
        "temp_c": 25.4,
        "rainfall_mm": 8.9,
        "timestamp": "2026-09-07T07:56:51.079660+00:00"
      }
    },
    {
      "type": "Feature",
      "geometry": {
        "type": "Point",
        "coordinates": [
          78.92,
          21.76
        ]
      },
      "properties": {
        "probability": 0.391,
        "confidence": "low",
        "iron_oxide_index": 0.3285,
        "ferrous_mineral_index": 0.2011,
        "swir_b11_reflectance": 0.1655,
        "swir_b12_reflectance": 0.2113,
        "ndvi": 0.4332,
        "elevation_m": 637.8,
        "slope_deg": 7.7,
        "dist_to_fault_km": 49.27,
        "temp_c": 25.4,
        "rainfall_mm": 8.9,
        "timestamp": "2026-09-07T07:56:51.079660+00:00"
      }
    },
    {
      "type": "Feature",
      "geometry": {
        "type": "Point",
        "coordinates": [
          78.98,
          21.76
        ]
      },
      "properties": {
        "probability": 0.2473,
        "confidence": "low",
        "iron_oxide_index": 0.2707,
        "ferrous_mineral_index": 0.1796,
        "swir_b11_reflectance": 0.1793,
        "swir_b12_reflectance": 0.2392,
        "ndvi": 0.4091,
        "elevation_m": 637.8,
        "slope_deg": 8.0,
        "dist_to_fault_km": 46.47,
        "temp_c": 25.4,
        "rainfall_mm": 8.9,
        "timestamp": "2026-09-07T07:56:51.079660+00:00"
      }
    },
    {
      "type": "Feature",
      "geometry": {
        "type": "Point",
        "coordinates": [
          79.04,
          21.76
        ]
      },
      "properties": {
        "probability": 0.3428,
        "confidence": "low",
        "iron_oxide_index": 0.2984,
        "ferrous_mineral_index": 0.2083,
        "swir_b11_reflectance": 0.1939,
        "swir_b12_reflectance": 0.2138,
        "ndvi": 0.404,
        "elevation_m": 637.8,
        "slope_deg": 6.7,
        "dist_to_fault_km": 42.49,
        "temp_c": 25.4,
        "rainfall_mm": 8.9,
        "timestamp": "2026-09-07T07:56:51.079660+00:00"
      }
    },
    {
      "type": "Feature",
      "geometry": {
        "type": "Point",
        "coordinates": [
          79.1,
          21.76
        ]
      },
      "properties": {
        "probability": 0.0129,
        "confidence": "low",
        "iron_oxide_index": 0.3341,
        "ferrous_mineral_index": 0.2239,
        "swir_b11_reflectance": 0.1722,
        "swir_b12_reflectance": 0.2128,
        "ndvi": 0.4463,
        "elevation_m": 300.0,
        "slope_deg": 3.8,
        "dist_to_fault_km": 39.23,
        "temp_c": 27.5,
        "rainfall_mm": 6.5,
        "timestamp": "2026-09-07T07:56:51.079660+00:00"
      }
    },
    {
      "type": "Feature",
      "geometry": {
        "type": "Point",
        "coordinates": [
          79.16,
          21.76
        ]
      },
      "properties": {
        "probability": 0.0405,
        "confidence": "low",
        "iron_oxide_index": 0.3303,
        "ferrous_mineral_index": 0.1945,
        "swir_b11_reflectance": 0.1655,
        "swir_b12_reflectance": 0.2334,
        "ndvi": 0.4315,
        "elevation_m": 557.7,
        "slope_deg": 7.2,
        "dist_to_fault_km": 36.9,
        "temp_c": 25.8,
        "rainfall_mm": 9.2,
        "timestamp": "2026-09-07T07:56:51.079660+00:00"
      }
    },
    {
      "type": "Feature",
      "geometry": {
        "type": "Point",
        "coordinates": [
          79.22,
          21.76
        ]
      },
      "properties": {
        "probability": 0.0928,
        "confidence": "low",
        "iron_oxide_index": 0.2749,
        "ferrous_mineral_index": 0.1988,
        "swir_b11_reflectance": 0.1672,
        "swir_b12_reflectance": 0.2266,
        "ndvi": 0.4456,
        "elevation_m": 557.7,
        "slope_deg": 7.6,
        "dist_to_fault_km": 35.68,
        "temp_c": 25.8,
        "rainfall_mm": 9.2,
        "timestamp": "2026-09-07T07:56:51.079660+00:00"
      }
    },
    {
      "type": "Feature",
      "geometry": {
        "type": "Point",
        "coordinates": [
          79.28,
          21.76
        ]
      },
      "properties": {
        "probability": 0.031,
        "confidence": "low",
        "iron_oxide_index": 0.3063,
        "ferrous_mineral_index": 0.2171,
        "swir_b11_reflectance": 0.1811,
        "swir_b12_reflectance": 0.2121,
        "ndvi": 0.4808,
        "elevation_m": 557.7,
        "slope_deg": 6.6,
        "dist_to_fault_km": 35.68,
        "temp_c": 25.8,
        "rainfall_mm": 9.2,
        "timestamp": "2026-09-07T07:56:51.079660+00:00"
      }
    },
    {
      "type": "Feature",
      "geometry": {
        "type": "Point",
        "coordinates": [
          79.34,
          21.76
        ]
      },
      "properties": {
        "probability": 0.0477,
        "confidence": "low",
        "iron_oxide_index": 0.2838,
        "ferrous_mineral_index": 0.1957,
        "swir_b11_reflectance": 0.1592,
        "swir_b12_reflectance": 0.2214,
        "ndvi": 0.4962,
        "elevation_m": 557.7,
        "slope_deg": 6.7,
        "dist_to_fault_km": 36.9,
        "temp_c": 25.8,
        "rainfall_mm": 9.2,
        "timestamp": "2026-09-07T07:56:51.079660+00:00"
      }
    },
    {
      "type": "Feature",
      "geometry": {
        "type": "Point",
        "coordinates": [
          79.4,
          21.76
        ]
      },
      "properties": {
        "probability": 0.0235,
        "confidence": "low",
        "iron_oxide_index": 0.3176,
        "ferrous_mineral_index": 0.2465,
        "swir_b11_reflectance": 0.1733,
        "swir_b12_reflectance": 0.2028,
        "ndvi": 0.4323,
        "elevation_m": 557.7,
        "slope_deg": 5.9,
        "dist_to_fault_km": 39.23,
        "temp_c": 25.8,
        "rainfall_mm": 9.2,
        "timestamp": "2026-09-07T07:56:51.079660+00:00"
      }
    },
    {
      "type": "Feature",
      "geometry": {
        "type": "Point",
        "coordinates": [
          79.46,
          21.76
        ]
      },
      "properties": {
        "probability": 0.036,
        "confidence": "low",
        "iron_oxide_index": 0.3421,
        "ferrous_mineral_index": 0.2407,
        "swir_b11_reflectance": 0.1645,
        "swir_b12_reflectance": 0.2104,
        "ndvi": 0.4249,
        "elevation_m": 300.0,
        "slope_deg": 2.9,
        "dist_to_fault_km": 42.49,
        "temp_c": 27.5,
        "rainfall_mm": 6.5,
        "timestamp": "2026-09-07T07:56:51.079660+00:00"
      }
    },
    {
      "type": "Feature",
      "geometry": {
        "type": "Point",
        "coordinates": [
          79.52,
          21.76
        ]
      },
      "properties": {
        "probability": 0.0332,
        "confidence": "low",
        "iron_oxide_index": 0.289,
        "ferrous_mineral_index": 0.2566,
        "swir_b11_reflectance": 0.212,
        "swir_b12_reflectance": 0.2267,
        "ndvi": 0.483,
        "elevation_m": 557.7,
        "slope_deg": 6.5,
        "dist_to_fault_km": 46.47,
        "temp_c": 25.8,
        "rainfall_mm": 9.2,
        "timestamp": "2026-09-07T07:56:51.079660+00:00"
      }
    },
    {
      "type": "Feature",
      "geometry": {
        "type": "Point",
        "coordinates": [
          79.58,
          21.76
        ]
      },
      "properties": {
        "probability": 0.0033,
        "confidence": "low",
        "iron_oxide_index": 0.2838,
        "ferrous_mineral_index": 0.2228,
        "swir_b11_reflectance": 0.1521,
        "swir_b12_reflectance": 0.2277,
        "ndvi": 0.4363,
        "elevation_m": 300.0,
        "slope_deg": 2.8,
        "dist_to_fault_km": 45.77,
        "temp_c": 27.5,
        "rainfall_mm": 6.5,
        "timestamp": "2026-09-07T07:56:51.079660+00:00"
      }
    },
    {
      "type": "Feature",
      "geometry": {
        "type": "Point",
        "coordinates": [
          79.64,
          21.76
        ]
      },
      "properties": {
        "probability": 0.0062,
        "confidence": "low",
        "iron_oxide_index": 0.2887,
        "ferrous_mineral_index": 0.2298,
        "swir_b11_reflectance": 0.155,
        "swir_b12_reflectance": 0.2099,
        "ndvi": 0.4661,
        "elevation_m": 300.0,
        "slope_deg": 1.5,
        "dist_to_fault_km": 44.62,
        "temp_c": 27.5,
        "rainfall_mm": 6.5,
        "timestamp": "2026-09-07T07:56:51.079660+00:00"
      }
    },
    {
      "type": "Feature",
      "geometry": {
        "type": "Point",
        "coordinates": [
          79.7,
          21.76
        ]
      },
      "properties": {
        "probability": 0.0399,
        "confidence": "low",
        "iron_oxide_index": 0.2796,
        "ferrous_mineral_index": 0.2119,
        "swir_b11_reflectance": 0.1517,
        "swir_b12_reflectance": 0.199,
        "ndvi": 0.4358,
        "elevation_m": 469.5,
        "slope_deg": 5.8,
        "dist_to_fault_km": 44.45,
        "temp_c": 26.2,
        "rainfall_mm": 9.7,
        "timestamp": "2026-09-07T07:56:51.079660+00:00"
      }
    },
    {
      "type": "Feature",
      "geometry": {
        "type": "Point",
        "coordinates": [
          79.76,
          21.76
        ]
      },
      "properties": {
        "probability": 0.0012,
        "confidence": "low",
        "iron_oxide_index": 0.3134,
        "ferrous_mineral_index": 0.22,
        "swir_b11_reflectance": 0.1648,
        "swir_b12_reflectance": 0.2157,
        "ndvi": 0.4532,
        "elevation_m": 300.0,
        "slope_deg": 2.1,
        "dist_to_fault_km": 45.28,
        "temp_c": 27.5,
        "rainfall_mm": 6.5,
        "timestamp": "2026-09-07T07:56:51.079660+00:00"
      }
    },
    {
      "type": "Feature",
      "geometry": {
        "type": "Point",
        "coordinates": [
          79.82,
          21.76
        ]
      },
      "properties": {
        "probability": 0.006,
        "confidence": "low",
        "iron_oxide_index": 0.2843,
        "ferrous_mineral_index": 0.2183,
        "swir_b11_reflectance": 0.1588,
        "swir_b12_reflectance": 0.2225,
        "ndvi": 0.4435,
        "elevation_m": 469.5,
        "slope_deg": 5.8,
        "dist_to_fault_km": 41.8,
        "temp_c": 26.2,
        "rainfall_mm": 9.7,
        "timestamp": "2026-09-07T07:56:51.079660+00:00"
      }
    },
    {
      "type": "Feature",
      "geometry": {
        "type": "Point",
        "coordinates": [
          79.88,
          21.76
        ]
      },
      "properties": {
        "probability": 0.0078,
        "confidence": "low",
        "iron_oxide_index": 0.3068,
        "ferrous_mineral_index": 0.2201,
        "swir_b11_reflectance": 0.1648,
        "swir_b12_reflectance": 0.2102,
        "ndvi": 0.4497,
        "elevation_m": 300.0,
        "slope_deg": 2.2,
        "dist_to_fault_km": 35.28,
        "temp_c": 27.5,
        "rainfall_mm": 6.5,
        "timestamp": "2026-09-07T07:56:51.079660+00:00"
      }
    },
    {
      "type": "Feature",
      "geometry": {
        "type": "Point",
        "coordinates": [
          79.94,
          21.76
        ]
      },
      "properties": {
        "probability": 0.0408,
        "confidence": "low",
        "iron_oxide_index": 0.2979,
        "ferrous_mineral_index": 0.2392,
        "swir_b11_reflectance": 0.1769,
        "swir_b12_reflectance": 0.2104,
        "ndvi": 0.4726,
        "elevation_m": 300.0,
        "slope_deg": 3.0,
        "dist_to_fault_km": 28.82,
        "temp_c": 27.5,
        "rainfall_mm": 6.5,
        "timestamp": "2026-09-07T07:56:51.079660+00:00"
      }
    },
    {
      "type": "Feature",
      "geometry": {
        "type": "Point",
        "coordinates": [
          80.0,
          21.76
        ]
      },
      "properties": {
        "probability": 0.0031,
        "confidence": "low",
        "iron_oxide_index": 0.3196,
        "ferrous_mineral_index": 0.2291,
        "swir_b11_reflectance": 0.1904,
        "swir_b12_reflectance": 0.2209,
        "ndvi": 0.4373,
        "elevation_m": 469.5,
        "slope_deg": 6.1,
        "dist_to_fault_km": 22.48,
        "temp_c": 26.2,
        "rainfall_mm": 9.7,
        "timestamp": "2026-09-07T07:56:51.079660+00:00"
      }
    },
    {
      "type": "Feature",
      "geometry": {
        "type": "Point",
        "coordinates": [
          80.06,
          21.76
        ]
      },
      "properties": {
        "probability": 0.0188,
        "confidence": "low",
        "iron_oxide_index": 0.295,
        "ferrous_mineral_index": 0.2193,
        "swir_b11_reflectance": 0.1634,
        "swir_b12_reflectance": 0.2241,
        "ndvi": 0.3977,
        "elevation_m": 469.5,
        "slope_deg": 6.0,
        "dist_to_fault_km": 16.39,
        "temp_c": 26.2,
        "rainfall_mm": 9.7,
        "timestamp": "2026-09-07T07:56:51.079660+00:00"
      }
    },
    {
      "type": "Feature",
      "geometry": {
        "type": "Point",
        "coordinates": [
          80.12,
          21.76
        ]
      },
      "properties": {
        "probability": 0.0001,
        "confidence": "low",
        "iron_oxide_index": 0.4069,
        "ferrous_mineral_index": 0.3272,
        "swir_b11_reflectance": 0.2526,
        "swir_b12_reflectance": 0.2946,
        "ndvi": 0.4343,
        "elevation_m": 469.5,
        "slope_deg": 7.4,
        "dist_to_fault_km": 10.99,
        "temp_c": 26.2,
        "rainfall_mm": 9.7,
        "timestamp": "2026-09-07T07:56:51.079660+00:00"
      }
    },
    {
      "type": "Feature",
      "geometry": {
        "type": "Point",
        "coordinates": [
          80.18,
          21.76
        ]
      },
      "properties": {
        "probability": 0.07,
        "confidence": "low",
        "iron_oxide_index": 0.5183,
        "ferrous_mineral_index": 0.4033,
        "swir_b11_reflectance": 0.3192,
        "swir_b12_reflectance": 0.3747,
        "ndvi": 0.3894,
        "elevation_m": 469.5,
        "slope_deg": 9.1,
        "dist_to_fault_km": 7.85,
        "temp_c": 26.2,
        "rainfall_mm": 9.7,
        "timestamp": "2026-09-07T07:56:51.079660+00:00"
      }
    },
    {
      "type": "Feature",
      "geometry": {
        "type": "Point",
        "coordinates": [
          80.24,
          21.76
        ]
      },
      "properties": {
        "probability": 0.0001,
        "confidence": "low",
        "iron_oxide_index": 0.4894,
        "ferrous_mineral_index": 0.365,
        "swir_b11_reflectance": 0.2705,
        "swir_b12_reflectance": 0.3176,
        "ndvi": 0.4128,
        "elevation_m": 469.5,
        "slope_deg": 9.4,
        "dist_to_fault_km": 9.55,
        "temp_c": 26.2,
        "rainfall_mm": 9.7,
        "timestamp": "2026-09-07T07:56:51.079660+00:00"
      }
    },
    {
      "type": "Feature",
      "geometry": {
        "type": "Point",
        "coordinates": [
          80.3,
          21.76
        ]
      },
      "properties": {
        "probability": 0.0001,
        "confidence": "low",
        "iron_oxide_index": 0.3834,
        "ferrous_mineral_index": 0.2893,
        "swir_b11_reflectance": 0.2405,
        "swir_b12_reflectance": 0.2894,
        "ndvi": 0.4572,
        "elevation_m": 469.5,
        "slope_deg": 7.3,
        "dist_to_fault_km": 11.96,
        "temp_c": 26.2,
        "rainfall_mm": 9.7,
        "timestamp": "2026-09-07T07:56:51.079660+00:00"
      }
    },
    {
      "type": "Feature",
      "geometry": {
        "type": "Point",
        "coordinates": [
          80.36,
          21.76
        ]
      },
      "properties": {
        "probability": 0.0005,
        "confidence": "low",
        "iron_oxide_index": 0.3444,
        "ferrous_mineral_index": 0.2021,
        "swir_b11_reflectance": 0.1664,
        "swir_b12_reflectance": 0.2131,
        "ndvi": 0.484,
        "elevation_m": 300.0,
        "slope_deg": 1.5,
        "dist_to_fault_km": 15.7,
        "temp_c": 27.5,
        "rainfall_mm": 6.5,
        "timestamp": "2026-09-07T07:56:51.079660+00:00"
      }
    },
    {
      "type": "Feature",
      "geometry": {
        "type": "Point",
        "coordinates": [
          80.42,
          21.76
        ]
      },
      "properties": {
        "probability": 0.0147,
        "confidence": "low",
        "iron_oxide_index": 0.2839,
        "ferrous_mineral_index": 0.2356,
        "swir_b11_reflectance": 0.1662,
        "swir_b12_reflectance": 0.2558,
        "ndvi": 0.4339,
        "elevation_m": 300.0,
        "slope_deg": 2.5,
        "dist_to_fault_km": 20.94,
        "temp_c": 27.5,
        "rainfall_mm": 6.5,
        "timestamp": "2026-09-07T07:56:51.079660+00:00"
      }
    },
    {
      "type": "Feature",
      "geometry": {
        "type": "Point",
        "coordinates": [
          80.48,
          21.76
        ]
      },
      "properties": {
        "probability": 0.0165,
        "confidence": "low",
        "iron_oxide_index": 0.3014,
        "ferrous_mineral_index": 0.227,
        "swir_b11_reflectance": 0.1813,
        "swir_b12_reflectance": 0.2335,
        "ndvi": 0.4139,
        "elevation_m": 300.0,
        "slope_deg": 3.0,
        "dist_to_fault_km": 19.39,
        "temp_c": 27.5,
        "rainfall_mm": 6.5,
        "timestamp": "2026-09-07T07:56:51.079660+00:00"
      }
    },
    {
      "type": "Feature",
      "geometry": {
        "type": "Point",
        "coordinates": [
          80.54,
          21.76
        ]
      },
      "properties": {
        "probability": 0.0329,
        "confidence": "low",
        "iron_oxide_index": 0.269,
        "ferrous_mineral_index": 0.2208,
        "swir_b11_reflectance": 0.1804,
        "swir_b12_reflectance": 0.2342,
        "ndvi": 0.4486,
        "elevation_m": 300.0,
        "slope_deg": 3.1,
        "dist_to_fault_km": 19.0,
        "temp_c": 27.5,
        "rainfall_mm": 6.5,
        "timestamp": "2026-09-07T07:56:51.079660+00:00"
      }
    },
    {
      "type": "Feature",
      "geometry": {
        "type": "Point",
        "coordinates": [
          80.6,
          21.76
        ]
      },
      "properties": {
        "probability": 0.0019,
        "confidence": "low",
        "iron_oxide_index": 0.3262,
        "ferrous_mineral_index": 0.2541,
        "swir_b11_reflectance": 0.1771,
        "swir_b12_reflectance": 0.2506,
        "ndvi": 0.4397,
        "elevation_m": 547.2,
        "slope_deg": 6.6,
        "dist_to_fault_km": 20.86,
        "temp_c": 25.6,
        "rainfall_mm": 9.4,
        "timestamp": "2026-09-07T07:56:51.079660+00:00"
      }
    },
    {
      "type": "Feature",
      "geometry": {
        "type": "Point",
        "coordinates": [
          80.66,
          21.76
        ]
      },
      "properties": {
        "probability": 0.0332,
        "confidence": "low",
        "iron_oxide_index": 0.2881,
        "ferrous_mineral_index": 0.2393,
        "swir_b11_reflectance": 0.1876,
        "swir_b12_reflectance": 0.2013,
        "ndvi": 0.3895,
        "elevation_m": 300.0,
        "slope_deg": 2.4,
        "dist_to_fault_km": 24.45,
        "temp_c": 27.5,
        "rainfall_mm": 6.5,
        "timestamp": "2026-09-07T07:56:51.079660+00:00"
      }
    },
    {
      "type": "Feature",
      "geometry": {
        "type": "Point",
        "coordinates": [
          80.72,
          21.76
        ]
      },
      "properties": {
        "probability": 0.1306,
        "confidence": "low",
        "iron_oxide_index": 0.2846,
        "ferrous_mineral_index": 0.2213,
        "swir_b11_reflectance": 0.1906,
        "swir_b12_reflectance": 0.1874,
        "ndvi": 0.5217,
        "elevation_m": 547.2,
        "slope_deg": 5.5,
        "dist_to_fault_km": 29.14,
        "temp_c": 25.6,
        "rainfall_mm": 9.4,
        "timestamp": "2026-09-07T07:56:51.079660+00:00"
      }
    },
    {
      "type": "Feature",
      "geometry": {
        "type": "Point",
        "coordinates": [
          80.78,
          21.76
        ]
      },
      "properties": {
        "probability": 0.0056,
        "confidence": "low",
        "iron_oxide_index": 0.3212,
        "ferrous_mineral_index": 0.2344,
        "swir_b11_reflectance": 0.1905,
        "swir_b12_reflectance": 0.2233,
        "ndvi": 0.4513,
        "elevation_m": 300.0,
        "slope_deg": 2.0,
        "dist_to_fault_km": 34.48,
        "temp_c": 27.5,
        "rainfall_mm": 6.5,
        "timestamp": "2026-09-07T07:56:51.079660+00:00"
      }
    },
    {
      "type": "Feature",
      "geometry": {
        "type": "Point",
        "coordinates": [
          78.5,
          21.82
        ]
      },
      "properties": {
        "probability": 0.0342,
        "confidence": "low",
        "iron_oxide_index": 0.3296,
        "ferrous_mineral_index": 0.2184,
        "swir_b11_reflectance": 0.1734,
        "swir_b12_reflectance": 0.218,
        "ndvi": 0.4673,
        "elevation_m": 300.0,
        "slope_deg": 4.0,
        "dist_to_fault_km": 80.12,
        "temp_c": 27.5,
        "rainfall_mm": 6.5,
        "timestamp": "2026-09-07T07:56:51.079660+00:00"
      }
    },
    {
      "type": "Feature",
      "geometry": {
        "type": "Point",
        "coordinates": [
          78.56,
          21.82
        ]
      },
      "properties": {
        "probability": 0.0145,
        "confidence": "low",
        "iron_oxide_index": 0.27,
        "ferrous_mineral_index": 0.2179,
        "swir_b11_reflectance": 0.1951,
        "swir_b12_reflectance": 0.2222,
        "ndvi": 0.4423,
        "elevation_m": 300.0,
        "slope_deg": 2.2,
        "dist_to_fault_km": 75.37,
        "temp_c": 27.5,
        "rainfall_mm": 6.5,
        "timestamp": "2026-09-07T07:56:51.079660+00:00"
      }
    },
    {
      "type": "Feature",
      "geometry": {
        "type": "Point",
        "coordinates": [
          78.62,
          21.82
        ]
      },
      "properties": {
        "probability": 0.0238,
        "confidence": "low",
        "iron_oxide_index": 0.3037,
        "ferrous_mineral_index": 0.2383,
        "swir_b11_reflectance": 0.1921,
        "swir_b12_reflectance": 0.1923,
        "ndvi": 0.4369,
        "elevation_m": 300.0,
        "slope_deg": 2.5,
        "dist_to_fault_km": 70.92,
        "temp_c": 27.5,
        "rainfall_mm": 6.5,
        "timestamp": "2026-09-07T07:56:51.079660+00:00"
      }
    },
    {
      "type": "Feature",
      "geometry": {
        "type": "Point",
        "coordinates": [
          78.68,
          21.82
        ]
      },
      "properties": {
        "probability": 0.3129,
        "confidence": "low",
        "iron_oxide_index": 0.2743,
        "ferrous_mineral_index": 0.2187,
        "swir_b11_reflectance": 0.2042,
        "swir_b12_reflectance": 0.2188,
        "ndvi": 0.4621,
        "elevation_m": 637.8,
        "slope_deg": 7.9,
        "dist_to_fault_km": 66.84,
        "temp_c": 25.4,
        "rainfall_mm": 8.9,
        "timestamp": "2026-09-07T07:56:51.079660+00:00"
      }
    },
    {
      "type": "Feature",
      "geometry": {
        "type": "Point",
        "coordinates": [
          78.74,
          21.82
        ]
      },
      "properties": {
        "probability": 0.2747,
        "confidence": "low",
        "iron_oxide_index": 0.3258,
        "ferrous_mineral_index": 0.2187,
        "swir_b11_reflectance": 0.1923,
        "swir_b12_reflectance": 0.2248,
        "ndvi": 0.4309,
        "elevation_m": 637.8,
        "slope_deg": 7.3,
        "dist_to_fault_km": 63.2,
        "temp_c": 25.4,
        "rainfall_mm": 8.9,
        "timestamp": "2026-09-07T07:56:51.079660+00:00"
      }
    },
    {
      "type": "Feature",
      "geometry": {
        "type": "Point",
        "coordinates": [
          78.8,
          21.82
        ]
      },
      "properties": {
        "probability": 0.3659,
        "confidence": "low",
        "iron_oxide_index": 0.2829,
        "ferrous_mineral_index": 0.2099,
        "swir_b11_reflectance": 0.1563,
        "swir_b12_reflectance": 0.2278,
        "ndvi": 0.4397,
        "elevation_m": 637.8,
        "slope_deg": 7.5,
        "dist_to_fault_km": 60.08,
        "temp_c": 25.4,
        "rainfall_mm": 8.9,
        "timestamp": "2026-09-07T07:56:51.079660+00:00"
      }
    },
    {
      "type": "Feature",
      "geometry": {
        "type": "Point",
        "coordinates": [
          78.86,
          21.82
        ]
      },
      "properties": {
        "probability": 0.3918,
        "confidence": "low",
        "iron_oxide_index": 0.3336,
        "ferrous_mineral_index": 0.2287,
        "swir_b11_reflectance": 0.1674,
        "swir_b12_reflectance": 0.2024,
        "ndvi": 0.4419,
        "elevation_m": 637.8,
        "slope_deg": 7.3,
        "dist_to_fault_km": 57.57,
        "temp_c": 25.4,
        "rainfall_mm": 8.9,
        "timestamp": "2026-09-07T07:56:51.079660+00:00"
      }
    },
    {
      "type": "Feature",
      "geometry": {
        "type": "Point",
        "coordinates": [
          78.92,
          21.82
        ]
      },
      "properties": {
        "probability": 0.0116,
        "confidence": "low",
        "iron_oxide_index": 0.3193,
        "ferrous_mineral_index": 0.2638,
        "swir_b11_reflectance": 0.164,
        "swir_b12_reflectance": 0.2183,
        "ndvi": 0.3979,
        "elevation_m": 300.0,
        "slope_deg": 3.0,
        "dist_to_fault_km": 55.74,
        "temp_c": 27.5,
        "rainfall_mm": 6.5,
        "timestamp": "2026-09-07T07:56:51.079660+00:00"
      }
    },
    {
      "type": "Feature",
      "geometry": {
        "type": "Point",
        "coordinates": [
          78.98,
          21.82
        ]
      },
      "properties": {
        "probability": 0.0343,
        "confidence": "low",
        "iron_oxide_index": 0.2823,
        "ferrous_mineral_index": 0.2416,
        "swir_b11_reflectance": 0.1686,
        "swir_b12_reflectance": 0.1918,
        "ndvi": 0.4195,
        "elevation_m": 300.0,
        "slope_deg": 2.8,
        "dist_to_fault_km": 51.74,
        "temp_c": 27.5,
        "rainfall_mm": 6.5,
        "timestamp": "2026-09-07T07:56:51.079660+00:00"
      }
    },
    {
      "type": "Feature",
      "geometry": {
        "type": "Point",
        "coordinates": [
          79.04,
          21.82
        ]
      },
      "properties": {
        "probability": 0.0113,
        "confidence": "low",
        "iron_oxide_index": 0.3095,
        "ferrous_mineral_index": 0.2373,
        "swir_b11_reflectance": 0.1686,
        "swir_b12_reflectance": 0.2427,
        "ndvi": 0.4324,
        "elevation_m": 300.0,
        "slope_deg": 3.3,
        "dist_to_fault_km": 48.19,
        "temp_c": 27.5,
        "rainfall_mm": 6.5,
        "timestamp": "2026-09-07T07:56:51.079660+00:00"
      }
    },
    {
      "type": "Feature",
      "geometry": {
        "type": "Point",
        "coordinates": [
          79.1,
          21.82
        ]
      },
      "properties": {
        "probability": 0.0222,
        "confidence": "low",
        "iron_oxide_index": 0.3295,
        "ferrous_mineral_index": 0.2176,
        "swir_b11_reflectance": 0.1653,
        "swir_b12_reflectance": 0.2181,
        "ndvi": 0.4827,
        "elevation_m": 557.7,
        "slope_deg": 6.6,
        "dist_to_fault_km": 45.35,
        "temp_c": 25.8,
        "rainfall_mm": 9.2,
        "timestamp": "2026-09-07T07:56:51.079660+00:00"
      }
    },
    {
      "type": "Feature",
      "geometry": {
        "type": "Point",
        "coordinates": [
          79.16,
          21.82
        ]
      },
      "properties": {
        "probability": 0.0104,
        "confidence": "low",
        "iron_oxide_index": 0.3056,
        "ferrous_mineral_index": 0.2365,
        "swir_b11_reflectance": 0.1693,
        "swir_b12_reflectance": 0.2157,
        "ndvi": 0.4395,
        "elevation_m": 557.7,
        "slope_deg": 6.3,
        "dist_to_fault_km": 43.35,
        "temp_c": 25.8,
        "rainfall_mm": 9.2,
        "timestamp": "2026-09-07T07:56:51.079660+00:00"
      }
    },
    {
      "type": "Feature",
      "geometry": {
        "type": "Point",
        "coordinates": [
          79.22,
          21.82
        ]
      },
      "properties": {
        "probability": 0.0666,
        "confidence": "low",
        "iron_oxide_index": 0.2851,
        "ferrous_mineral_index": 0.2175,
        "swir_b11_reflectance": 0.1619,
        "swir_b12_reflectance": 0.1883,
        "ndvi": 0.4847,
        "elevation_m": 557.7,
        "slope_deg": 7.6,
        "dist_to_fault_km": 42.31,
        "temp_c": 25.8,
        "rainfall_mm": 9.2,
        "timestamp": "2026-09-07T07:56:51.079660+00:00"
      }
    },
    {
      "type": "Feature",
      "geometry": {
        "type": "Point",
        "coordinates": [
          79.28,
          21.82
        ]
      },
      "properties": {
        "probability": 0.0378,
        "confidence": "low",
        "iron_oxide_index": 0.3124,
        "ferrous_mineral_index": 0.2388,
        "swir_b11_reflectance": 0.1629,
        "swir_b12_reflectance": 0.2164,
        "ndvi": 0.4798,
        "elevation_m": 557.7,
        "slope_deg": 6.6,
        "dist_to_fault_km": 42.31,
        "temp_c": 25.8,
        "rainfall_mm": 9.2,
        "timestamp": "2026-09-07T07:56:51.079660+00:00"
      }
    },
    {
      "type": "Feature",
      "geometry": {
        "type": "Point",
        "coordinates": [
          79.34,
          21.82
        ]
      },
      "properties": {
        "probability": 0.0744,
        "confidence": "low",
        "iron_oxide_index": 0.2926,
        "ferrous_mineral_index": 0.1991,
        "swir_b11_reflectance": 0.1595,
        "swir_b12_reflectance": 0.2037,
        "ndvi": 0.3726,
        "elevation_m": 300.0,
        "slope_deg": 3.0,
        "dist_to_fault_km": 43.35,
        "temp_c": 27.5,
        "rainfall_mm": 6.5,
        "timestamp": "2026-09-07T07:56:51.079660+00:00"
      }
    },
    {
      "type": "Feature",
      "geometry": {
        "type": "Point",
        "coordinates": [
          79.4,
          21.82
        ]
      },
      "properties": {
        "probability": 0.043,
        "confidence": "low",
        "iron_oxide_index": 0.314,
        "ferrous_mineral_index": 0.2202,
        "swir_b11_reflectance": 0.2141,
        "swir_b12_reflectance": 0.2117,
        "ndvi": 0.4428,
        "elevation_m": 557.7,
        "slope_deg": 6.7,
        "dist_to_fault_km": 45.35,
        "temp_c": 25.8,
        "rainfall_mm": 9.2,
        "timestamp": "2026-09-07T07:56:51.079660+00:00"
      }
    },
    {
      "type": "Feature",
      "geometry": {
        "type": "Point",
        "coordinates": [
          79.46,
          21.82
        ]
      },
      "properties": {
        "probability": 0.018,
        "confidence": "low",
        "iron_oxide_index": 0.2589,
        "ferrous_mineral_index": 0.2509,
        "swir_b11_reflectance": 0.1715,
        "swir_b12_reflectance": 0.2373,
        "ndvi": 0.4699,
        "elevation_m": 300.0,
        "slope_deg": 2.7,
        "dist_to_fault_km": 44.95,
        "temp_c": 27.5,
        "rainfall_mm": 6.5,
        "timestamp": "2026-09-07T07:56:51.079660+00:00"
      }
    },
    {
      "type": "Feature",
      "geometry": {
        "type": "Point",
        "coordinates": [
          79.52,
          21.82
        ]
      },
      "properties": {
        "probability": 0.1024,
        "confidence": "low",
        "iron_oxide_index": 0.3201,
        "ferrous_mineral_index": 0.1986,
        "swir_b11_reflectance": 0.1653,
        "swir_b12_reflectance": 0.216,
        "ndvi": 0.487,
        "elevation_m": 557.7,
        "slope_deg": 6.7,
        "dist_to_fault_km": 41.71,
        "temp_c": 25.8,
        "rainfall_mm": 9.2,
        "timestamp": "2026-09-07T07:56:51.079660+00:00"
      }
    },
    {
      "type": "Feature",
      "geometry": {
        "type": "Point",
        "coordinates": [
          79.58,
          21.82
        ]
      },
      "properties": {
        "probability": 0.0167,
        "confidence": "low",
        "iron_oxide_index": 0.3318,
        "ferrous_mineral_index": 0.2183,
        "swir_b11_reflectance": 0.1883,
        "swir_b12_reflectance": 0.2104,
        "ndvi": 0.4236,
        "elevation_m": 557.7,
        "slope_deg": 6.6,
        "dist_to_fault_km": 39.34,
        "temp_c": 25.8,
        "rainfall_mm": 9.2,
        "timestamp": "2026-09-07T07:56:51.079660+00:00"
      }
    },
    {
      "type": "Feature",
      "geometry": {
        "type": "Point",
        "coordinates": [
          79.64,
          21.82
        ]
      },
      "properties": {
        "probability": 0.0389,
        "confidence": "low",
        "iron_oxide_index": 0.3253,
        "ferrous_mineral_index": 0.2374,
        "swir_b11_reflectance": 0.1581,
        "swir_b12_reflectance": 0.2202,
        "ndvi": 0.5284,
        "elevation_m": 300.0,
        "slope_deg": 3.6,
        "dist_to_fault_km": 38.0,
        "temp_c": 27.5,
        "rainfall_mm": 6.5,
        "timestamp": "2026-09-07T07:56:51.079660+00:00"
      }
    },
    {
      "type": "Feature",
      "geometry": {
        "type": "Point",
        "coordinates": [
          79.7,
          21.82
        ]
      },
      "properties": {
        "probability": 0.0035,
        "confidence": "low",
        "iron_oxide_index": 0.3212,
        "ferrous_mineral_index": 0.2331,
        "swir_b11_reflectance": 0.1675,
        "swir_b12_reflectance": 0.2212,
        "ndvi": 0.4398,
        "elevation_m": 469.5,
        "slope_deg": 3.8,
        "dist_to_fault_km": 37.8,
        "temp_c": 26.2,
        "rainfall_mm": 9.7,
        "timestamp": "2026-09-07T07:56:51.079660+00:00"
      }
    },
    {
      "type": "Feature",
      "geometry": {
        "type": "Point",
        "coordinates": [
          79.76,
          21.82
        ]
      },
      "properties": {
        "probability": 0.001,
        "confidence": "low",
        "iron_oxide_index": 0.3142,
        "ferrous_mineral_index": 0.247,
        "swir_b11_reflectance": 0.1565,
        "swir_b12_reflectance": 0.2148,
        "ndvi": 0.4544,
        "elevation_m": 300.0,
        "slope_deg": 2.8,
        "dist_to_fault_km": 38.77,
        "temp_c": 27.5,
        "rainfall_mm": 6.5,
        "timestamp": "2026-09-07T07:56:51.079660+00:00"
      }
    },
    {
      "type": "Feature",
      "geometry": {
        "type": "Point",
        "coordinates": [
          79.82,
          21.82
        ]
      },
      "properties": {
        "probability": 0.001,
        "confidence": "low",
        "iron_oxide_index": 0.2969,
        "ferrous_mineral_index": 0.2219,
        "swir_b11_reflectance": 0.1544,
        "swir_b12_reflectance": 0.2215,
        "ndvi": 0.4811,
        "elevation_m": 469.5,
        "slope_deg": 6.2,
        "dist_to_fault_km": 40.81,
        "temp_c": 26.2,
        "rainfall_mm": 9.7,
        "timestamp": "2026-09-07T07:56:51.079660+00:00"
      }
    },
    {
      "type": "Feature",
      "geometry": {
        "type": "Point",
        "coordinates": [
          79.88,
          21.82
        ]
      },
      "properties": {
        "probability": 0.0242,
        "confidence": "low",
        "iron_oxide_index": 0.294,
        "ferrous_mineral_index": 0.1963,
        "swir_b11_reflectance": 0.1536,
        "swir_b12_reflectance": 0.2011,
        "ndvi": 0.4254,
        "elevation_m": 300.0,
        "slope_deg": 2.6,
        "dist_to_fault_km": 34.43,
        "temp_c": 27.5,
        "rainfall_mm": 6.5,
        "timestamp": "2026-09-07T07:56:51.079660+00:00"
      }
    },
    {
      "type": "Feature",
      "geometry": {
        "type": "Point",
        "coordinates": [
          79.94,
          21.82
        ]
      },
      "properties": {
        "probability": 0.0106,
        "confidence": "low",
        "iron_oxide_index": 0.3081,
        "ferrous_mineral_index": 0.2262,
        "swir_b11_reflectance": 0.1552,
        "swir_b12_reflectance": 0.238,
        "ndvi": 0.4555,
        "elevation_m": 469.5,
        "slope_deg": 4.5,
        "dist_to_fault_km": 27.77,
        "temp_c": 26.2,
        "rainfall_mm": 9.7,
        "timestamp": "2026-09-07T07:56:51.079660+00:00"
      }
    },
    {
      "type": "Feature",
      "geometry": {
        "type": "Point",
        "coordinates": [
          80.0,
          21.82
        ]
      },
      "properties": {
        "probability": 0.0058,
        "confidence": "low",
        "iron_oxide_index": 0.3064,
        "ferrous_mineral_index": 0.2024,
        "swir_b11_reflectance": 0.1749,
        "swir_b12_reflectance": 0.2283,
        "ndvi": 0.4729,
        "elevation_m": 469.5,
        "slope_deg": 4.5,
        "dist_to_fault_km": 21.12,
        "temp_c": 26.2,
        "rainfall_mm": 9.7,
        "timestamp": "2026-09-07T07:56:51.079660+00:00"
      }
    },
    {
      "type": "Feature",
      "geometry": {
        "type": "Point",
        "coordinates": [
          80.06,
          21.82
        ]
      },
      "properties": {
        "probability": 0.0101,
        "confidence": "low",
        "iron_oxide_index": 0.3206,
        "ferrous_mineral_index": 0.2491,
        "swir_b11_reflectance": 0.1793,
        "swir_b12_reflectance": 0.2045,
        "ndvi": 0.4326,
        "elevation_m": 469.5,
        "slope_deg": 4.0,
        "dist_to_fault_km": 14.47,
        "temp_c": 26.2,
        "rainfall_mm": 9.7,
        "timestamp": "2026-09-07T07:56:51.079660+00:00"
      }
    },
    {
      "type": "Feature",
      "geometry": {
        "type": "Point",
        "coordinates": [
          80.12,
          21.82
        ]
      },
      "properties": {
        "probability": 0.44,
        "confidence": "low",
        "iron_oxide_index": 0.5155,
        "ferrous_mineral_index": 0.379,
        "swir_b11_reflectance": 0.3379,
        "swir_b12_reflectance": 0.3991,
        "ndvi": 0.3656,
        "elevation_m": 469.5,
        "slope_deg": 10.1,
        "dist_to_fault_km": 7.85,
        "temp_c": 26.2,
        "rainfall_mm": 9.7,
        "timestamp": "2026-09-07T07:56:51.079660+00:00"
      }
    },
    {
      "type": "Feature",
      "geometry": {
        "type": "Point",
        "coordinates": [
          80.18,
          21.82
        ]
      },
      "properties": {
        "probability": 1.0,
        "confidence": "high",
        "iron_oxide_index": 0.7337,
        "ferrous_mineral_index": 0.5745,
        "swir_b11_reflectance": 0.4358,
        "swir_b12_reflectance": 0.4822,
        "ndvi": 0.3679,
        "elevation_m": 469.5,
        "slope_deg": 12.9,
        "dist_to_fault_km": 1.57,
        "temp_c": 26.2,
        "rainfall_mm": 9.7,
        "timestamp": "2026-09-07T07:56:51.079660+00:00"
      }
    },
    {
      "type": "Feature",
      "geometry": {
        "type": "Point",
        "coordinates": [
          80.24,
          21.82
        ]
      },
      "properties": {
        "probability": 0.985,
        "confidence": "high",
        "iron_oxide_index": 0.6046,
        "ferrous_mineral_index": 0.4872,
        "swir_b11_reflectance": 0.3795,
        "swir_b12_reflectance": 0.4234,
        "ndvi": 0.3629,
        "elevation_m": 300.0,
        "slope_deg": 8.8,
        "dist_to_fault_km": 4.96,
        "temp_c": 27.5,
        "rainfall_mm": 6.5,
        "timestamp": "2026-09-07T07:56:51.079660+00:00"
      }
    },
    {
      "type": "Feature",
      "geometry": {
        "type": "Point",
        "coordinates": [
          80.3,
          21.82
        ]
      },
      "properties": {
        "probability": 0.985,
        "confidence": "high",
        "iron_oxide_index": 0.6046,
        "ferrous_mineral_index": 0.4446,
        "swir_b11_reflectance": 0.368,
        "swir_b12_reflectance": 0.4075,
        "ndvi": 0.3876,
        "elevation_m": 300.0,
        "slope_deg": 8.5,
        "dist_to_fault_km": 6.28,
        "temp_c": 27.5,
        "rainfall_mm": 6.5,
        "timestamp": "2026-09-07T07:56:51.079660+00:00"
      }
    },
    {
      "type": "Feature",
      "geometry": {
        "type": "Point",
        "coordinates": [
          80.36,
          21.82
        ]
      },
      "properties": {
        "probability": 0.0178,
        "confidence": "low",
        "iron_oxide_index": 0.3741,
        "ferrous_mineral_index": 0.3124,
        "swir_b11_reflectance": 0.2046,
        "swir_b12_reflectance": 0.2698,
        "ndvi": 0.4922,
        "elevation_m": 300.0,
        "slope_deg": 5.0,
        "dist_to_fault_km": 11.96,
        "temp_c": 27.5,
        "rainfall_mm": 6.5,
        "timestamp": "2026-09-07T07:56:51.079660+00:00"
      }
    },
    {
      "type": "Feature",
      "geometry": {
        "type": "Point",
        "coordinates": [
          80.42,
          21.82
        ]
      },
      "properties": {
        "probability": 0.0154,
        "confidence": "low",
        "iron_oxide_index": 0.3005,
        "ferrous_mineral_index": 0.2396,
        "swir_b11_reflectance": 0.1927,
        "swir_b12_reflectance": 0.2216,
        "ndvi": 0.4434,
        "elevation_m": 547.2,
        "slope_deg": 6.4,
        "dist_to_fault_km": 16.5,
        "temp_c": 25.6,
        "rainfall_mm": 9.4,
        "timestamp": "2026-09-07T07:56:51.079660+00:00"
      }
    },
    {
      "type": "Feature",
      "geometry": {
        "type": "Point",
        "coordinates": [
          80.48,
          21.82
        ]
      },
      "properties": {
        "probability": 0.0017,
        "confidence": "low",
        "iron_oxide_index": 0.372,
        "ferrous_mineral_index": 0.259,
        "swir_b11_reflectance": 0.2082,
        "swir_b12_reflectance": 0.2549,
        "ndvi": 0.4116,
        "elevation_m": 300.0,
        "slope_deg": 3.8,
        "dist_to_fault_km": 12.99,
        "temp_c": 27.5,
        "rainfall_mm": 6.5,
        "timestamp": "2026-09-07T07:56:51.079660+00:00"
      }
    },
    {
      "type": "Feature",
      "geometry": {
        "type": "Point",
        "coordinates": [
          80.54,
          21.82
        ]
      },
      "properties": {
        "probability": 0.0059,
        "confidence": "low",
        "iron_oxide_index": 0.3816,
        "ferrous_mineral_index": 0.2613,
        "swir_b11_reflectance": 0.2538,
        "swir_b12_reflectance": 0.2701,
        "ndvi": 0.4693,
        "elevation_m": 547.2,
        "slope_deg": 8.0,
        "dist_to_fault_km": 12.41,
        "temp_c": 25.6,
        "rainfall_mm": 9.4,
        "timestamp": "2026-09-07T07:56:51.079660+00:00"
      }
    },
    {
      "type": "Feature",
      "geometry": {
        "type": "Point",
        "coordinates": [
          80.6,
          21.82
        ]
      },
      "properties": {
        "probability": 0.0383,
        "confidence": "low",
        "iron_oxide_index": 0.2854,
        "ferrous_mineral_index": 0.1759,
        "swir_b11_reflectance": 0.1918,
        "swir_b12_reflectance": 0.2131,
        "ndvi": 0.4654,
        "elevation_m": 300.0,
        "slope_deg": 2.8,
        "dist_to_fault_km": 15.1,
        "temp_c": 27.5,
        "rainfall_mm": 6.5,
        "timestamp": "2026-09-07T07:56:51.079660+00:00"
      }
    },
    {
      "type": "Feature",
      "geometry": {
        "type": "Point",
        "coordinates": [
          80.66,
          21.82
        ]
      },
      "properties": {
        "probability": 0.0117,
        "confidence": "low",
        "iron_oxide_index": 0.2807,
        "ferrous_mineral_index": 0.2138,
        "swir_b11_reflectance": 0.1697,
        "swir_b12_reflectance": 0.2283,
        "ndvi": 0.4461,
        "elevation_m": 547.2,
        "slope_deg": 7.3,
        "dist_to_fault_km": 19.76,
        "temp_c": 25.6,
        "rainfall_mm": 9.4,
        "timestamp": "2026-09-07T07:56:51.079660+00:00"
      }
    },
    {
      "type": "Feature",
      "geometry": {
        "type": "Point",
        "coordinates": [
          80.72,
          21.82
        ]
      },
      "properties": {
        "probability": 0.0302,
        "confidence": "low",
        "iron_oxide_index": 0.2917,
        "ferrous_mineral_index": 0.1943,
        "swir_b11_reflectance": 0.2113,
        "swir_b12_reflectance": 0.2241,
        "ndvi": 0.4231,
        "elevation_m": 547.2,
        "slope_deg": 6.4,
        "dist_to_fault_km": 25.34,
        "temp_c": 25.6,
        "rainfall_mm": 9.4,
        "timestamp": "2026-09-07T07:56:51.079660+00:00"
      }
    },
    {
      "type": "Feature",
      "geometry": {
        "type": "Point",
        "coordinates": [
          80.78,
          21.82
        ]
      },
      "properties": {
        "probability": 0.0279,
        "confidence": "low",
        "iron_oxide_index": 0.3455,
        "ferrous_mineral_index": 0.207,
        "swir_b11_reflectance": 0.178,
        "swir_b12_reflectance": 0.2166,
        "ndvi": 0.4424,
        "elevation_m": 547.2,
        "slope_deg": 6.8,
        "dist_to_fault_km": 31.34,
        "temp_c": 25.6,
        "rainfall_mm": 9.4,
        "timestamp": "2026-09-07T07:56:51.079660+00:00"
      }
    },
    {
      "type": "Feature",
      "geometry": {
        "type": "Point",
        "coordinates": [
          78.5,
          21.88
        ]
      },
      "properties": {
        "probability": 0.4832,
        "confidence": "medium",
        "iron_oxide_index": 0.3159,
        "ferrous_mineral_index": 0.1838,
        "swir_b11_reflectance": 0.1757,
        "swir_b12_reflectance": 0.2149,
        "ndvi": 0.4828,
        "elevation_m": 637.8,
        "slope_deg": 7.3,
        "dist_to_fault_km": 84.78,
        "temp_c": 25.4,
        "rainfall_mm": 8.9,
        "timestamp": "2026-09-07T07:56:51.079660+00:00"
      }
    },
    {
      "type": "Feature",
      "geometry": {
        "type": "Point",
        "coordinates": [
          78.56,
          21.88
        ]
      },
      "properties": {
        "probability": 0.3185,
        "confidence": "low",
        "iron_oxide_index": 0.2984,
        "ferrous_mineral_index": 0.1863,
        "swir_b11_reflectance": 0.1701,
        "swir_b12_reflectance": 0.196,
        "ndvi": 0.4675,
        "elevation_m": 637.8,
        "slope_deg": 8.8,
        "dist_to_fault_km": 80.3,
        "temp_c": 25.4,
        "rainfall_mm": 8.9,
        "timestamp": "2026-09-07T07:56:51.079660+00:00"
      }
    },
    {
      "type": "Feature",
      "geometry": {
        "type": "Point",
        "coordinates": [
          78.62,
          21.88
        ]
      },
      "properties": {
        "probability": 0.0031,
        "confidence": "low",
        "iron_oxide_index": 0.2791,
        "ferrous_mineral_index": 0.2398,
        "swir_b11_reflectance": 0.174,
        "swir_b12_reflectance": 0.218,
        "ndvi": 0.4271,
        "elevation_m": 300.0,
        "slope_deg": 2.8,
        "dist_to_fault_km": 76.15,
        "temp_c": 27.5,
        "rainfall_mm": 6.5,
        "timestamp": "2026-09-07T07:56:51.079660+00:00"
      }
    },
    {
      "type": "Feature",
      "geometry": {
        "type": "Point",
        "coordinates": [
          78.68,
          21.88
        ]
      },
      "properties": {
        "probability": 0.3921,
        "confidence": "low",
        "iron_oxide_index": 0.2974,
        "ferrous_mineral_index": 0.21,
        "swir_b11_reflectance": 0.1662,
        "swir_b12_reflectance": 0.2471,
        "ndvi": 0.5106,
        "elevation_m": 637.8,
        "slope_deg": 8.4,
        "dist_to_fault_km": 72.36,
        "temp_c": 25.4,
        "rainfall_mm": 8.9,
        "timestamp": "2026-09-07T07:56:51.079660+00:00"
      }
    },
    {
      "type": "Feature",
      "geometry": {
        "type": "Point",
        "coordinates": [
          78.74,
          21.88
        ]
      },
      "properties": {
        "probability": 0.0154,
        "confidence": "low",
        "iron_oxide_index": 0.3342,
        "ferrous_mineral_index": 0.2328,
        "swir_b11_reflectance": 0.1721,
        "swir_b12_reflectance": 0.2203,
        "ndvi": 0.4239,
        "elevation_m": 300.0,
        "slope_deg": 3.3,
        "dist_to_fault_km": 69.02,
        "temp_c": 27.5,
        "rainfall_mm": 6.5,
        "timestamp": "2026-09-07T07:56:51.079660+00:00"
      }
    },
    {
      "type": "Feature",
      "geometry": {
        "type": "Point",
        "coordinates": [
          78.8,
          21.88
        ]
      },
      "properties": {
        "probability": 0.6226,
        "confidence": "medium",
        "iron_oxide_index": 0.2809,
        "ferrous_mineral_index": 0.2073,
        "swir_b11_reflectance": 0.1699,
        "swir_b12_reflectance": 0.2045,
        "ndvi": 0.4884,
        "elevation_m": 637.8,
        "slope_deg": 8.0,
        "dist_to_fault_km": 66.17,
        "temp_c": 25.4,
        "rainfall_mm": 8.9,
        "timestamp": "2026-09-07T07:56:51.079660+00:00"
      }
    },
    {
      "type": "Feature",
      "geometry": {
        "type": "Point",
        "coordinates": [
          78.86,
          21.88
        ]
      },
      "properties": {
        "probability": 0.242,
        "confidence": "low",
        "iron_oxide_index": 0.3238,
        "ferrous_mineral_index": 0.1942,
        "swir_b11_reflectance": 0.1615,
        "swir_b12_reflectance": 0.2452,
        "ndvi": 0.4357,
        "elevation_m": 637.8,
        "slope_deg": 8.5,
        "dist_to_fault_km": 63.9,
        "temp_c": 25.4,
        "rainfall_mm": 8.9,
        "timestamp": "2026-09-07T07:56:51.079660+00:00"
      }
    },
    {
      "type": "Feature",
      "geometry": {
        "type": "Point",
        "coordinates": [
          78.92,
          21.88
        ]
      },
      "properties": {
        "probability": 0.4014,
        "confidence": "low",
        "iron_oxide_index": 0.3305,
        "ferrous_mineral_index": 0.2241,
        "swir_b11_reflectance": 0.1777,
        "swir_b12_reflectance": 0.206,
        "ndvi": 0.5216,
        "elevation_m": 637.8,
        "slope_deg": 6.8,
        "dist_to_fault_km": 61.05,
        "temp_c": 25.4,
        "rainfall_mm": 8.9,
        "timestamp": "2026-09-07T07:56:51.079660+00:00"
      }
    },
    {
      "type": "Feature",
      "geometry": {
        "type": "Point",
        "coordinates": [
          78.98,
          21.88
        ]
      },
      "properties": {
        "probability": 0.3706,
        "confidence": "low",
        "iron_oxide_index": 0.3079,
        "ferrous_mineral_index": 0.2254,
        "swir_b11_reflectance": 0.1773,
        "swir_b12_reflectance": 0.2044,
        "ndvi": 0.4534,
        "elevation_m": 637.8,
        "slope_deg": 7.7,
        "dist_to_fault_km": 57.3,
        "temp_c": 25.4,
        "rainfall_mm": 8.9,
        "timestamp": "2026-09-07T07:56:51.079660+00:00"
      }
    },
    {
      "type": "Feature",
      "geometry": {
        "type": "Point",
        "coordinates": [
          79.04,
          21.88
        ]
      },
      "properties": {
        "probability": 0.3832,
        "confidence": "low",
        "iron_oxide_index": 0.3033,
        "ferrous_mineral_index": 0.2228,
        "swir_b11_reflectance": 0.1698,
        "swir_b12_reflectance": 0.211,
        "ndvi": 0.4837,
        "elevation_m": 637.8,
        "slope_deg": 7.6,
        "dist_to_fault_km": 54.12,
        "temp_c": 25.4,
        "rainfall_mm": 8.9,
        "timestamp": "2026-09-07T07:56:51.079660+00:00"
      }
    },
    {
      "type": "Feature",
      "geometry": {
        "type": "Point",
        "coordinates": [
          79.1,
          21.88
        ]
      },
      "properties": {
        "probability": 0.042,
        "confidence": "low",
        "iron_oxide_index": 0.286,
        "ferrous_mineral_index": 0.1532,
        "swir_b11_reflectance": 0.1602,
        "swir_b12_reflectance": 0.2217,
        "ndvi": 0.4918,
        "elevation_m": 300.0,
        "slope_deg": 2.5,
        "dist_to_fault_km": 51.6,
        "temp_c": 27.5,
        "rainfall_mm": 6.5,
        "timestamp": "2026-09-07T07:56:51.079660+00:00"
      }
    },
    {
      "type": "Feature",
      "geometry": {
        "type": "Point",
        "coordinates": [
          79.16,
          21.88
        ]
      },
      "properties": {
        "probability": 0.0763,
        "confidence": "low",
        "iron_oxide_index": 0.3343,
        "ferrous_mineral_index": 0.1994,
        "swir_b11_reflectance": 0.1938,
        "swir_b12_reflectance": 0.2222,
        "ndvi": 0.4799,
        "elevation_m": 557.7,
        "slope_deg": 5.9,
        "dist_to_fault_km": 49.85,
        "temp_c": 25.8,
        "rainfall_mm": 9.2,
        "timestamp": "2026-09-07T07:56:51.079660+00:00"
      }
    },
    {
      "type": "Feature",
      "geometry": {
        "type": "Point",
        "coordinates": [
          79.22,
          21.88
        ]
      },
      "properties": {
        "probability": 0.0039,
        "confidence": "low",
        "iron_oxide_index": 0.2999,
        "ferrous_mineral_index": 0.2249,
        "swir_b11_reflectance": 0.1558,
        "swir_b12_reflectance": 0.2231,
        "ndvi": 0.4291,
        "elevation_m": 557.7,
        "slope_deg": 7.5,
        "dist_to_fault_km": 48.95,
        "temp_c": 25.8,
        "rainfall_mm": 9.2,
        "timestamp": "2026-09-07T07:56:51.079660+00:00"
      }
    },
    {
      "type": "Feature",
      "geometry": {
        "type": "Point",
        "coordinates": [
          79.28,
          21.88
        ]
      },
      "properties": {
        "probability": 0.0805,
        "confidence": "low",
        "iron_oxide_index": 0.3255,
        "ferrous_mineral_index": 0.2016,
        "swir_b11_reflectance": 0.1614,
        "swir_b12_reflectance": 0.2014,
        "ndvi": 0.4487,
        "elevation_m": 557.7,
        "slope_deg": 6.5,
        "dist_to_fault_km": 48.95,
        "temp_c": 25.8,
        "rainfall_mm": 9.2,
        "timestamp": "2026-09-07T07:56:51.079660+00:00"
      }
    },
    {
      "type": "Feature",
      "geometry": {
        "type": "Point",
        "coordinates": [
          79.34,
          21.88
        ]
      },
      "properties": {
        "probability": 0.0174,
        "confidence": "low",
        "iron_oxide_index": 0.3179,
        "ferrous_mineral_index": 0.2328,
        "swir_b11_reflectance": 0.2036,
        "swir_b12_reflectance": 0.2511,
        "ndvi": 0.4072,
        "elevation_m": 557.7,
        "slope_deg": 7.4,
        "dist_to_fault_km": 48.89,
        "temp_c": 25.8,
        "rainfall_mm": 9.2,
        "timestamp": "2026-09-07T07:56:51.079660+00:00"
      }
    },
    {
      "type": "Feature",
      "geometry": {
        "type": "Point",
        "coordinates": [
          79.4,
          21.88
        ]
      },
      "properties": {
        "probability": 0.1063,
        "confidence": "low",
        "iron_oxide_index": 0.3448,
        "ferrous_mineral_index": 0.1992,
        "swir_b11_reflectance": 0.1754,
        "swir_b12_reflectance": 0.195,
        "ndvi": 0.4765,
        "elevation_m": 557.7,
        "slope_deg": 6.2,
        "dist_to_fault_km": 43.95,
        "temp_c": 25.8,
        "rainfall_mm": 9.2,
        "timestamp": "2026-09-07T07:56:51.079660+00:00"
      }
    },
    {
      "type": "Feature",
      "geometry": {
        "type": "Point",
        "coordinates": [
          79.46,
          21.88
        ]
      },
      "properties": {
        "probability": 0.025,
        "confidence": "low",
        "iron_oxide_index": 0.2763,
        "ferrous_mineral_index": 0.2247,
        "swir_b11_reflectance": 0.1475,
        "swir_b12_reflectance": 0.24,
        "ndvi": 0.435,
        "elevation_m": 557.7,
        "slope_deg": 6.2,
        "dist_to_fault_km": 39.53,
        "temp_c": 25.8,
        "rainfall_mm": 9.2,
        "timestamp": "2026-09-07T07:56:51.079660+00:00"
      }
    },
    {
      "type": "Feature",
      "geometry": {
        "type": "Point",
        "coordinates": [
          79.52,
          21.88
        ]
      },
      "properties": {
        "probability": 0.0071,
        "confidence": "low",
        "iron_oxide_index": 0.3202,
        "ferrous_mineral_index": 0.2284,
        "swir_b11_reflectance": 0.1609,
        "swir_b12_reflectance": 0.2266,
        "ndvi": 0.4164,
        "elevation_m": 557.7,
        "slope_deg": 5.7,
        "dist_to_fault_km": 35.8,
        "temp_c": 25.8,
        "rainfall_mm": 9.2,
        "timestamp": "2026-09-07T07:56:51.079660+00:00"
      }
    },
    {
      "type": "Feature",
      "geometry": {
        "type": "Point",
        "coordinates": [
          79.58,
          21.88
        ]
      },
      "properties": {
        "probability": 0.0127,
        "confidence": "low",
        "iron_oxide_index": 0.3099,
        "ferrous_mineral_index": 0.2389,
        "swir_b11_reflectance": 0.1812,
        "swir_b12_reflectance": 0.2147,
        "ndvi": 0.4057,
        "elevation_m": 557.7,
        "slope_deg": 7.3,
        "dist_to_fault_km": 33.0,
        "temp_c": 25.8,
        "rainfall_mm": 9.2,
        "timestamp": "2026-09-07T07:56:51.079660+00:00"
      }
    },
    {
      "type": "Feature",
      "geometry": {
        "type": "Point",
        "coordinates": [
          79.64,
          21.88
        ]
      },
      "properties": {
        "probability": 0.0098,
        "confidence": "low",
        "iron_oxide_index": 0.3182,
        "ferrous_mineral_index": 0.2398,
        "swir_b11_reflectance": 0.1723,
        "swir_b12_reflectance": 0.2091,
        "ndvi": 0.4522,
        "elevation_m": 300.0,
        "slope_deg": 2.8,
        "dist_to_fault_km": 31.4,
        "temp_c": 27.5,
        "rainfall_mm": 6.5,
        "timestamp": "2026-09-07T07:56:51.079660+00:00"
      }
    },
    {
      "type": "Feature",
      "geometry": {
        "type": "Point",
        "coordinates": [
          79.7,
          21.88
        ]
      },
      "properties": {
        "probability": 0.0006,
        "confidence": "low",
        "iron_oxide_index": 0.2752,
        "ferrous_mineral_index": 0.2405,
        "swir_b11_reflectance": 0.147,
        "swir_b12_reflectance": 0.2198,
        "ndvi": 0.4132,
        "elevation_m": 300.0,
        "slope_deg": 2.3,
        "dist_to_fault_km": 31.16,
        "temp_c": 27.5,
        "rainfall_mm": 6.5,
        "timestamp": "2026-09-07T07:56:51.079660+00:00"
      }
    },
    {
      "type": "Feature",
      "geometry": {
        "type": "Point",
        "coordinates": [
          79.76,
          21.88
        ]
      },
      "properties": {
        "probability": 0.0923,
        "confidence": "low",
        "iron_oxide_index": 0.3125,
        "ferrous_mineral_index": 0.2215,
        "swir_b11_reflectance": 0.1694,
        "swir_b12_reflectance": 0.2093,
        "ndvi": 0.3771,
        "elevation_m": 300.0,
        "slope_deg": 3.4,
        "dist_to_fault_km": 32.32,
        "temp_c": 27.5,
        "rainfall_mm": 6.5,
        "timestamp": "2026-09-07T07:56:51.079660+00:00"
      }
    },
    {
      "type": "Feature",
      "geometry": {
        "type": "Point",
        "coordinates": [
          79.82,
          21.88
        ]
      },
      "properties": {
        "probability": 0.0482,
        "confidence": "low",
        "iron_oxide_index": 0.276,
        "ferrous_mineral_index": 0.1753,
        "swir_b11_reflectance": 0.1562,
        "swir_b12_reflectance": 0.2369,
        "ndvi": 0.4886,
        "elevation_m": 300.0,
        "slope_deg": 2.2,
        "dist_to_fault_km": 34.75,
        "temp_c": 27.5,
        "rainfall_mm": 6.5,
        "timestamp": "2026-09-07T07:56:51.079660+00:00"
      }
    },
    {
      "type": "Feature",
      "geometry": {
        "type": "Point",
        "coordinates": [
          79.88,
          21.88
        ]
      },
      "properties": {
        "probability": 0.0109,
        "confidence": "low",
        "iron_oxide_index": 0.2808,
        "ferrous_mineral_index": 0.2504,
        "swir_b11_reflectance": 0.1696,
        "swir_b12_reflectance": 0.2208,
        "ndvi": 0.4702,
        "elevation_m": 300.0,
        "slope_deg": 2.5,
        "dist_to_fault_km": 34.85,
        "temp_c": 27.5,
        "rainfall_mm": 6.5,
        "timestamp": "2026-09-07T07:56:51.079660+00:00"
      }
    },
    {
      "type": "Feature",
      "geometry": {
        "type": "Point",
        "coordinates": [
          79.94,
          21.88
        ]
      },
      "properties": {
        "probability": 0.017,
        "confidence": "low",
        "iron_oxide_index": 0.3138,
        "ferrous_mineral_index": 0.2528,
        "swir_b11_reflectance": 0.162,
        "swir_b12_reflectance": 0.2419,
        "ndvi": 0.4858,
        "elevation_m": 300.0,
        "slope_deg": 2.0,
        "dist_to_fault_km": 28.3,
        "temp_c": 27.5,
        "rainfall_mm": 6.5,
        "timestamp": "2026-09-07T07:56:51.079660+00:00"
      }
    },
    {
      "type": "Feature",
      "geometry": {
        "type": "Point",
        "coordinates": [
          80.0,
          21.88
        ]
      },
      "properties": {
        "probability": 0.0006,
        "confidence": "low",
        "iron_oxide_index": 0.3124,
        "ferrous_mineral_index": 0.227,
        "swir_b11_reflectance": 0.1519,
        "swir_b12_reflectance": 0.2365,
        "ndvi": 0.457,
        "elevation_m": 469.5,
        "slope_deg": 5.0,
        "dist_to_fault_km": 21.81,
        "temp_c": 26.2,
        "rainfall_mm": 9.7,
        "timestamp": "2026-09-07T07:56:51.079660+00:00"
      }
    },
    {
      "type": "Feature",
      "geometry": {
        "type": "Point",
        "coordinates": [
          80.06,
          21.88
        ]
      },
      "properties": {
        "probability": 0.0162,
        "confidence": "low",
        "iron_oxide_index": 0.2793,
        "ferrous_mineral_index": 0.2263,
        "swir_b11_reflectance": 0.1903,
        "swir_b12_reflectance": 0.2044,
        "ndvi": 0.4336,
        "elevation_m": 469.5,
        "slope_deg": 5.7,
        "dist_to_fault_km": 15.46,
        "temp_c": 26.2,
        "rainfall_mm": 9.7,
        "timestamp": "2026-09-07T07:56:51.079660+00:00"
      }
    },
    {
      "type": "Feature",
      "geometry": {
        "type": "Point",
        "coordinates": [
          80.12,
          21.88
        ]
      },
      "properties": {
        "probability": 0.0121,
        "confidence": "low",
        "iron_oxide_index": 0.4372,
        "ferrous_mineral_index": 0.3498,
        "swir_b11_reflectance": 0.2802,
        "swir_b12_reflectance": 0.3308,
        "ndvi": 0.4454,
        "elevation_m": 300.0,
        "slope_deg": 5.0,
        "dist_to_fault_km": 9.55,
        "temp_c": 27.5,
        "rainfall_mm": 6.5,
        "timestamp": "2026-09-07T07:56:51.079660+00:00"
      }
    },
    {
      "type": "Feature",
      "geometry": {
        "type": "Point",
        "coordinates": [
          80.18,
          21.88
        ]
      },
      "properties": {
        "probability": 1.0,
        "confidence": "high",
        "iron_oxide_index": 0.5864,
        "ferrous_mineral_index": 0.4434,
        "swir_b11_reflectance": 0.3575,
        "swir_b12_reflectance": 0.4496,
        "ndvi": 0.4136,
        "elevation_m": 469.5,
        "slope_deg": 10.6,
        "dist_to_fault_km": 5.66,
        "temp_c": 26.2,
        "rainfall_mm": 9.7,
        "timestamp": "2026-09-07T07:56:51.079660+00:00"
      }
    },
    {
      "type": "Feature",
      "geometry": {
        "type": "Point",
        "coordinates": [
          80.24,
          21.88
        ]
      },
      "properties": {
        "probability": 1.0,
        "confidence": "high",
        "iron_oxide_index": 0.6255,
        "ferrous_mineral_index": 0.5312,
        "swir_b11_reflectance": 0.415,
        "swir_b12_reflectance": 0.4625,
        "ndvi": 0.408,
        "elevation_m": 469.5,
        "slope_deg": 12.9,
        "dist_to_fault_km": 3.14,
        "temp_c": 26.2,
        "rainfall_mm": 9.7,
        "timestamp": "2026-09-07T07:56:51.079660+00:00"
      }
    },
    {
      "type": "Feature",
      "geometry": {
        "type": "Point",
        "coordinates": [
          80.3,
          21.88
        ]
      },
      "properties": {
        "probability": 1.0,
        "confidence": "high",
        "iron_oxide_index": 0.6189,
        "ferrous_mineral_index": 0.4779,
        "swir_b11_reflectance": 0.3731,
        "swir_b12_reflectance": 0.4255,
        "ndvi": 0.4119,
        "elevation_m": 469.5,
        "slope_deg": 11.6,
        "dist_to_fault_km": 4.96,
        "temp_c": 26.2,
        "rainfall_mm": 9.7,
        "timestamp": "2026-09-07T07:56:51.079660+00:00"
      }
    },
    {
      "type": "Feature",
      "geometry": {
        "type": "Point",
        "coordinates": [
          80.36,
          21.88
        ]
      },
      "properties": {
        "probability": 0.0017,
        "confidence": "low",
        "iron_oxide_index": 0.4332,
        "ferrous_mineral_index": 0.319,
        "swir_b11_reflectance": 0.2442,
        "swir_b12_reflectance": 0.2994,
        "ndvi": 0.4037,
        "elevation_m": 300.0,
        "slope_deg": 3.9,
        "dist_to_fault_km": 11.32,
        "temp_c": 27.5,
        "rainfall_mm": 6.5,
        "timestamp": "2026-09-07T07:56:51.079660+00:00"
      }
    },
    {
      "type": "Feature",
      "geometry": {
        "type": "Point",
        "coordinates": [
          80.42,
          21.88
        ]
      },
      "properties": {
        "probability": 0.0003,
        "confidence": "low",
        "iron_oxide_index": 0.3698,
        "ferrous_mineral_index": 0.2967,
        "swir_b11_reflectance": 0.2199,
        "swir_b12_reflectance": 0.2904,
        "ndvi": 0.4155,
        "elevation_m": 547.2,
        "slope_deg": 9.1,
        "dist_to_fault_km": 12.41,
        "temp_c": 25.6,
        "rainfall_mm": 9.4,
        "timestamp": "2026-09-07T07:56:51.079660+00:00"
      }
    },
    {
      "type": "Feature",
      "geometry": {
        "type": "Point",
        "coordinates": [
          80.48,
          21.88
        ]
      },
      "properties": {
        "probability": 0.645,
        "confidence": "medium",
        "iron_oxide_index": 0.547,
        "ferrous_mineral_index": 0.4535,
        "swir_b11_reflectance": 0.3304,
        "swir_b12_reflectance": 0.3873,
        "ndvi": 0.3475,
        "elevation_m": 547.2,
        "slope_deg": 11.7,
        "dist_to_fault_km": 7.11,
        "temp_c": 25.6,
        "rainfall_mm": 9.4,
        "timestamp": "2026-09-07T07:56:51.079660+00:00"
      }
    },
    {
      "type": "Feature",
      "geometry": {
        "type": "Point",
        "coordinates": [
          80.54,
          21.88
        ]
      },
      "properties": {
        "probability": 0.97,
        "confidence": "high",
        "iron_oxide_index": 0.6025,
        "ferrous_mineral_index": 0.4602,
        "swir_b11_reflectance": 0.3677,
        "swir_b12_reflectance": 0.3971,
        "ndvi": 0.3892,
        "elevation_m": 300.0,
        "slope_deg": 7.8,
        "dist_to_fault_km": 5.98,
        "temp_c": 27.5,
        "rainfall_mm": 6.5,
        "timestamp": "2026-09-07T07:56:51.079660+00:00"
      }
    },
    {
      "type": "Feature",
      "geometry": {
        "type": "Point",
        "coordinates": [
          80.6,
          21.88
        ]
      },
      "properties": {
        "probability": 0.0009,
        "confidence": "low",
        "iron_oxide_index": 0.4123,
        "ferrous_mineral_index": 0.3486,
        "swir_b11_reflectance": 0.2661,
        "swir_b12_reflectance": 0.2942,
        "ndvi": 0.4363,
        "elevation_m": 547.2,
        "slope_deg": 8.8,
        "dist_to_fault_km": 10.47,
        "temp_c": 25.6,
        "rainfall_mm": 9.4,
        "timestamp": "2026-09-07T07:56:51.079660+00:00"
      }
    },
    {
      "type": "Feature",
      "geometry": {
        "type": "Point",
        "coordinates": [
          80.66,
          21.88
        ]
      },
      "properties": {
        "probability": 0.0775,
        "confidence": "low",
        "iron_oxide_index": 0.2899,
        "ferrous_mineral_index": 0.2059,
        "swir_b11_reflectance": 0.1478,
        "swir_b12_reflectance": 0.195,
        "ndvi": 0.3903,
        "elevation_m": 547.2,
        "slope_deg": 7.1,
        "dist_to_fault_km": 16.5,
        "temp_c": 25.6,
        "rainfall_mm": 9.4,
        "timestamp": "2026-09-07T07:56:51.079660+00:00"
      }
    },
    {
      "type": "Feature",
      "geometry": {
        "type": "Point",
        "coordinates": [
          80.72,
          21.88
        ]
      },
      "properties": {
        "probability": 0.0954,
        "confidence": "low",
        "iron_oxide_index": 0.3096,
        "ferrous_mineral_index": 0.2101,
        "swir_b11_reflectance": 0.1793,
        "swir_b12_reflectance": 0.2022,
        "ndvi": 0.3794,
        "elevation_m": 547.2,
        "slope_deg": 6.2,
        "dist_to_fault_km": 22.88,
        "temp_c": 25.6,
        "rainfall_mm": 9.4,
        "timestamp": "2026-09-07T07:56:51.079660+00:00"
      }
    },
    {
      "type": "Feature",
      "geometry": {
        "type": "Point",
        "coordinates": [
          80.78,
          21.88
        ]
      },
      "properties": {
        "probability": 0.0485,
        "confidence": "low",
        "iron_oxide_index": 0.2976,
        "ferrous_mineral_index": 0.2473,
        "swir_b11_reflectance": 0.1571,
        "swir_b12_reflectance": 0.2201,
        "ndvi": 0.403,
        "elevation_m": 547.2,
        "slope_deg": 5.2,
        "dist_to_fault_km": 29.39,
        "temp_c": 25.6,
        "rainfall_mm": 9.4,
        "timestamp": "2026-09-07T07:56:51.079660+00:00"
      }
    },
    {
      "type": "Feature",
      "geometry": {
        "type": "Point",
        "coordinates": [
          78.5,
          21.94
        ]
      },
      "properties": {
        "probability": 0.0489,
        "confidence": "low",
        "iron_oxide_index": 0.2829,
        "ferrous_mineral_index": 0.2446,
        "swir_b11_reflectance": 0.1813,
        "swir_b12_reflectance": 0.2287,
        "ndvi": 0.4633,
        "elevation_m": 637.8,
        "slope_deg": 7.4,
        "dist_to_fault_km": 89.7,
        "temp_c": 25.4,
        "rainfall_mm": 8.9,
        "timestamp": "2026-09-07T07:56:51.079660+00:00"
      }
    },
    {
      "type": "Feature",
      "geometry": {
        "type": "Point",
        "coordinates": [
          78.56,
          21.94
        ]
      },
      "properties": {
        "probability": 0.0142,
        "confidence": "low",
        "iron_oxide_index": 0.3024,
        "ferrous_mineral_index": 0.2352,
        "swir_b11_reflectance": 0.1686,
        "swir_b12_reflectance": 0.2074,
        "ndvi": 0.4287,
        "elevation_m": 300.0,
        "slope_deg": 2.5,
        "dist_to_fault_km": 85.48,
        "temp_c": 27.5,
        "rainfall_mm": 6.5,
        "timestamp": "2026-09-07T07:56:51.079660+00:00"
      }
    },
    {
      "type": "Feature",
      "geometry": {
        "type": "Point",
        "coordinates": [
          78.62,
          21.94
        ]
      },
      "properties": {
        "probability": 0.0317,
        "confidence": "low",
        "iron_oxide_index": 0.2795,
        "ferrous_mineral_index": 0.1964,
        "swir_b11_reflectance": 0.1534,
        "swir_b12_reflectance": 0.1964,
        "ndvi": 0.4721,
        "elevation_m": 300.0,
        "slope_deg": 2.8,
        "dist_to_fault_km": 81.58,
        "temp_c": 27.5,
        "rainfall_mm": 6.5,
        "timestamp": "2026-09-07T07:56:51.079660+00:00"
      }
    },
    {
      "type": "Feature",
      "geometry": {
        "type": "Point",
        "coordinates": [
          78.68,
          21.94
        ]
      },
      "properties": {
        "probability": 0.0044,
        "confidence": "low",
        "iron_oxide_index": 0.2881,
        "ferrous_mineral_index": 0.2417,
        "swir_b11_reflectance": 0.1455,
        "swir_b12_reflectance": 0.2202,
        "ndvi": 0.4466,
        "elevation_m": 300.0,
        "slope_deg": 2.1,
        "dist_to_fault_km": 78.06,
        "temp_c": 27.5,
        "rainfall_mm": 6.5,
        "timestamp": "2026-09-07T07:56:51.079660+00:00"
      }
    },
    {
      "type": "Feature",
      "geometry": {
        "type": "Point",
        "coordinates": [
          78.74,
          21.94
        ]
      },
      "properties": {
        "probability": 0.5088,
        "confidence": "medium",
        "iron_oxide_index": 0.297,
        "ferrous_mineral_index": 0.2043,
        "swir_b11_reflectance": 0.1847,
        "swir_b12_reflectance": 0.2067,
        "ndvi": 0.4269,
        "elevation_m": 637.8,
        "slope_deg": 7.5,
        "dist_to_fault_km": 74.97,
        "temp_c": 25.4,
        "rainfall_mm": 8.9,
        "timestamp": "2026-09-07T07:56:51.079660+00:00"
      }
    },
    {
      "type": "Feature",
      "geometry": {
        "type": "Point",
        "coordinates": [
          78.8,
          21.94
        ]
      },
      "properties": {
        "probability": 0.259,
        "confidence": "low",
        "iron_oxide_index": 0.2786,
        "ferrous_mineral_index": 0.2321,
        "swir_b11_reflectance": 0.1651,
        "swir_b12_reflectance": 0.211,
        "ndvi": 0.4391,
        "elevation_m": 637.8,
        "slope_deg": 7.3,
        "dist_to_fault_km": 72.36,
        "temp_c": 25.4,
        "rainfall_mm": 8.9,
        "timestamp": "2026-09-07T07:56:51.079660+00:00"
      }
    },
    {
      "type": "Feature",
      "geometry": {
        "type": "Point",
        "coordinates": [
          78.86,
          21.94
        ]
      },
      "properties": {
        "probability": 0.21,
        "confidence": "low",
        "iron_oxide_index": 0.3378,
        "ferrous_mineral_index": 0.2341,
        "swir_b11_reflectance": 0.1763,
        "swir_b12_reflectance": 0.2183,
        "ndvi": 0.4556,
        "elevation_m": 637.8,
        "slope_deg": 7.8,
        "dist_to_fault_km": 70.29,
        "temp_c": 25.4,
        "rainfall_mm": 8.9,
        "timestamp": "2026-09-07T07:56:51.079660+00:00"
      }
    },
    {
      "type": "Feature",
      "geometry": {
        "type": "Point",
        "coordinates": [
          78.92,
          21.94
        ]
      },
      "properties": {
        "probability": 0.0109,
        "confidence": "low",
        "iron_oxide_index": 0.2928,
        "ferrous_mineral_index": 0.232,
        "swir_b11_reflectance": 0.1797,
        "swir_b12_reflectance": 0.2095,
        "ndvi": 0.4066,
        "elevation_m": 300.0,
        "slope_deg": 2.3,
        "dist_to_fault_km": 66.5,
        "temp_c": 27.5,
        "rainfall_mm": 6.5,
        "timestamp": "2026-09-07T07:56:51.079660+00:00"
      }
    },
    {
      "type": "Feature",
      "geometry": {
        "type": "Point",
        "coordinates": [
          78.98,
          21.94
        ]
      },
      "properties": {
        "probability": 0.0038,
        "confidence": "low",
        "iron_oxide_index": 0.2937,
        "ferrous_mineral_index": 0.2186,
        "swir_b11_reflectance": 0.1759,
        "swir_b12_reflectance": 0.2189,
        "ndvi": 0.4044,
        "elevation_m": 300.0,
        "slope_deg": 2.1,
        "dist_to_fault_km": 63.08,
        "temp_c": 27.5,
        "rainfall_mm": 6.5,
        "timestamp": "2026-09-07T07:56:51.079660+00:00"
      }
    },
    {
      "type": "Feature",
      "geometry": {
        "type": "Point",
        "coordinates": [
          79.04,
          21.94
        ]
      },
      "properties": {
        "probability": 0.0155,
        "confidence": "low",
        "iron_oxide_index": 0.2984,
        "ferrous_mineral_index": 0.2013,
        "swir_b11_reflectance": 0.1486,
        "swir_b12_reflectance": 0.2164,
        "ndvi": 0.469,
        "elevation_m": 300.0,
        "slope_deg": 3.1,
        "dist_to_fault_km": 60.2,
        "temp_c": 27.5,
        "rainfall_mm": 6.5,
        "timestamp": "2026-09-07T07:56:51.079660+00:00"
      }
    },
    {
      "type": "Feature",
      "geometry": {
        "type": "Point",
        "coordinates": [
          79.1,
          21.94
        ]
      },
      "properties": {
        "probability": 0.0084,
        "confidence": "low",
        "iron_oxide_index": 0.3207,
        "ferrous_mineral_index": 0.2477,
        "swir_b11_reflectance": 0.1668,
        "swir_b12_reflectance": 0.2374,
        "ndvi": 0.4343,
        "elevation_m": 557.7,
        "slope_deg": 6.7,
        "dist_to_fault_km": 57.94,
        "temp_c": 25.8,
        "rainfall_mm": 9.2,
        "timestamp": "2026-09-07T07:56:51.079660+00:00"
      }
    },
    {
      "type": "Feature",
      "geometry": {
        "type": "Point",
        "coordinates": [
          79.16,
          21.94
        ]
      },
      "properties": {
        "probability": 0.013,
        "confidence": "low",
        "iron_oxide_index": 0.3187,
        "ferrous_mineral_index": 0.2186,
        "swir_b11_reflectance": 0.1714,
        "swir_b12_reflectance": 0.2318,
        "ndvi": 0.4084,
        "elevation_m": 557.7,
        "slope_deg": 6.1,
        "dist_to_fault_km": 56.39,
        "temp_c": 25.8,
        "rainfall_mm": 9.2,
        "timestamp": "2026-09-07T07:56:51.079660+00:00"
      }
    },
    {
      "type": "Feature",
      "geometry": {
        "type": "Point",
        "coordinates": [
          79.22,
          21.94
        ]
      },
      "properties": {
        "probability": 0.1297,
        "confidence": "low",
        "iron_oxide_index": 0.2686,
        "ferrous_mineral_index": 0.2359,
        "swir_b11_reflectance": 0.1551,
        "swir_b12_reflectance": 0.1773,
        "ndvi": 0.422,
        "elevation_m": 557.7,
        "slope_deg": 5.9,
        "dist_to_fault_km": 55.6,
        "temp_c": 25.8,
        "rainfall_mm": 9.2,
        "timestamp": "2026-09-07T07:56:51.079660+00:00"
      }
    },
    {
      "type": "Feature",
      "geometry": {
        "type": "Point",
        "coordinates": [
          79.28,
          21.94
        ]
      },
      "properties": {
        "probability": 0.0126,
        "confidence": "low",
        "iron_oxide_index": 0.2884,
        "ferrous_mineral_index": 0.245,
        "swir_b11_reflectance": 0.178,
        "swir_b12_reflectance": 0.2171,
        "ndvi": 0.4323,
        "elevation_m": 300.0,
        "slope_deg": 2.5,
        "dist_to_fault_km": 50.67,
        "temp_c": 27.5,
        "rainfall_mm": 6.5,
        "timestamp": "2026-09-07T07:56:51.079660+00:00"
      }
    },
    {
      "type": "Feature",
      "geometry": {
        "type": "Point",
        "coordinates": [
          79.34,
          21.94
        ]
      },
      "properties": {
        "probability": 0.0187,
        "confidence": "low",
        "iron_oxide_index": 0.2794,
        "ferrous_mineral_index": 0.2416,
        "swir_b11_reflectance": 0.1824,
        "swir_b12_reflectance": 0.2069,
        "ndvi": 0.4311,
        "elevation_m": 300.0,
        "slope_deg": 2.8,
        "dist_to_fault_km": 44.95,
        "temp_c": 27.5,
        "rainfall_mm": 6.5,
        "timestamp": "2026-09-07T07:56:51.079660+00:00"
      }
    },
    {
      "type": "Feature",
      "geometry": {
        "type": "Point",
        "coordinates": [
          79.4,
          21.94
        ]
      },
      "properties": {
        "probability": 0.0733,
        "confidence": "low",
        "iron_oxide_index": 0.3211,
        "ferrous_mineral_index": 0.1986,
        "swir_b11_reflectance": 0.1566,
        "swir_b12_reflectance": 0.2265,
        "ndvi": 0.4378,
        "elevation_m": 557.7,
        "slope_deg": 7.4,
        "dist_to_fault_km": 39.53,
        "temp_c": 25.8,
        "rainfall_mm": 9.2,
        "timestamp": "2026-09-07T07:56:51.079660+00:00"
      }
    },
    {
      "type": "Feature",
      "geometry": {
        "type": "Point",
        "coordinates": [
          79.46,
          21.94
        ]
      },
      "properties": {
        "probability": 0.0634,
        "confidence": "low",
        "iron_oxide_index": 0.3182,
        "ferrous_mineral_index": 0.2218,
        "swir_b11_reflectance": 0.1996,
        "swir_b12_reflectance": 0.2197,
        "ndvi": 0.3633,
        "elevation_m": 300.0,
        "slope_deg": 2.8,
        "dist_to_fault_km": 34.53,
        "temp_c": 27.5,
        "rainfall_mm": 6.5,
        "timestamp": "2026-09-07T07:56:51.079660+00:00"
      }
    },
    {
      "type": "Feature",
      "geometry": {
        "type": "Point",
        "coordinates": [
          79.52,
          21.94
        ]
      },
      "properties": {
        "probability": 0.0484,
        "confidence": "low",
        "iron_oxide_index": 0.3262,
        "ferrous_mineral_index": 0.2128,
        "swir_b11_reflectance": 0.1572,
        "swir_b12_reflectance": 0.2091,
        "ndvi": 0.393,
        "elevation_m": 557.7,
        "slope_deg": 7.3,
        "dist_to_fault_km": 30.2,
        "temp_c": 25.8,
        "rainfall_mm": 9.2,
        "timestamp": "2026-09-07T07:56:51.079660+00:00"
      }
    },
    {
      "type": "Feature",
      "geometry": {
        "type": "Point",
        "coordinates": [
          79.58,
          21.94
        ]
      },
      "properties": {
        "probability": 0.0117,
        "confidence": "low",
        "iron_oxide_index": 0.3,
        "ferrous_mineral_index": 0.2242,
        "swir_b11_reflectance": 0.1549,
        "swir_b12_reflectance": 0.2353,
        "ndvi": 0.4428,
        "elevation_m": 557.7,
        "slope_deg": 6.4,
        "dist_to_fault_km": 26.82,
        "temp_c": 25.8,
        "rainfall_mm": 9.2,
        "timestamp": "2026-09-07T07:56:51.079660+00:00"
      }
    },
    {
      "type": "Feature",
      "geometry": {
        "type": "Point",
        "coordinates": [
          79.64,
          21.94
        ]
      },
      "properties": {
        "probability": 0.0592,
        "confidence": "low",
        "iron_oxide_index": 0.2965,
        "ferrous_mineral_index": 0.2096,
        "swir_b11_reflectance": 0.2086,
        "swir_b12_reflectance": 0.2104,
        "ndvi": 0.4613,
        "elevation_m": 300.0,
        "slope_deg": 1.8,
        "dist_to_fault_km": 24.82,
        "temp_c": 27.5,
        "rainfall_mm": 6.5,
        "timestamp": "2026-09-07T07:56:51.079660+00:00"
      }
    },
    {
      "type": "Feature",
      "geometry": {
        "type": "Point",
        "coordinates": [
          79.7,
          21.94
        ]
      },
      "properties": {
        "probability": 0.0056,
        "confidence": "low",
        "iron_oxide_index": 0.3017,
        "ferrous_mineral_index": 0.2322,
        "swir_b11_reflectance": 0.1692,
        "swir_b12_reflectance": 0.2268,
        "ndvi": 0.4514,
        "elevation_m": 469.5,
        "slope_deg": 4.7,
        "dist_to_fault_km": 24.52,
        "temp_c": 26.2,
        "rainfall_mm": 9.7,
        "timestamp": "2026-09-07T07:56:51.079660+00:00"
      }
    },
    {
      "type": "Feature",
      "geometry": {
        "type": "Point",
        "coordinates": [
          79.76,
          21.94
        ]
      },
      "properties": {
        "probability": 0.043,
        "confidence": "low",
        "iron_oxide_index": 0.306,
        "ferrous_mineral_index": 0.1908,
        "swir_b11_reflectance": 0.1758,
        "swir_b12_reflectance": 0.2033,
        "ndvi": 0.4533,
        "elevation_m": 300.0,
        "slope_deg": 2.7,
        "dist_to_fault_km": 25.98,
        "temp_c": 27.5,
        "rainfall_mm": 6.5,
        "timestamp": "2026-09-07T07:56:51.079660+00:00"
      }
    },
    {
      "type": "Feature",
      "geometry": {
        "type": "Point",
        "coordinates": [
          79.82,
          21.94
        ]
      },
      "properties": {
        "probability": 0.0563,
        "confidence": "low",
        "iron_oxide_index": 0.2738,
        "ferrous_mineral_index": 0.2187,
        "swir_b11_reflectance": 0.1718,
        "swir_b12_reflectance": 0.2367,
        "ndvi": 0.375,
        "elevation_m": 469.5,
        "slope_deg": 4.5,
        "dist_to_fault_km": 28.95,
        "temp_c": 26.2,
        "rainfall_mm": 9.7,
        "timestamp": "2026-09-07T07:56:51.079660+00:00"
      }
    },
    {
      "type": "Feature",
      "geometry": {
        "type": "Point",
        "coordinates": [
          79.88,
          21.94
        ]
      },
      "properties": {
        "probability": 0.0359,
        "confidence": "low",
        "iron_oxide_index": 0.2971,
        "ferrous_mineral_index": 0.2091,
        "swir_b11_reflectance": 0.1725,
        "swir_b12_reflectance": 0.1984,
        "ndvi": 0.4304,
        "elevation_m": 469.5,
        "slope_deg": 4.4,
        "dist_to_fault_km": 33.0,
        "temp_c": 26.2,
        "rainfall_mm": 9.7,
        "timestamp": "2026-09-07T07:56:51.079660+00:00"
      }
    },
    {
      "type": "Feature",
      "geometry": {
        "type": "Point",
        "coordinates": [
          79.94,
          21.94
        ]
      },
      "properties": {
        "probability": 0.0049,
        "confidence": "low",
        "iron_oxide_index": 0.3409,
        "ferrous_mineral_index": 0.2201,
        "swir_b11_reflectance": 0.1853,
        "swir_b12_reflectance": 0.2049,
        "ndvi": 0.4724,
        "elevation_m": 469.5,
        "slope_deg": 5.7,
        "dist_to_fault_km": 30.32,
        "temp_c": 26.2,
        "rainfall_mm": 9.7,
        "timestamp": "2026-09-07T07:56:51.079660+00:00"
      }
    },
    {
      "type": "Feature",
      "geometry": {
        "type": "Point",
        "coordinates": [
          80.0,
          21.94
        ]
      },
      "properties": {
        "probability": 0.0335,
        "confidence": "low",
        "iron_oxide_index": 0.2947,
        "ferrous_mineral_index": 0.2276,
        "swir_b11_reflectance": 0.1646,
        "swir_b12_reflectance": 0.2271,
        "ndvi": 0.4332,
        "elevation_m": 300.0,
        "slope_deg": 3.6,
        "dist_to_fault_km": 24.37,
        "temp_c": 27.5,
        "rainfall_mm": 6.5,
        "timestamp": "2026-09-07T07:56:51.079660+00:00"
      }
    },
    {
      "type": "Feature",
      "geometry": {
        "type": "Point",
        "coordinates": [
          80.06,
          21.94
        ]
      },
      "properties": {
        "probability": 0.0122,
        "confidence": "low",
        "iron_oxide_index": 0.3325,
        "ferrous_mineral_index": 0.2307,
        "swir_b11_reflectance": 0.1714,
        "swir_b12_reflectance": 0.2125,
        "ndvi": 0.4623,
        "elevation_m": 469.5,
        "slope_deg": 5.3,
        "dist_to_fault_km": 18.9,
        "temp_c": 26.2,
        "rainfall_mm": 9.7,
        "timestamp": "2026-09-07T07:56:51.079660+00:00"
      }
    },
    {
      "type": "Feature",
      "geometry": {
        "type": "Point",
        "coordinates": [
          80.12,
          21.94
        ]
      },
      "properties": {
        "probability": 0.0156,
        "confidence": "low",
        "iron_oxide_index": 0.31,
        "ferrous_mineral_index": 0.2167,
        "swir_b11_reflectance": 0.1735,
        "swir_b12_reflectance": 0.2246,
        "ndvi": 0.4482,
        "elevation_m": 469.5,
        "slope_deg": 7.2,
        "dist_to_fault_km": 14.47,
        "temp_c": 26.2,
        "rainfall_mm": 9.7,
        "timestamp": "2026-09-07T07:56:51.079660+00:00"
      }
    },
    {
      "type": "Feature",
      "geometry": {
        "type": "Point",
        "coordinates": [
          80.18,
          21.94
        ]
      },
      "properties": {
        "probability": 0.0051,
        "confidence": "low",
        "iron_oxide_index": 0.3412,
        "ferrous_mineral_index": 0.2855,
        "swir_b11_reflectance": 0.252,
        "swir_b12_reflectance": 0.3035,
        "ndvi": 0.4139,
        "elevation_m": 469.5,
        "slope_deg": 7.0,
        "dist_to_fault_km": 12.26,
        "temp_c": 26.2,
        "rainfall_mm": 9.7,
        "timestamp": "2026-09-07T07:56:51.079660+00:00"
      }
    },
    {
      "type": "Feature",
      "geometry": {
        "type": "Point",
        "coordinates": [
          80.24,
          21.94
        ]
      },
      "properties": {
        "probability": 0.0201,
        "confidence": "low",
        "iron_oxide_index": 0.4687,
        "ferrous_mineral_index": 0.4056,
        "swir_b11_reflectance": 0.2711,
        "swir_b12_reflectance": 0.3662,
        "ndvi": 0.4186,
        "elevation_m": 469.5,
        "slope_deg": 7.8,
        "dist_to_fault_km": 9.15,
        "temp_c": 26.2,
        "rainfall_mm": 9.7,
        "timestamp": "2026-09-07T07:56:51.079660+00:00"
      }
    },
    {
      "type": "Feature",
      "geometry": {
        "type": "Point",
        "coordinates": [
          80.3,
          21.94
        ]
      },
      "properties": {
        "probability": 0.0246,
        "confidence": "low",
        "iron_oxide_index": 0.4642,
        "ferrous_mineral_index": 0.3089,
        "swir_b11_reflectance": 0.2844,
        "swir_b12_reflectance": 0.3332,
        "ndvi": 0.4045,
        "elevation_m": 300.0,
        "slope_deg": 6.5,
        "dist_to_fault_km": 9.93,
        "temp_c": 27.5,
        "rainfall_mm": 6.5,
        "timestamp": "2026-09-07T07:56:51.079660+00:00"
      }
    },
    {
      "type": "Feature",
      "geometry": {
        "type": "Point",
        "coordinates": [
          80.36,
          21.94
        ]
      },
      "properties": {
        "probability": 0.0166,
        "confidence": "low",
        "iron_oxide_index": 0.3298,
        "ferrous_mineral_index": 0.2234,
        "swir_b11_reflectance": 0.182,
        "swir_b12_reflectance": 0.2478,
        "ndvi": 0.4226,
        "elevation_m": 300.0,
        "slope_deg": 3.3,
        "dist_to_fault_km": 14.21,
        "temp_c": 27.5,
        "rainfall_mm": 6.5,
        "timestamp": "2026-09-07T07:56:51.079660+00:00"
      }
    },
    {
      "type": "Feature",
      "geometry": {
        "type": "Point",
        "coordinates": [
          80.42,
          21.94
        ]
      },
      "properties": {
        "probability": 0.0435,
        "confidence": "low",
        "iron_oxide_index": 0.4102,
        "ferrous_mineral_index": 0.3197,
        "swir_b11_reflectance": 0.2775,
        "swir_b12_reflectance": 0.3005,
        "ndvi": 0.3686,
        "elevation_m": 547.2,
        "slope_deg": 9.1,
        "dist_to_fault_km": 11.15,
        "temp_c": 25.6,
        "rainfall_mm": 9.4,
        "timestamp": "2026-09-07T07:56:51.079660+00:00"
      }
    },
    {
      "type": "Feature",
      "geometry": {
        "type": "Point",
        "coordinates": [
          80.48,
          21.94
        ]
      },
      "properties": {
        "probability": 0.99,
        "confidence": "high",
        "iron_oxide_index": 0.621,
        "ferrous_mineral_index": 0.5209,
        "swir_b11_reflectance": 0.3684,
        "swir_b12_reflectance": 0.4009,
        "ndvi": 0.3807,
        "elevation_m": 547.2,
        "slope_deg": 13.3,
        "dist_to_fault_km": 4.58,
        "temp_c": 25.6,
        "rainfall_mm": 9.4,
        "timestamp": "2026-09-07T07:56:51.079660+00:00"
      }
    },
    {
      "type": "Feature",
      "geometry": {
        "type": "Point",
        "coordinates": [
          80.54,
          21.94
        ]
      },
      "properties": {
        "probability": 1.0,
        "confidence": "high",
        "iron_oxide_index": 0.6669,
        "ferrous_mineral_index": 0.5525,
        "swir_b11_reflectance": 0.4223,
        "swir_b12_reflectance": 0.4736,
        "ndvi": 0.394,
        "elevation_m": 547.2,
        "slope_deg": 14.7,
        "dist_to_fault_km": 2.48,
        "temp_c": 25.6,
        "rainfall_mm": 9.4,
        "timestamp": "2026-09-07T07:56:51.079660+00:00"
      }
    },
    {
      "type": "Feature",
      "geometry": {
        "type": "Point",
        "coordinates": [
          80.6,
          21.94
        ]
      },
      "properties": {
        "probability": 0.0003,
        "confidence": "low",
        "iron_oxide_index": 0.4705,
        "ferrous_mineral_index": 0.3679,
        "swir_b11_reflectance": 0.2962,
        "swir_b12_reflectance": 0.3317,
        "ndvi": 0.4346,
        "elevation_m": 547.2,
        "slope_deg": 9.3,
        "dist_to_fault_km": 8.95,
        "temp_c": 25.6,
        "rainfall_mm": 9.4,
        "timestamp": "2026-09-07T07:56:51.079660+00:00"
      }
    },
    {
      "type": "Feature",
      "geometry": {
        "type": "Point",
        "coordinates": [
          80.66,
          21.94
        ]
      },
      "properties": {
        "probability": 0.0607,
        "confidence": "low",
        "iron_oxide_index": 0.3066,
        "ferrous_mineral_index": 0.1932,
        "swir_b11_reflectance": 0.1651,
        "swir_b12_reflectance": 0.2018,
        "ndvi": 0.3961,
        "elevation_m": 547.2,
        "slope_deg": 6.0,
        "dist_to_fault_km": 15.58,
        "temp_c": 25.6,
        "rainfall_mm": 9.4,
        "timestamp": "2026-09-07T07:56:51.079660+00:00"
      }
    },
    {
      "type": "Feature",
      "geometry": {
        "type": "Point",
        "coordinates": [
          80.72,
          21.94
        ]
      },
      "properties": {
        "probability": 0.0149,
        "confidence": "low",
        "iron_oxide_index": 0.2845,
        "ferrous_mineral_index": 0.2232,
        "swir_b11_reflectance": 0.1929,
        "swir_b12_reflectance": 0.214,
        "ndvi": 0.4651,
        "elevation_m": 547.2,
        "slope_deg": 7.0,
        "dist_to_fault_km": 22.23,
        "temp_c": 25.6,
        "rainfall_mm": 9.4,
        "timestamp": "2026-09-07T07:56:51.079660+00:00"
      }
    },
    {
      "type": "Feature",
      "geometry": {
        "type": "Point",
        "coordinates": [
          80.78,
          21.94
        ]
      },
      "properties": {
        "probability": 0.0184,
        "confidence": "low",
        "iron_oxide_index": 0.2875,
        "ferrous_mineral_index": 0.2299,
        "swir_b11_reflectance": 0.1557,
        "swir_b12_reflectance": 0.2308,
        "ndvi": 0.4442,
        "elevation_m": 547.2,
        "slope_deg": 7.1,
        "dist_to_fault_km": 28.88,
        "temp_c": 25.6,
        "rainfall_mm": 9.4,
        "timestamp": "2026-09-07T07:56:51.079660+00:00"
      }
    },
    {
      "type": "Feature",
      "geometry": {
        "type": "Point",
        "coordinates": [
          78.5,
          22.0
        ]
      },
      "properties": {
        "probability": 0.1832,
        "confidence": "low",
        "iron_oxide_index": 0.351,
        "ferrous_mineral_index": 0.2357,
        "swir_b11_reflectance": 0.1431,
        "swir_b12_reflectance": 0.2159,
        "ndvi": 0.4857,
        "elevation_m": 637.8,
        "slope_deg": 8.5,
        "dist_to_fault_km": 94.83,
        "temp_c": 25.4,
        "rainfall_mm": 8.9,
        "timestamp": "2026-09-07T07:56:51.079660+00:00"
      }
    },
    {
      "type": "Feature",
      "geometry": {
        "type": "Point",
        "coordinates": [
          78.56,
          22.0
        ]
      },
      "properties": {
        "probability": 0.0239,
        "confidence": "low",
        "iron_oxide_index": 0.2862,
        "ferrous_mineral_index": 0.1907,
        "swir_b11_reflectance": 0.1616,
        "swir_b12_reflectance": 0.2267,
        "ndvi": 0.4684,
        "elevation_m": 300.0,
        "slope_deg": 2.6,
        "dist_to_fault_km": 90.84,
        "temp_c": 27.5,
        "rainfall_mm": 6.5,
        "timestamp": "2026-09-07T07:56:51.079660+00:00"
      }
    },
    {
      "type": "Feature",
      "geometry": {
        "type": "Point",
        "coordinates": [
          78.62,
          22.0
        ]
      },
      "properties": {
        "probability": 0.4337,
        "confidence": "low",
        "iron_oxide_index": 0.3173,
        "ferrous_mineral_index": 0.212,
        "swir_b11_reflectance": 0.1699,
        "swir_b12_reflectance": 0.1984,
        "ndvi": 0.5022,
        "elevation_m": 637.8,
        "slope_deg": 7.2,
        "dist_to_fault_km": 87.19,
        "temp_c": 25.4,
        "rainfall_mm": 8.9,
        "timestamp": "2026-09-07T07:56:51.079660+00:00"
      }
    },
    {
      "type": "Feature",
      "geometry": {
        "type": "Point",
        "coordinates": [
          78.68,
          22.0
        ]
      },
      "properties": {
        "probability": 0.0177,
        "confidence": "low",
        "iron_oxide_index": 0.3111,
        "ferrous_mineral_index": 0.2058,
        "swir_b11_reflectance": 0.1911,
        "swir_b12_reflectance": 0.2084,
        "ndvi": 0.4318,
        "elevation_m": 300.0,
        "slope_deg": 3.1,
        "dist_to_fault_km": 83.91,
        "temp_c": 27.5,
        "rainfall_mm": 6.5,
        "timestamp": "2026-09-07T07:56:51.079660+00:00"
      }
    },
    {
      "type": "Feature",
      "geometry": {
        "type": "Point",
        "coordinates": [
          78.74,
          22.0
        ]
      },
      "properties": {
        "probability": 0.0275,
        "confidence": "low",
        "iron_oxide_index": 0.3396,
        "ferrous_mineral_index": 0.2071,
        "swir_b11_reflectance": 0.2127,
        "swir_b12_reflectance": 0.2039,
        "ndvi": 0.4474,
        "elevation_m": 300.0,
        "slope_deg": 2.8,
        "dist_to_fault_km": 81.04,
        "temp_c": 27.5,
        "rainfall_mm": 6.5,
        "timestamp": "2026-09-07T07:56:51.079660+00:00"
      }
    },
    {
      "type": "Feature",
      "geometry": {
        "type": "Point",
        "coordinates": [
          78.8,
          22.0
        ]
      },
      "properties": {
        "probability": 0.0168,
        "confidence": "low",
        "iron_oxide_index": 0.3268,
        "ferrous_mineral_index": 0.2417,
        "swir_b11_reflectance": 0.1859,
        "swir_b12_reflectance": 0.241,
        "ndvi": 0.4848,
        "elevation_m": 300.0,
        "slope_deg": 3.6,
        "dist_to_fault_km": 78.63,
        "temp_c": 27.5,
        "rainfall_mm": 6.5,
        "timestamp": "2026-09-07T07:56:51.079660+00:00"
      }
    },
    {
      "type": "Feature",
      "geometry": {
        "type": "Point",
        "coordinates": [
          78.86,
          22.0
        ]
      },
      "properties": {
        "probability": 0.4222,
        "confidence": "low",
        "iron_oxide_index": 0.3097,
        "ferrous_mineral_index": 0.2094,
        "swir_b11_reflectance": 0.1781,
        "swir_b12_reflectance": 0.231,
        "ndvi": 0.4858,
        "elevation_m": 637.8,
        "slope_deg": 7.0,
        "dist_to_fault_km": 75.75,
        "temp_c": 25.4,
        "rainfall_mm": 8.9,
        "timestamp": "2026-09-07T07:56:51.079660+00:00"
      }
    },
    {
      "type": "Feature",
      "geometry": {
        "type": "Point",
        "coordinates": [
          78.92,
          22.0
        ]
      },
      "properties": {
        "probability": 0.5801,
        "confidence": "medium",
        "iron_oxide_index": 0.3026,
        "ferrous_mineral_index": 0.2029,
        "swir_b11_reflectance": 0.1607,
        "swir_b12_reflectance": 0.1995,
        "ndvi": 0.4289,
        "elevation_m": 637.8,
        "slope_deg": 7.9,
        "dist_to_fault_km": 72.15,
        "temp_c": 25.4,
        "rainfall_mm": 8.9,
        "timestamp": "2026-09-07T07:56:51.079660+00:00"
      }
    },
    {
      "type": "Feature",
      "geometry": {
        "type": "Point",
        "coordinates": [
          78.98,
          22.0
        ]
      },
      "properties": {
        "probability": 0.3052,
        "confidence": "low",
        "iron_oxide_index": 0.3113,
        "ferrous_mineral_index": 0.2498,
        "swir_b11_reflectance": 0.1597,
        "swir_b12_reflectance": 0.2143,
        "ndvi": 0.4514,
        "elevation_m": 637.8,
        "slope_deg": 7.4,
        "dist_to_fault_km": 69.01,
        "temp_c": 25.4,
        "rainfall_mm": 8.9,
        "timestamp": "2026-09-07T07:56:51.079660+00:00"
      }
    },
    {
      "type": "Feature",
      "geometry": {
        "type": "Point",
        "coordinates": [
          79.04,
          22.0
        ]
      },
      "properties": {
        "probability": 0.3317,
        "confidence": "low",
        "iron_oxide_index": 0.2881,
        "ferrous_mineral_index": 0.232,
        "swir_b11_reflectance": 0.1734,
        "swir_b12_reflectance": 0.2185,
        "ndvi": 0.4318,
        "elevation_m": 637.8,
        "slope_deg": 7.6,
        "dist_to_fault_km": 66.39,
        "temp_c": 25.4,
        "rainfall_mm": 8.9,
        "timestamp": "2026-09-07T07:56:51.079660+00:00"
      }
    },
    {
      "type": "Feature",
      "geometry": {
        "type": "Point",
        "coordinates": [
          79.1,
          22.0
        ]
      },
      "properties": {
        "probability": 0.1367,
        "confidence": "low",
        "iron_oxide_index": 0.2846,
        "ferrous_mineral_index": 0.1892,
        "swir_b11_reflectance": 0.1633,
        "swir_b12_reflectance": 0.2175,
        "ndvi": 0.5126,
        "elevation_m": 557.7,
        "slope_deg": 5.1,
        "dist_to_fault_km": 64.35,
        "temp_c": 25.8,
        "rainfall_mm": 9.2,
        "timestamp": "2026-09-07T07:56:51.079660+00:00"
      }
    },
    {
      "type": "Feature",
      "geometry": {
        "type": "Point",
        "coordinates": [
          79.16,
          22.0
        ]
      },
      "properties": {
        "probability": 0.0632,
        "confidence": "low",
        "iron_oxide_index": 0.3059,
        "ferrous_mineral_index": 0.2105,
        "swir_b11_reflectance": 0.1685,
        "swir_b12_reflectance": 0.2109,
        "ndvi": 0.4534,
        "elevation_m": 557.7,
        "slope_deg": 5.8,
        "dist_to_fault_km": 60.39,
        "temp_c": 25.8,
        "rainfall_mm": 9.2,
        "timestamp": "2026-09-07T07:56:51.079660+00:00"
      }
    },
    {
      "type": "Feature",
      "geometry": {
        "type": "Point",
        "coordinates": [
          79.22,
          22.0
        ]
      },
      "properties": {
        "probability": 0.0443,
        "confidence": "low",
        "iron_oxide_index": 0.3015,
        "ferrous_mineral_index": 0.2156,
        "swir_b11_reflectance": 0.1887,
        "swir_b12_reflectance": 0.2037,
        "ndvi": 0.4301,
        "elevation_m": 557.7,
        "slope_deg": 6.5,
        "dist_to_fault_km": 54.06,
        "temp_c": 25.8,
        "rainfall_mm": 9.2,
        "timestamp": "2026-09-07T07:56:51.079660+00:00"
      }
    },
    {
      "type": "Feature",
      "geometry": {
        "type": "Point",
        "coordinates": [
          79.28,
          22.0
        ]
      },
      "properties": {
        "probability": 0.0225,
        "confidence": "low",
        "iron_oxide_index": 0.3222,
        "ferrous_mineral_index": 0.2396,
        "swir_b11_reflectance": 0.1712,
        "swir_b12_reflectance": 0.2153,
        "ndvi": 0.469,
        "elevation_m": 557.7,
        "slope_deg": 7.0,
        "dist_to_fault_km": 47.82,
        "temp_c": 25.8,
        "rainfall_mm": 9.2,
        "timestamp": "2026-09-07T07:56:51.079660+00:00"
      }
    },
    {
      "type": "Feature",
      "geometry": {
        "type": "Point",
        "coordinates": [
          79.34,
          22.0
        ]
      },
      "properties": {
        "probability": 0.0147,
        "confidence": "low",
        "iron_oxide_index": 0.3095,
        "ferrous_mineral_index": 0.2219,
        "swir_b11_reflectance": 0.1903,
        "swir_b12_reflectance": 0.2338,
        "ndvi": 0.4339,
        "elevation_m": 557.7,
        "slope_deg": 7.8,
        "dist_to_fault_km": 41.71,
        "temp_c": 25.8,
        "rainfall_mm": 9.2,
        "timestamp": "2026-09-07T07:56:51.079660+00:00"
      }
    },
    {
      "type": "Feature",
      "geometry": {
        "type": "Point",
        "coordinates": [
          79.4,
          22.0
        ]
      },
      "properties": {
        "probability": 0.0393,
        "confidence": "low",
        "iron_oxide_index": 0.3278,
        "ferrous_mineral_index": 0.2377,
        "swir_b11_reflectance": 0.1424,
        "swir_b12_reflectance": 0.2073,
        "ndvi": 0.4029,
        "elevation_m": 300.0,
        "slope_deg": 3.2,
        "dist_to_fault_km": 35.8,
        "temp_c": 27.5,
        "rainfall_mm": 6.5,
        "timestamp": "2026-09-07T07:56:51.079660+00:00"
      }
    },
    {
      "type": "Feature",
      "geometry": {
        "type": "Point",
        "coordinates": [
          79.46,
          22.0
        ]
      },
      "properties": {
        "probability": 0.0016,
        "confidence": "low",
        "iron_oxide_index": 0.3225,
        "ferrous_mineral_index": 0.2342,
        "swir_b11_reflectance": 0.1744,
        "swir_b12_reflectance": 0.2132,
        "ndvi": 0.468,
        "elevation_m": 300.0,
        "slope_deg": 2.1,
        "dist_to_fault_km": 30.2,
        "temp_c": 27.5,
        "rainfall_mm": 6.5,
        "timestamp": "2026-09-07T07:56:51.079660+00:00"
      }
    },
    {
      "type": "Feature",
      "geometry": {
        "type": "Point",
        "coordinates": [
          79.52,
          22.0
        ]
      },
      "properties": {
        "probability": 0.0417,
        "confidence": "low",
        "iron_oxide_index": 0.2861,
        "ferrous_mineral_index": 0.2027,
        "swir_b11_reflectance": 0.162,
        "swir_b12_reflectance": 0.2338,
        "ndvi": 0.4895,
        "elevation_m": 557.7,
        "slope_deg": 7.3,
        "dist_to_fault_km": 25.12,
        "temp_c": 25.8,
        "rainfall_mm": 9.2,
        "timestamp": "2026-09-07T07:56:51.079660+00:00"
      }
    },
    {
      "type": "Feature",
      "geometry": {
        "type": "Point",
        "coordinates": [
          79.58,
          22.0
        ]
      },
      "properties": {
        "probability": 0.0329,
        "confidence": "low",
        "iron_oxide_index": 0.3032,
        "ferrous_mineral_index": 0.2438,
        "swir_b11_reflectance": 0.1615,
        "swir_b12_reflectance": 0.2107,
        "ndvi": 0.4154,
        "elevation_m": 300.0,
        "slope_deg": 2.7,
        "dist_to_fault_km": 20.94,
        "temp_c": 27.5,
        "rainfall_mm": 6.5,
        "timestamp": "2026-09-07T07:56:51.079660+00:00"
      }
    },
    {
      "type": "Feature",
      "geometry": {
        "type": "Point",
        "coordinates": [
          79.64,
          22.0
        ]
      },
      "properties": {
        "probability": 0.0024,
        "confidence": "low",
        "iron_oxide_index": 0.3114,
        "ferrous_mineral_index": 0.2296,
        "swir_b11_reflectance": 0.1736,
        "swir_b12_reflectance": 0.2228,
        "ndvi": 0.454,
        "elevation_m": 557.7,
        "slope_deg": 7.2,
        "dist_to_fault_km": 18.31,
        "temp_c": 25.8,
        "rainfall_mm": 9.2,
        "timestamp": "2026-09-07T07:56:51.079660+00:00"
      }
    },
    {
      "type": "Feature",
      "geometry": {
        "type": "Point",
        "coordinates": [
          79.7,
          22.0
        ]
      },
      "properties": {
        "probability": 0.0101,
        "confidence": "low",
        "iron_oxide_index": 0.3137,
        "ferrous_mineral_index": 0.2058,
        "swir_b11_reflectance": 0.1849,
        "swir_b12_reflectance": 0.2396,
        "ndvi": 0.4748,
        "elevation_m": 469.5,
        "slope_deg": 5.4,
        "dist_to_fault_km": 17.9,
        "temp_c": 26.2,
        "rainfall_mm": 9.7,
        "timestamp": "2026-09-07T07:56:51.079660+00:00"
      }
    },
    {
      "type": "Feature",
      "geometry": {
        "type": "Point",
        "coordinates": [
          79.76,
          22.0
        ]
      },
      "properties": {
        "probability": 0.0201,
        "confidence": "low",
        "iron_oxide_index": 0.2984,
        "ferrous_mineral_index": 0.2004,
        "swir_b11_reflectance": 0.1656,
        "swir_b12_reflectance": 0.2258,
        "ndvi": 0.4771,
        "elevation_m": 469.5,
        "slope_deg": 5.3,
        "dist_to_fault_km": 19.86,
        "temp_c": 26.2,
        "rainfall_mm": 9.7,
        "timestamp": "2026-09-07T07:56:51.079660+00:00"
      }
    },
    {
      "type": "Feature",
      "geometry": {
        "type": "Point",
        "coordinates": [
          79.82,
          22.0
        ]
      },
      "properties": {
        "probability": 0.0219,
        "confidence": "low",
        "iron_oxide_index": 0.3055,
        "ferrous_mineral_index": 0.2127,
        "swir_b11_reflectance": 0.1732,
        "swir_b12_reflectance": 0.1641,
        "ndvi": 0.4218,
        "elevation_m": 469.5,
        "slope_deg": 5.3,
        "dist_to_fault_km": 23.6,
        "temp_c": 26.2,
        "rainfall_mm": 9.7,
        "timestamp": "2026-09-07T07:56:51.079660+00:00"
      }
    },
    {
      "type": "Feature",
      "geometry": {
        "type": "Point",
        "coordinates": [
          79.88,
          22.0
        ]
      },
      "properties": {
        "probability": 0.0426,
        "confidence": "low",
        "iron_oxide_index": 0.2988,
        "ferrous_mineral_index": 0.2414,
        "swir_b11_reflectance": 0.1626,
        "swir_b12_reflectance": 0.2146,
        "ndvi": 0.3827,
        "elevation_m": 300.0,
        "slope_deg": 2.1,
        "dist_to_fault_km": 28.43,
        "temp_c": 27.5,
        "rainfall_mm": 6.5,
        "timestamp": "2026-09-07T07:56:51.079660+00:00"
      }
    },
    {
      "type": "Feature",
      "geometry": {
        "type": "Point",
        "coordinates": [
          79.94,
          22.0
        ]
      },
      "properties": {
        "probability": 0.0662,
        "confidence": "low",
        "iron_oxide_index": 0.3178,
        "ferrous_mineral_index": 0.1872,
        "swir_b11_reflectance": 0.1358,
        "swir_b12_reflectance": 0.23,
        "ndvi": 0.4572,
        "elevation_m": 300.0,
        "slope_deg": 3.7,
        "dist_to_fault_km": 33.56,
        "temp_c": 27.5,
        "rainfall_mm": 6.5,
        "timestamp": "2026-09-07T07:56:51.079660+00:00"
      }
    },
    {
      "type": "Feature",
      "geometry": {
        "type": "Point",
        "coordinates": [
          80.0,
          22.0
        ]
      },
      "properties": {
        "probability": 0.0056,
        "confidence": "low",
        "iron_oxide_index": 0.3085,
        "ferrous_mineral_index": 0.2356,
        "swir_b11_reflectance": 0.1641,
        "swir_b12_reflectance": 0.2199,
        "ndvi": 0.4121,
        "elevation_m": 469.5,
        "slope_deg": 6.5,
        "dist_to_fault_km": 28.3,
        "temp_c": 26.2,
        "rainfall_mm": 9.7,
        "timestamp": "2026-09-07T07:56:51.079660+00:00"
      }
    },
    {
      "type": "Feature",
      "geometry": {
        "type": "Point",
        "coordinates": [
          80.06,
          22.0
        ]
      },
      "properties": {
        "probability": 0.0419,
        "confidence": "low",
        "iron_oxide_index": 0.2976,
        "ferrous_mineral_index": 0.2025,
        "swir_b11_reflectance": 0.1734,
        "swir_b12_reflectance": 0.2236,
        "ndvi": 0.5109,
        "elevation_m": 300.0,
        "slope_deg": 3.2,
        "dist_to_fault_km": 23.75,
        "temp_c": 27.5,
        "rainfall_mm": 6.5,
        "timestamp": "2026-09-07T07:56:51.079660+00:00"
      }
    },
    {
      "type": "Feature",
      "geometry": {
        "type": "Point",
        "coordinates": [
          80.12,
          22.0
        ]
      },
      "properties": {
        "probability": 0.0171,
        "confidence": "low",
        "iron_oxide_index": 0.2741,
        "ferrous_mineral_index": 0.2221,
        "swir_b11_reflectance": 0.1839,
        "swir_b12_reflectance": 0.2398,
        "ndvi": 0.4246,
        "elevation_m": 300.0,
        "slope_deg": 2.2,
        "dist_to_fault_km": 20.41,
        "temp_c": 27.5,
        "rainfall_mm": 6.5,
        "timestamp": "2026-09-07T07:56:51.079660+00:00"
      }
    },
    {
      "type": "Feature",
      "geometry": {
        "type": "Point",
        "coordinates": [
          80.18,
          22.0
        ]
      },
      "properties": {
        "probability": 0.0103,
        "confidence": "low",
        "iron_oxide_index": 0.2889,
        "ferrous_mineral_index": 0.2007,
        "swir_b11_reflectance": 0.1798,
        "swir_b12_reflectance": 0.2164,
        "ndvi": 0.4387,
        "elevation_m": 469.5,
        "slope_deg": 5.6,
        "dist_to_fault_km": 17.9,
        "temp_c": 26.2,
        "rainfall_mm": 9.7,
        "timestamp": "2026-09-07T07:56:51.079660+00:00"
      }
    },
    {
      "type": "Feature",
      "geometry": {
        "type": "Point",
        "coordinates": [
          80.24,
          22.0
        ]
      },
      "properties": {
        "probability": 0.0109,
        "confidence": "low",
        "iron_oxide_index": 0.3009,
        "ferrous_mineral_index": 0.1901,
        "swir_b11_reflectance": 0.1599,
        "swir_b12_reflectance": 0.2433,
        "ndvi": 0.4526,
        "elevation_m": 300.0,
        "slope_deg": 1.5,
        "dist_to_fault_km": 15.7,
        "temp_c": 27.5,
        "rainfall_mm": 6.5,
        "timestamp": "2026-09-07T07:56:51.079660+00:00"
      }
    },
    {
      "type": "Feature",
      "geometry": {
        "type": "Point",
        "coordinates": [
          80.3,
          22.0
        ]
      },
      "properties": {
        "probability": 0.0155,
        "confidence": "low",
        "iron_oxide_index": 0.2773,
        "ferrous_mineral_index": 0.2526,
        "swir_b11_reflectance": 0.1744,
        "swir_b12_reflectance": 0.2433,
        "ndvi": 0.4909,
        "elevation_m": 469.5,
        "slope_deg": 5.0,
        "dist_to_fault_km": 16.16,
        "temp_c": 26.2,
        "rainfall_mm": 9.7,
        "timestamp": "2026-09-07T07:56:51.079660+00:00"
      }
    },
    {
      "type": "Feature",
      "geometry": {
        "type": "Point",
        "coordinates": [
          80.36,
          22.0
        ]
      },
      "properties": {
        "probability": 0.0059,
        "confidence": "low",
        "iron_oxide_index": 0.2885,
        "ferrous_mineral_index": 0.1985,
        "swir_b11_reflectance": 0.1679,
        "swir_b12_reflectance": 0.2257,
        "ndvi": 0.4152,
        "elevation_m": 300.0,
        "slope_deg": 2.0,
        "dist_to_fault_km": 19.1,
        "temp_c": 27.5,
        "rainfall_mm": 6.5,
        "timestamp": "2026-09-07T07:56:51.079660+00:00"
      }
    },
    {
      "type": "Feature",
      "geometry": {
        "type": "Point",
        "coordinates": [
          80.42,
          22.0
        ]
      },
      "properties": {
        "probability": 0.0011,
        "confidence": "low",
        "iron_oxide_index": 0.3321,
        "ferrous_mineral_index": 0.2581,
        "swir_b11_reflectance": 0.2079,
        "swir_b12_reflectance": 0.2692,
        "ndvi": 0.4584,
        "elevation_m": 547.2,
        "slope_deg": 8.2,
        "dist_to_fault_km": 13.55,
        "temp_c": 25.6,
        "rainfall_mm": 9.4,
        "timestamp": "2026-09-07T07:56:51.079660+00:00"
      }
    },
    {
      "type": "Feature",
      "geometry": {
        "type": "Point",
        "coordinates": [
          80.48,
          22.0
        ]
      },
      "properties": {
        "probability": 0.0885,
        "confidence": "low",
        "iron_oxide_index": 0.4822,
        "ferrous_mineral_index": 0.411,
        "swir_b11_reflectance": 0.3051,
        "swir_b12_reflectance": 0.35,
        "ndvi": 0.3756,
        "elevation_m": 547.2,
        "slope_deg": 10.5,
        "dist_to_fault_km": 8.95,
        "temp_c": 25.6,
        "rainfall_mm": 9.4,
        "timestamp": "2026-09-07T07:56:51.079660+00:00"
      }
    },
    {
      "type": "Feature",
      "geometry": {
        "type": "Point",
        "coordinates": [
          80.54,
          22.0
        ]
      },
      "properties": {
        "probability": 0.1596,
        "confidence": "low",
        "iron_oxide_index": 0.5391,
        "ferrous_mineral_index": 0.4041,
        "swir_b11_reflectance": 0.3226,
        "swir_b12_reflectance": 0.3568,
        "ndvi": 0.404,
        "elevation_m": 300.0,
        "slope_deg": 6.9,
        "dist_to_fault_km": 8.08,
        "temp_c": 27.5,
        "rainfall_mm": 6.5,
        "timestamp": "2026-09-07T07:56:51.079660+00:00"
      }
    },
    {
      "type": "Feature",
      "geometry": {
        "type": "Point",
        "coordinates": [
          80.6,
          22.0
        ]
      },
      "properties": {
        "probability": 0.0009,
        "confidence": "low",
        "iron_oxide_index": 0.398,
        "ferrous_mineral_index": 0.2783,
        "swir_b11_reflectance": 0.2327,
        "swir_b12_reflectance": 0.2651,
        "ndvi": 0.415,
        "elevation_m": 547.2,
        "slope_deg": 8.1,
        "dist_to_fault_km": 11.8,
        "temp_c": 25.6,
        "rainfall_mm": 9.4,
        "timestamp": "2026-09-07T07:56:51.079660+00:00"
      }
    },
    {
      "type": "Feature",
      "geometry": {
        "type": "Point",
        "coordinates": [
          80.66,
          22.0
        ]
      },
      "properties": {
        "probability": 0.0123,
        "confidence": "low",
        "iron_oxide_index": 0.3342,
        "ferrous_mineral_index": 0.2128,
        "swir_b11_reflectance": 0.1628,
        "swir_b12_reflectance": 0.2263,
        "ndvi": 0.4331,
        "elevation_m": 547.2,
        "slope_deg": 6.6,
        "dist_to_fault_km": 17.37,
        "temp_c": 25.6,
        "rainfall_mm": 9.4,
        "timestamp": "2026-09-07T07:56:51.079660+00:00"
      }
    },
    {
      "type": "Feature",
      "geometry": {
        "type": "Point",
        "coordinates": [
          80.72,
          22.0
        ]
      },
      "properties": {
        "probability": 0.0364,
        "confidence": "low",
        "iron_oxide_index": 0.2827,
        "ferrous_mineral_index": 0.2273,
        "swir_b11_reflectance": 0.1757,
        "swir_b12_reflectance": 0.194,
        "ndvi": 0.4216,
        "elevation_m": 547.2,
        "slope_deg": 6.5,
        "dist_to_fault_km": 23.52,
        "temp_c": 25.6,
        "rainfall_mm": 9.4,
        "timestamp": "2026-09-07T07:56:51.079660+00:00"
      }
    },
    {
      "type": "Feature",
      "geometry": {
        "type": "Point",
        "coordinates": [
          80.78,
          22.0
        ]
      },
      "properties": {
        "probability": 0.0103,
        "confidence": "low",
        "iron_oxide_index": 0.3331,
        "ferrous_mineral_index": 0.2162,
        "swir_b11_reflectance": 0.1724,
        "swir_b12_reflectance": 0.2225,
        "ndvi": 0.4691,
        "elevation_m": 547.2,
        "slope_deg": 6.5,
        "dist_to_fault_km": 29.89,
        "temp_c": 25.6,
        "rainfall_mm": 9.4,
        "timestamp": "2026-09-07T07:56:51.079660+00:00"
      }
    },
    {
      "type": "Feature",
      "geometry": {
        "type": "Point",
        "coordinates": [
          78.5,
          22.06
        ]
      },
      "properties": {
        "probability": 0.1317,
        "confidence": "low",
        "iron_oxide_index": 0.3169,
        "ferrous_mineral_index": 0.255,
        "swir_b11_reflectance": 0.1942,
        "swir_b12_reflectance": 0.2174,
        "ndvi": 0.4003,
        "elevation_m": 637.8,
        "slope_deg": 7.0,
        "dist_to_fault_km": 100.13,
        "temp_c": 25.4,
        "rainfall_mm": 8.9,
        "timestamp": "2026-09-07T07:56:51.079660+00:00"
      }
    },
    {
      "type": "Feature",
      "geometry": {
        "type": "Point",
        "coordinates": [
          78.56,
          22.06
        ]
      },
      "properties": {
        "probability": 0.0238,
        "confidence": "low",
        "iron_oxide_index": 0.2944,
        "ferrous_mineral_index": 0.2154,
        "swir_b11_reflectance": 0.1804,
        "swir_b12_reflectance": 0.2302,
        "ndvi": 0.4372,
        "elevation_m": 300.0,
        "slope_deg": 2.3,
        "dist_to_fault_km": 96.37,
        "temp_c": 27.5,
        "rainfall_mm": 6.5,
        "timestamp": "2026-09-07T07:56:51.079660+00:00"
      }
    },
    {
      "type": "Feature",
      "geometry": {
        "type": "Point",
        "coordinates": [
          78.62,
          22.06
        ]
      },
      "properties": {
        "probability": 0.3991,
        "confidence": "low",
        "iron_oxide_index": 0.2827,
        "ferrous_mineral_index": 0.2069,
        "swir_b11_reflectance": 0.1744,
        "swir_b12_reflectance": 0.2023,
        "ndvi": 0.448,
        "elevation_m": 637.8,
        "slope_deg": 7.9,
        "dist_to_fault_km": 92.94,
        "temp_c": 25.4,
        "rainfall_mm": 8.9,
        "timestamp": "2026-09-07T07:56:51.079660+00:00"
      }
    },
    {
      "type": "Feature",
      "geometry": {
        "type": "Point",
        "coordinates": [
          78.68,
          22.06
        ]
      },
      "properties": {
        "probability": 0.07,
        "confidence": "low",
        "iron_oxide_index": 0.2862,
        "ferrous_mineral_index": 0.2369,
        "swir_b11_reflectance": 0.1747,
        "swir_b12_reflectance": 0.2282,
        "ndvi": 0.4498,
        "elevation_m": 637.8,
        "slope_deg": 7.3,
        "dist_to_fault_km": 89.86,
        "temp_c": 25.4,
        "rainfall_mm": 8.9,
        "timestamp": "2026-09-07T07:56:51.079660+00:00"
      }
    },
    {
      "type": "Feature",
      "geometry": {
        "type": "Point",
        "coordinates": [
          78.74,
          22.06
        ]
      },
      "properties": {
        "probability": 0.0509,
        "confidence": "low",
        "iron_oxide_index": 0.2991,
        "ferrous_mineral_index": 0.1985,
        "swir_b11_reflectance": 0.1742,
        "swir_b12_reflectance": 0.2583,
        "ndvi": 0.3892,
        "elevation_m": 300.0,
        "slope_deg": 2.3,
        "dist_to_fault_km": 87.19,
        "temp_c": 27.5,
        "rainfall_mm": 6.5,
        "timestamp": "2026-09-07T07:56:51.079660+00:00"
      }
    },
    {
      "type": "Feature",
      "geometry": {
        "type": "Point",
        "coordinates": [
          78.8,
          22.06
        ]
      },
      "properties": {
        "probability": 0.1878,
        "confidence": "low",
        "iron_oxide_index": 0.2655,
        "ferrous_mineral_index": 0.2271,
        "swir_b11_reflectance": 0.1793,
        "swir_b12_reflectance": 0.2193,
        "ndvi": 0.4855,
        "elevation_m": 637.8,
        "slope_deg": 7.5,
        "dist_to_fault_km": 84.96,
        "temp_c": 25.4,
        "rainfall_mm": 8.9,
        "timestamp": "2026-09-07T07:56:51.079660+00:00"
      }
    },
    {
      "type": "Feature",
      "geometry": {
        "type": "Point",
        "coordinates": [
          78.86,
          22.06
        ]
      },
      "properties": {
        "probability": 0.0247,
        "confidence": "low",
        "iron_oxide_index": 0.3205,
        "ferrous_mineral_index": 0.2197,
        "swir_b11_reflectance": 0.1974,
        "swir_b12_reflectance": 0.2331,
        "ndvi": 0.4694,
        "elevation_m": 300.0,
        "slope_deg": 2.4,
        "dist_to_fault_km": 81.3,
        "temp_c": 27.5,
        "rainfall_mm": 6.5,
        "timestamp": "2026-09-07T07:56:51.079660+00:00"
      }
    },
    {
      "type": "Feature",
      "geometry": {
        "type": "Point",
        "coordinates": [
          78.92,
          22.06
        ]
      },
      "properties": {
        "probability": 0.0186,
        "confidence": "low",
        "iron_oxide_index": 0.268,
        "ferrous_mineral_index": 0.2662,
        "swir_b11_reflectance": 0.1888,
        "swir_b12_reflectance": 0.2485,
        "ndvi": 0.4746,
        "elevation_m": 300.0,
        "slope_deg": 2.3,
        "dist_to_fault_km": 77.96,
        "temp_c": 27.5,
        "rainfall_mm": 6.5,
        "timestamp": "2026-09-07T07:56:51.079660+00:00"
      }
    },
    {
      "type": "Feature",
      "geometry": {
        "type": "Point",
        "coordinates": [
          78.98,
          22.06
        ]
      },
      "properties": {
        "probability": 0.1316,
        "confidence": "low",
        "iron_oxide_index": 0.2808,
        "ferrous_mineral_index": 0.2313,
        "swir_b11_reflectance": 0.1733,
        "swir_b12_reflectance": 0.2317,
        "ndvi": 0.3917,
        "elevation_m": 637.8,
        "slope_deg": 8.2,
        "dist_to_fault_km": 75.06,
        "temp_c": 25.4,
        "rainfall_mm": 8.9,
        "timestamp": "2026-09-07T07:56:51.079660+00:00"
      }
    },
    {
      "type": "Feature",
      "geometry": {
        "type": "Point",
        "coordinates": [
          79.04,
          22.06
        ]
      },
      "properties": {
        "probability": 0.5969,
        "confidence": "medium",
        "iron_oxide_index": 0.311,
        "ferrous_mineral_index": 0.2039,
        "swir_b11_reflectance": 0.1769,
        "swir_b12_reflectance": 0.2053,
        "ndvi": 0.406,
        "elevation_m": 637.8,
        "slope_deg": 7.5,
        "dist_to_fault_km": 71.9,
        "temp_c": 25.4,
        "rainfall_mm": 8.9,
        "timestamp": "2026-09-07T07:56:51.079660+00:00"
      }
    },
    {
      "type": "Feature",
      "geometry": {
        "type": "Point",
        "coordinates": [
          79.1,
          22.06
        ]
      },
      "properties": {
        "probability": 0.175,
        "confidence": "low",
        "iron_oxide_index": 0.3282,
        "ferrous_mineral_index": 0.2214,
        "swir_b11_reflectance": 0.1515,
        "swir_b12_reflectance": 0.197,
        "ndvi": 0.3973,
        "elevation_m": 557.7,
        "slope_deg": 7.7,
        "dist_to_fault_km": 65.33,
        "temp_c": 25.8,
        "rainfall_mm": 9.2,
        "timestamp": "2026-09-07T07:56:51.079660+00:00"
      }
    },
    {
      "type": "Feature",
      "geometry": {
        "type": "Point",
        "coordinates": [
          79.16,
          22.06
        ]
      },
      "properties": {
        "probability": 0.0336,
        "confidence": "low",
        "iron_oxide_index": 0.3031,
        "ferrous_mineral_index": 0.2115,
        "swir_b11_reflectance": 0.1874,
        "swir_b12_reflectance": 0.2378,
        "ndvi": 0.4236,
        "elevation_m": 557.7,
        "slope_deg": 6.9,
        "dist_to_fault_km": 58.78,
        "temp_c": 25.8,
        "rainfall_mm": 9.2,
        "timestamp": "2026-09-07T07:56:51.079660+00:00"
      }
    },
    {
      "type": "Feature",
      "geometry": {
        "type": "Point",
        "coordinates": [
          79.22,
          22.06
        ]
      },
      "properties": {
        "probability": 0.0968,
        "confidence": "low",
        "iron_oxide_index": 0.2722,
        "ferrous_mineral_index": 0.1976,
        "swir_b11_reflectance": 0.1633,
        "swir_b12_reflectance": 0.2266,
        "ndvi": 0.4536,
        "elevation_m": 557.7,
        "slope_deg": 6.8,
        "dist_to_fault_km": 52.25,
        "temp_c": 25.8,
        "rainfall_mm": 9.2,
        "timestamp": "2026-09-07T07:56:51.079660+00:00"
      }
    },
    {
      "type": "Feature",
      "geometry": {
        "type": "Point",
        "coordinates": [
          79.28,
          22.06
        ]
      },
      "properties": {
        "probability": 0.099,
        "confidence": "low",
        "iron_oxide_index": 0.3027,
        "ferrous_mineral_index": 0.1914,
        "swir_b11_reflectance": 0.1559,
        "swir_b12_reflectance": 0.1985,
        "ndvi": 0.4641,
        "elevation_m": 557.7,
        "slope_deg": 7.1,
        "dist_to_fault_km": 45.77,
        "temp_c": 25.8,
        "rainfall_mm": 9.2,
        "timestamp": "2026-09-07T07:56:51.079660+00:00"
      }
    },
    {
      "type": "Feature",
      "geometry": {
        "type": "Point",
        "coordinates": [
          79.34,
          22.06
        ]
      },
      "properties": {
        "probability": 0.0672,
        "confidence": "low",
        "iron_oxide_index": 0.2994,
        "ferrous_mineral_index": 0.2057,
        "swir_b11_reflectance": 0.1535,
        "swir_b12_reflectance": 0.199,
        "ndvi": 0.4708,
        "elevation_m": 557.7,
        "slope_deg": 7.0,
        "dist_to_fault_km": 39.34,
        "temp_c": 25.8,
        "rainfall_mm": 9.2,
        "timestamp": "2026-09-07T07:56:51.079660+00:00"
      }
    },
    {
      "type": "Feature",
      "geometry": {
        "type": "Point",
        "coordinates": [
          79.4,
          22.06
        ]
      },
      "properties": {
        "probability": 0.0343,
        "confidence": "low",
        "iron_oxide_index": 0.2848,
        "ferrous_mineral_index": 0.2133,
        "swir_b11_reflectance": 0.1995,
        "swir_b12_reflectance": 0.2124,
        "ndvi": 0.4667,
        "elevation_m": 557.7,
        "slope_deg": 7.1,
        "dist_to_fault_km": 33.0,
        "temp_c": 25.8,
        "rainfall_mm": 9.2,
        "timestamp": "2026-09-07T07:56:51.079660+00:00"
      }
    },
    {
      "type": "Feature",
      "geometry": {
        "type": "Point",
        "coordinates": [
          79.46,
          22.06
        ]
      },
      "properties": {
        "probability": 0.0497,
        "confidence": "low",
        "iron_oxide_index": 0.2931,
        "ferrous_mineral_index": 0.2396,
        "swir_b11_reflectance": 0.1727,
        "swir_b12_reflectance": 0.2012,
        "ndvi": 0.4934,
        "elevation_m": 557.7,
        "slope_deg": 5.9,
        "dist_to_fault_km": 26.82,
        "temp_c": 25.8,
        "rainfall_mm": 9.2,
        "timestamp": "2026-09-07T07:56:51.079660+00:00"
      }
    },
    {
      "type": "Feature",
      "geometry": {
        "type": "Point",
        "coordinates": [
          79.52,
          22.06
        ]
      },
      "properties": {
        "probability": 0.0341,
        "confidence": "low",
        "iron_oxide_index": 0.2971,
        "ferrous_mineral_index": 0.2217,
        "swir_b11_reflectance": 0.1638,
        "swir_b12_reflectance": 0.2286,
        "ndvi": 0.4391,
        "elevation_m": 557.7,
        "slope_deg": 5.4,
        "dist_to_fault_km": 20.94,
        "temp_c": 25.8,
        "rainfall_mm": 9.2,
        "timestamp": "2026-09-07T07:56:51.079660+00:00"
      }
    },
    {
      "type": "Feature",
      "geometry": {
        "type": "Point",
        "coordinates": [
          79.58,
          22.06
        ]
      },
      "properties": {
        "probability": 0.0229,
        "confidence": "low",
        "iron_oxide_index": 0.2456,
        "ferrous_mineral_index": 0.2214,
        "swir_b11_reflectance": 0.1692,
        "swir_b12_reflectance": 0.2314,
        "ndvi": 0.4221,
        "elevation_m": 557.7,
        "slope_deg": 6.3,
        "dist_to_fault_km": 15.7,
        "temp_c": 25.8,
        "rainfall_mm": 9.2,
        "timestamp": "2026-09-07T07:56:51.079660+00:00"
      }
    },
    {
      "type": "Feature",
      "geometry": {
        "type": "Point",
        "coordinates": [
          79.64,
          22.06
        ]
      },
      "properties": {
        "probability": 0.0003,
        "confidence": "low",
        "iron_oxide_index": 0.3991,
        "ferrous_mineral_index": 0.2797,
        "swir_b11_reflectance": 0.2224,
        "swir_b12_reflectance": 0.2953,
        "ndvi": 0.4371,
        "elevation_m": 557.7,
        "slope_deg": 9.4,
        "dist_to_fault_km": 11.96,
        "temp_c": 25.8,
        "rainfall_mm": 9.2,
        "timestamp": "2026-09-07T07:56:51.079660+00:00"
      }
    },
    {
      "type": "Feature",
      "geometry": {
        "type": "Point",
        "coordinates": [
          79.7,
          22.06
        ]
      },
      "properties": {
        "probability": 0.0001,
        "confidence": "low",
        "iron_oxide_index": 0.3938,
        "ferrous_mineral_index": 0.2815,
        "swir_b11_reflectance": 0.2535,
        "swir_b12_reflectance": 0.2869,
        "ndvi": 0.4614,
        "elevation_m": 469.5,
        "slope_deg": 7.3,
        "dist_to_fault_km": 11.32,
        "temp_c": 26.2,
        "rainfall_mm": 9.7,
        "timestamp": "2026-09-07T07:56:51.079660+00:00"
      }
    },
    {
      "type": "Feature",
      "geometry": {
        "type": "Point",
        "coordinates": [
          79.76,
          22.06
        ]
      },
      "properties": {
        "probability": 0.0001,
        "confidence": "low",
        "iron_oxide_index": 0.3287,
        "ferrous_mineral_index": 0.2354,
        "swir_b11_reflectance": 0.2039,
        "swir_b12_reflectance": 0.2326,
        "ndvi": 0.4304,
        "elevation_m": 469.5,
        "slope_deg": 6.1,
        "dist_to_fault_km": 14.21,
        "temp_c": 26.2,
        "rainfall_mm": 9.7,
        "timestamp": "2026-09-07T07:56:51.079660+00:00"
      }
    },
    {
      "type": "Feature",
      "geometry": {
        "type": "Point",
        "coordinates": [
          79.82,
          22.06
        ]
      },
      "properties": {
        "probability": 0.0235,
        "confidence": "low",
        "iron_oxide_index": 0.3013,
        "ferrous_mineral_index": 0.2209,
        "swir_b11_reflectance": 0.1587,
        "swir_b12_reflectance": 0.2261,
        "ndvi": 0.4348,
        "elevation_m": 300.0,
        "slope_deg": 4.0,
        "dist_to_fault_km": 19.1,
        "temp_c": 27.5,
        "rainfall_mm": 6.5,
        "timestamp": "2026-09-07T07:56:51.079660+00:00"
      }
    },
    {
      "type": "Feature",
      "geometry": {
        "type": "Point",
        "coordinates": [
          79.88,
          22.06
        ]
      },
      "properties": {
        "probability": 0.0317,
        "confidence": "low",
        "iron_oxide_index": 0.3282,
        "ferrous_mineral_index": 0.206,
        "swir_b11_reflectance": 0.1794,
        "swir_b12_reflectance": 0.2192,
        "ndvi": 0.4463,
        "elevation_m": 300.0,
        "slope_deg": 3.1,
        "dist_to_fault_km": 24.82,
        "temp_c": 27.5,
        "rainfall_mm": 6.5,
        "timestamp": "2026-09-07T07:56:51.079660+00:00"
      }
    },
    {
      "type": "Feature",
      "geometry": {
        "type": "Point",
        "coordinates": [
          79.94,
          22.06
        ]
      },
      "properties": {
        "probability": 0.0193,
        "confidence": "low",
        "iron_oxide_index": 0.293,
        "ferrous_mineral_index": 0.2284,
        "swir_b11_reflectance": 0.1687,
        "swir_b12_reflectance": 0.1945,
        "ndvi": 0.4564,
        "elevation_m": 469.5,
        "slope_deg": 5.6,
        "dist_to_fault_km": 30.92,
        "temp_c": 26.2,
        "rainfall_mm": 9.7,
        "timestamp": "2026-09-07T07:56:51.079660+00:00"
      }
    },
    {
      "type": "Feature",
      "geometry": {
        "type": "Point",
        "coordinates": [
          80.0,
          22.06
        ]
      },
      "properties": {
        "probability": 0.0215,
        "confidence": "low",
        "iron_oxide_index": 0.2869,
        "ferrous_mineral_index": 0.2221,
        "swir_b11_reflectance": 0.198,
        "swir_b12_reflectance": 0.2002,
        "ndvi": 0.4187,
        "elevation_m": 469.5,
        "slope_deg": 6.1,
        "dist_to_fault_km": 33.11,
        "temp_c": 26.2,
        "rainfall_mm": 9.7,
        "timestamp": "2026-09-07T07:56:51.079660+00:00"
      }
    },
    {
      "type": "Feature",
      "geometry": {
        "type": "Point",
        "coordinates": [
          80.06,
          22.06
        ]
      },
      "properties": {
        "probability": 0.0103,
        "confidence": "low",
        "iron_oxide_index": 0.3042,
        "ferrous_mineral_index": 0.2051,
        "swir_b11_reflectance": 0.1623,
        "swir_b12_reflectance": 0.2175,
        "ndvi": 0.4278,
        "elevation_m": 469.5,
        "slope_deg": 5.3,
        "dist_to_fault_km": 29.33,
        "temp_c": 26.2,
        "rainfall_mm": 9.7,
        "timestamp": "2026-09-07T07:56:51.079660+00:00"
      }
    },
    {
      "type": "Feature",
      "geometry": {
        "type": "Point",
        "coordinates": [
          80.12,
          22.06
        ]
      },
      "properties": {
        "probability": 0.0247,
        "confidence": "low",
        "iron_oxide_index": 0.3076,
        "ferrous_mineral_index": 0.227,
        "swir_b11_reflectance": 0.1569,
        "swir_b12_reflectance": 0.2222,
        "ndvi": 0.4062,
        "elevation_m": 300.0,
        "slope_deg": 3.2,
        "dist_to_fault_km": 26.69,
        "temp_c": 27.5,
        "rainfall_mm": 6.5,
        "timestamp": "2026-09-07T07:56:51.079660+00:00"
      }
    },
    {
      "type": "Feature",
      "geometry": {
        "type": "Point",
        "coordinates": [
          80.18,
          22.06
        ]
      },
      "properties": {
        "probability": 0.0262,
        "confidence": "low",
        "iron_oxide_index": 0.3075,
        "ferrous_mineral_index": 0.1934,
        "swir_b11_reflectance": 0.1981,
        "swir_b12_reflectance": 0.2232,
        "ndvi": 0.4291,
        "elevation_m": 469.5,
        "slope_deg": 5.4,
        "dist_to_fault_km": 23.91,
        "temp_c": 26.2,
        "rainfall_mm": 9.7,
        "timestamp": "2026-09-07T07:56:51.079660+00:00"
      }
    },
    {
      "type": "Feature",
      "geometry": {
        "type": "Point",
        "coordinates": [
          80.24,
          22.06
        ]
      },
      "properties": {
        "probability": 0.0056,
        "confidence": "low",
        "iron_oxide_index": 0.3053,
        "ferrous_mineral_index": 0.2444,
        "swir_b11_reflectance": 0.1709,
        "swir_b12_reflectance": 0.2273,
        "ndvi": 0.4115,
        "elevation_m": 469.5,
        "slope_deg": 5.1,
        "dist_to_fault_km": 22.31,
        "temp_c": 26.2,
        "rainfall_mm": 9.7,
        "timestamp": "2026-09-07T07:56:51.079660+00:00"
      }
    },
    {
      "type": "Feature",
      "geometry": {
        "type": "Point",
        "coordinates": [
          80.3,
          22.06
        ]
      },
      "properties": {
        "probability": 0.0116,
        "confidence": "low",
        "iron_oxide_index": 0.3196,
        "ferrous_mineral_index": 0.2219,
        "swir_b11_reflectance": 0.1749,
        "swir_b12_reflectance": 0.2276,
        "ndvi": 0.4463,
        "elevation_m": 300.0,
        "slope_deg": 3.1,
        "dist_to_fault_km": 22.64,
        "temp_c": 27.5,
        "rainfall_mm": 6.5,
        "timestamp": "2026-09-07T07:56:51.079660+00:00"
      }
    },
    {
      "type": "Feature",
      "geometry": {
        "type": "Point",
        "coordinates": [
          80.36,
          22.06
        ]
      },
      "properties": {
        "probability": 0.069,
        "confidence": "low",
        "iron_oxide_index": 0.3077,
        "ferrous_mineral_index": 0.1846,
        "swir_b11_reflectance": 0.1755,
        "swir_b12_reflectance": 0.1922,
        "ndvi": 0.3874,
        "elevation_m": 300.0,
        "slope_deg": 3.1,
        "dist_to_fault_km": 22.88,
        "temp_c": 27.5,
        "rainfall_mm": 6.5,
        "timestamp": "2026-09-07T07:56:51.079660+00:00"
      }
    },
    {
      "type": "Feature",
      "geometry": {
        "type": "Point",
        "coordinates": [
          80.42,
          22.06
        ]
      },
      "properties": {
        "probability": 0.0074,
        "confidence": "low",
        "iron_oxide_index": 0.3088,
        "ferrous_mineral_index": 0.229,
        "swir_b11_reflectance": 0.17,
        "swir_b12_reflectance": 0.1929,
        "ndvi": 0.4109,
        "elevation_m": 547.2,
        "slope_deg": 6.8,
        "dist_to_fault_km": 18.2,
        "temp_c": 25.6,
        "rainfall_mm": 9.4,
        "timestamp": "2026-09-07T07:56:51.079660+00:00"
      }
    },
    {
      "type": "Feature",
      "geometry": {
        "type": "Point",
        "coordinates": [
          80.48,
          22.06
        ]
      },
      "properties": {
        "probability": 0.0073,
        "confidence": "low",
        "iron_oxide_index": 0.2775,
        "ferrous_mineral_index": 0.2301,
        "swir_b11_reflectance": 0.1673,
        "swir_b12_reflectance": 0.24,
        "ndvi": 0.416,
        "elevation_m": 547.2,
        "slope_deg": 6.3,
        "dist_to_fault_km": 15.1,
        "temp_c": 25.6,
        "rainfall_mm": 9.4,
        "timestamp": "2026-09-07T07:56:51.079660+00:00"
      }
    },
    {
      "type": "Feature",
      "geometry": {
        "type": "Point",
        "coordinates": [
          80.54,
          22.06
        ]
      },
      "properties": {
        "probability": 0.01,
        "confidence": "low",
        "iron_oxide_index": 0.3231,
        "ferrous_mineral_index": 0.2124,
        "swir_b11_reflectance": 0.1656,
        "swir_b12_reflectance": 0.2361,
        "ndvi": 0.471,
        "elevation_m": 547.2,
        "slope_deg": 6.6,
        "dist_to_fault_km": 14.6,
        "temp_c": 25.6,
        "rainfall_mm": 9.4,
        "timestamp": "2026-09-07T07:56:51.079660+00:00"
      }
    },
    {
      "type": "Feature",
      "geometry": {
        "type": "Point",
        "coordinates": [
          80.6,
          22.06
        ]
      },
      "properties": {
        "probability": 0.0102,
        "confidence": "low",
        "iron_oxide_index": 0.3234,
        "ferrous_mineral_index": 0.2207,
        "swir_b11_reflectance": 0.1828,
        "swir_b12_reflectance": 0.2072,
        "ndvi": 0.4277,
        "elevation_m": 547.2,
        "slope_deg": 6.5,
        "dist_to_fault_km": 16.94,
        "temp_c": 25.6,
        "rainfall_mm": 9.4,
        "timestamp": "2026-09-07T07:56:51.079660+00:00"
      }
    },
    {
      "type": "Feature",
      "geometry": {
        "type": "Point",
        "coordinates": [
          80.66,
          22.06
        ]
      },
      "properties": {
        "probability": 0.0198,
        "confidence": "low",
        "iron_oxide_index": 0.2939,
        "ferrous_mineral_index": 0.1894,
        "swir_b11_reflectance": 0.159,
        "swir_b12_reflectance": 0.2387,
        "ndvi": 0.447,
        "elevation_m": 547.2,
        "slope_deg": 5.9,
        "dist_to_fault_km": 21.21,
        "temp_c": 25.6,
        "rainfall_mm": 9.4,
        "timestamp": "2026-09-07T07:56:51.079660+00:00"
      }
    },
    {
      "type": "Feature",
      "geometry": {
        "type": "Point",
        "coordinates": [
          80.72,
          22.06
        ]
      },
      "properties": {
        "probability": 0.0214,
        "confidence": "low",
        "iron_oxide_index": 0.2833,
        "ferrous_mineral_index": 0.2234,
        "swir_b11_reflectance": 0.1574,
        "swir_b12_reflectance": 0.2389,
        "ndvi": 0.4302,
        "elevation_m": 300.0,
        "slope_deg": 3.1,
        "dist_to_fault_km": 26.48,
        "temp_c": 27.5,
        "rainfall_mm": 6.5,
        "timestamp": "2026-09-07T07:56:51.079660+00:00"
      }
    },
    {
      "type": "Feature",
      "geometry": {
        "type": "Point",
        "coordinates": [
          80.78,
          22.06
        ]
      },
      "properties": {
        "probability": 0.0369,
        "confidence": "low",
        "iron_oxide_index": 0.3128,
        "ferrous_mineral_index": 0.2629,
        "swir_b11_reflectance": 0.1806,
        "swir_b12_reflectance": 0.2106,
        "ndvi": 0.486,
        "elevation_m": 300.0,
        "slope_deg": 3.5,
        "dist_to_fault_km": 32.27,
        "temp_c": 27.5,
        "rainfall_mm": 6.5,
        "timestamp": "2026-09-07T07:56:51.079660+00:00"
      }
    },
    {
      "type": "Feature",
      "geometry": {
        "type": "Point",
        "coordinates": [
          78.5,
          22.12
        ]
      },
      "properties": {
        "probability": 0.0898,
        "confidence": "low",
        "iron_oxide_index": 0.3119,
        "ferrous_mineral_index": 0.2606,
        "swir_b11_reflectance": 0.1547,
        "swir_b12_reflectance": 0.2276,
        "ndvi": 0.4458,
        "elevation_m": 637.8,
        "slope_deg": 8.5,
        "dist_to_fault_km": 105.6,
        "temp_c": 25.4,
        "rainfall_mm": 8.9,
        "timestamp": "2026-09-07T07:56:51.079660+00:00"
      }
    },
    {
      "type": "Feature",
      "geometry": {
        "type": "Point",
        "coordinates": [
          78.56,
          22.12
        ]
      },
      "properties": {
        "probability": 0.0223,
        "confidence": "low",
        "iron_oxide_index": 0.2598,
        "ferrous_mineral_index": 0.2094,
        "swir_b11_reflectance": 0.1583,
        "swir_b12_reflectance": 0.2111,
        "ndvi": 0.48,
        "elevation_m": 300.0,
        "slope_deg": 2.5,
        "dist_to_fault_km": 102.04,
        "temp_c": 27.5,
        "rainfall_mm": 6.5,
        "timestamp": "2026-09-07T07:56:51.079660+00:00"
      }
    },
    {
      "type": "Feature",
      "geometry": {
        "type": "Point",
        "coordinates": [
          78.62,
          22.12
        ]
      },
      "properties": {
        "probability": 0.4586,
        "confidence": "medium",
        "iron_oxide_index": 0.3172,
        "ferrous_mineral_index": 0.1924,
        "swir_b11_reflectance": 0.1757,
        "swir_b12_reflectance": 0.2009,
        "ndvi": 0.4069,
        "elevation_m": 637.8,
        "slope_deg": 7.8,
        "dist_to_fault_km": 98.8,
        "temp_c": 25.4,
        "rainfall_mm": 8.9,
        "timestamp": "2026-09-07T07:56:51.079660+00:00"
      }
    },
    {
      "type": "Feature",
      "geometry": {
        "type": "Point",
        "coordinates": [
          78.68,
          22.12
        ]
      },
      "properties": {
        "probability": 0.0497,
        "confidence": "low",
        "iron_oxide_index": 0.2822,
        "ferrous_mineral_index": 0.2374,
        "swir_b11_reflectance": 0.178,
        "swir_b12_reflectance": 0.1912,
        "ndvi": 0.4834,
        "elevation_m": 300.0,
        "slope_deg": 2.9,
        "dist_to_fault_km": 95.91,
        "temp_c": 27.5,
        "rainfall_mm": 6.5,
        "timestamp": "2026-09-07T07:56:51.079660+00:00"
      }
    },
    {
      "type": "Feature",
      "geometry": {
        "type": "Point",
        "coordinates": [
          78.74,
          22.12
        ]
      },
      "properties": {
        "probability": 0.3805,
        "confidence": "low",
        "iron_oxide_index": 0.2971,
        "ferrous_mineral_index": 0.1997,
        "swir_b11_reflectance": 0.1632,
        "swir_b12_reflectance": 0.2078,
        "ndvi": 0.4616,
        "elevation_m": 637.8,
        "slope_deg": 8.1,
        "dist_to_fault_km": 93.41,
        "temp_c": 25.4,
        "rainfall_mm": 8.9,
        "timestamp": "2026-09-07T07:56:51.079660+00:00"
      }
    },
    {
      "type": "Feature",
      "geometry": {
        "type": "Point",
        "coordinates": [
          78.8,
          22.12
        ]
      },
      "properties": {
        "probability": 0.1327,
        "confidence": "low",
        "iron_oxide_index": 0.3157,
        "ferrous_mineral_index": 0.2433,
        "swir_b11_reflectance": 0.157,
        "swir_b12_reflectance": 0.2249,
        "ndvi": 0.4594,
        "elevation_m": 637.8,
        "slope_deg": 7.7,
        "dist_to_fault_km": 90.51,
        "temp_c": 25.4,
        "rainfall_mm": 8.9,
        "timestamp": "2026-09-07T07:56:51.079660+00:00"
      }
    },
    {
      "type": "Feature",
      "geometry": {
        "type": "Point",
        "coordinates": [
          78.86,
          22.12
        ]
      },
      "properties": {
        "probability": 0.0151,
        "confidence": "low",
        "iron_oxide_index": 0.3227,
        "ferrous_mineral_index": 0.2154,
        "swir_b11_reflectance": 0.1948,
        "swir_b12_reflectance": 0.2237,
        "ndvi": 0.4462,
        "elevation_m": 300.0,
        "slope_deg": 2.2,
        "dist_to_fault_km": 87.01,
        "temp_c": 27.5,
        "rainfall_mm": 6.5,
        "timestamp": "2026-09-07T07:56:51.079660+00:00"
      }
    },
    {
      "type": "Feature",
      "geometry": {
        "type": "Point",
        "coordinates": [
          78.92,
          22.12
        ]
      },
      "properties": {
        "probability": 0.4621,
        "confidence": "medium",
        "iron_oxide_index": 0.3015,
        "ferrous_mineral_index": 0.2072,
        "swir_b11_reflectance": 0.1603,
        "swir_b12_reflectance": 0.2131,
        "ndvi": 0.4396,
        "elevation_m": 637.8,
        "slope_deg": 7.6,
        "dist_to_fault_km": 83.9,
        "temp_c": 25.4,
        "rainfall_mm": 8.9,
        "timestamp": "2026-09-07T07:56:51.079660+00:00"
      }
    },
    {
      "type": "Feature",
      "geometry": {
        "type": "Point",
        "coordinates": [
          78.98,
          22.12
        ]
      },
      "properties": {
        "probability": 0.3156,
        "confidence": "low",
        "iron_oxide_index": 0.2863,
        "ferrous_mineral_index": 0.2117,
        "swir_b11_reflectance": 0.1628,
        "swir_b12_reflectance": 0.1967,
        "ndvi": 0.4996,
        "elevation_m": 637.8,
        "slope_deg": 9.1,
        "dist_to_fault_km": 77.83,
        "temp_c": 25.4,
        "rainfall_mm": 8.9,
        "timestamp": "2026-09-07T07:56:51.079660+00:00"
      }
    },
    {
      "type": "Feature",
      "geometry": {
        "type": "Point",
        "coordinates": [
          79.04,
          22.12
        ]
      },
      "properties": {
        "probability": 0.3817,
        "confidence": "low",
        "iron_oxide_index": 0.3183,
        "ferrous_mineral_index": 0.2207,
        "swir_b11_reflectance": 0.1774,
        "swir_b12_reflectance": 0.225,
        "ndvi": 0.5201,
        "elevation_m": 637.8,
        "slope_deg": 7.8,
        "dist_to_fault_km": 71.18,
        "temp_c": 25.4,
        "rainfall_mm": 8.9,
        "timestamp": "2026-09-07T07:56:51.079660+00:00"
      }
    },
    {
      "type": "Feature",
      "geometry": {
        "type": "Point",
        "coordinates": [
          79.1,
          22.12
        ]
      },
      "properties": {
        "probability": 0.0361,
        "confidence": "low",
        "iron_oxide_index": 0.3211,
        "ferrous_mineral_index": 0.2713,
        "swir_b11_reflectance": 0.187,
        "swir_b12_reflectance": 0.2433,
        "ndvi": 0.4608,
        "elevation_m": 557.7,
        "slope_deg": 6.5,
        "dist_to_fault_km": 64.53,
        "temp_c": 25.8,
        "rainfall_mm": 9.2,
        "timestamp": "2026-09-07T07:56:51.079660+00:00"
      }
    },
    {
      "type": "Feature",
      "geometry": {
        "type": "Point",
        "coordinates": [
          79.16,
          22.12
        ]
      },
      "properties": {
        "probability": 0.0055,
        "confidence": "low",
        "iron_oxide_index": 0.3287,
        "ferrous_mineral_index": 0.1997,
        "swir_b11_reflectance": 0.1722,
        "swir_b12_reflectance": 0.2256,
        "ndvi": 0.4367,
        "elevation_m": 300.0,
        "slope_deg": 1.4,
        "dist_to_fault_km": 57.89,
        "temp_c": 27.5,
        "rainfall_mm": 6.5,
        "timestamp": "2026-09-07T07:56:51.079660+00:00"
      }
    },
    {
      "type": "Feature",
      "geometry": {
        "type": "Point",
        "coordinates": [
          79.22,
          22.12
        ]
      },
      "properties": {
        "probability": 0.0533,
        "confidence": "low",
        "iron_oxide_index": 0.3009,
        "ferrous_mineral_index": 0.2124,
        "swir_b11_reflectance": 0.186,
        "swir_b12_reflectance": 0.2117,
        "ndvi": 0.4803,
        "elevation_m": 557.7,
        "slope_deg": 5.4,
        "dist_to_fault_km": 51.25,
        "temp_c": 25.8,
        "rainfall_mm": 9.2,
        "timestamp": "2026-09-07T07:56:51.079660+00:00"
      }
    },
    {
      "type": "Feature",
      "geometry": {
        "type": "Point",
        "coordinates": [
          79.28,
          22.12
        ]
      },
      "properties": {
        "probability": 0.109,
        "confidence": "low",
        "iron_oxide_index": 0.2734,
        "ferrous_mineral_index": 0.2078,
        "swir_b11_reflectance": 0.1585,
        "swir_b12_reflectance": 0.2251,
        "ndvi": 0.4773,
        "elevation_m": 557.7,
        "slope_deg": 6.9,
        "dist_to_fault_km": 44.62,
        "temp_c": 25.8,
        "rainfall_mm": 9.2,
        "timestamp": "2026-09-07T07:56:51.079660+00:00"
      }
    },
    {
      "type": "Feature",
      "geometry": {
        "type": "Point",
        "coordinates": [
          79.34,
          22.12
        ]
      },
      "properties": {
        "probability": 0.0251,
        "confidence": "low",
        "iron_oxide_index": 0.3271,
        "ferrous_mineral_index": 0.2193,
        "swir_b11_reflectance": 0.1569,
        "swir_b12_reflectance": 0.2078,
        "ndvi": 0.4431,
        "elevation_m": 557.7,
        "slope_deg": 5.8,
        "dist_to_fault_km": 38.0,
        "temp_c": 25.8,
        "rainfall_mm": 9.2,
        "timestamp": "2026-09-07T07:56:51.079660+00:00"
      }
    },
    {
      "type": "Feature",
      "geometry": {
        "type": "Point",
        "coordinates": [
          79.4,
          22.12
        ]
      },
      "properties": {
        "probability": 0.0035,
        "confidence": "low",
        "iron_oxide_index": 0.3135,
        "ferrous_mineral_index": 0.2145,
        "swir_b11_reflectance": 0.1655,
        "swir_b12_reflectance": 0.2288,
        "ndvi": 0.4528,
        "elevation_m": 557.7,
        "slope_deg": 5.9,
        "dist_to_fault_km": 31.4,
        "temp_c": 25.8,
        "rainfall_mm": 9.2,
        "timestamp": "2026-09-07T07:56:51.079660+00:00"
      }
    },
    {
      "type": "Feature",
      "geometry": {
        "type": "Point",
        "coordinates": [
          79.46,
          22.12
        ]
      },
      "properties": {
        "probability": 0.0672,
        "confidence": "low",
        "iron_oxide_index": 0.2384,
        "ferrous_mineral_index": 0.2308,
        "swir_b11_reflectance": 0.2081,
        "swir_b12_reflectance": 0.2233,
        "ndvi": 0.4657,
        "elevation_m": 557.7,
        "slope_deg": 6.0,
        "dist_to_fault_km": 24.82,
        "temp_c": 25.8,
        "rainfall_mm": 9.2,
        "timestamp": "2026-09-07T07:56:51.079660+00:00"
      }
    },
    {
      "type": "Feature",
      "geometry": {
        "type": "Point",
        "coordinates": [
          79.52,
          22.12
        ]
      },
      "properties": {
        "probability": 0.0203,
        "confidence": "low",
        "iron_oxide_index": 0.2818,
        "ferrous_mineral_index": 0.2302,
        "swir_b11_reflectance": 0.1595,
        "swir_b12_reflectance": 0.2007,
        "ndvi": 0.435,
        "elevation_m": 557.7,
        "slope_deg": 5.8,
        "dist_to_fault_km": 18.31,
        "temp_c": 25.8,
        "rainfall_mm": 9.2,
        "timestamp": "2026-09-07T07:56:51.079660+00:00"
      }
    },
    {
      "type": "Feature",
      "geometry": {
        "type": "Point",
        "coordinates": [
          79.58,
          22.12
        ]
      },
      "properties": {
        "probability": 0.0009,
        "confidence": "low",
        "iron_oxide_index": 0.3746,
        "ferrous_mineral_index": 0.327,
        "swir_b11_reflectance": 0.21,
        "swir_b12_reflectance": 0.2943,
        "ndvi": 0.411,
        "elevation_m": 557.7,
        "slope_deg": 8.5,
        "dist_to_fault_km": 11.96,
        "temp_c": 25.8,
        "rainfall_mm": 9.2,
        "timestamp": "2026-09-07T07:56:51.079660+00:00"
      }
    },
    {
      "type": "Feature",
      "geometry": {
        "type": "Point",
        "coordinates": [
          79.64,
          22.12
        ]
      },
      "properties": {
        "probability": 0.5596,
        "confidence": "medium",
        "iron_oxide_index": 0.5459,
        "ferrous_mineral_index": 0.4215,
        "swir_b11_reflectance": 0.322,
        "swir_b12_reflectance": 0.4157,
        "ndvi": 0.4082,
        "elevation_m": 300.0,
        "slope_deg": 8.9,
        "dist_to_fault_km": 6.28,
        "temp_c": 27.5,
        "rainfall_mm": 6.5,
        "timestamp": "2026-09-07T07:56:51.079660+00:00"
      }
    },
    {
      "type": "Feature",
      "geometry": {
        "type": "Point",
        "coordinates": [
          79.7,
          22.12
        ]
      },
      "properties": {
        "probability": 1.0,
        "confidence": "high",
        "iron_oxide_index": 0.6327,
        "ferrous_mineral_index": 0.4895,
        "swir_b11_reflectance": 0.3831,
        "swir_b12_reflectance": 0.4467,
        "ndvi": 0.3691,
        "elevation_m": 469.5,
        "slope_deg": 11.6,
        "dist_to_fault_km": 4.96,
        "temp_c": 26.2,
        "rainfall_mm": 9.7,
        "timestamp": "2026-09-07T07:56:51.079660+00:00"
      }
    },
    {
      "type": "Feature",
      "geometry": {
        "type": "Point",
        "coordinates": [
          79.76,
          22.12
        ]
      },
      "properties": {
        "probability": 0.0271,
        "confidence": "low",
        "iron_oxide_index": 0.4393,
        "ferrous_mineral_index": 0.3478,
        "swir_b11_reflectance": 0.2767,
        "swir_b12_reflectance": 0.3112,
        "ndvi": 0.4059,
        "elevation_m": 300.0,
        "slope_deg": 5.3,
        "dist_to_fault_km": 9.93,
        "temp_c": 27.5,
        "rainfall_mm": 6.5,
        "timestamp": "2026-09-07T07:56:51.079660+00:00"
      }
    },
    {
      "type": "Feature",
      "geometry": {
        "type": "Point",
        "coordinates": [
          79.82,
          22.12
        ]
      },
      "properties": {
        "probability": 0.0541,
        "confidence": "low",
        "iron_oxide_index": 0.3165,
        "ferrous_mineral_index": 0.2033,
        "swir_b11_reflectance": 0.1718,
        "swir_b12_reflectance": 0.2315,
        "ndvi": 0.3802,
        "elevation_m": 300.0,
        "slope_deg": 3.2,
        "dist_to_fault_km": 16.16,
        "temp_c": 27.5,
        "rainfall_mm": 6.5,
        "timestamp": "2026-09-07T07:56:51.079660+00:00"
      }
    },
    {
      "type": "Feature",
      "geometry": {
        "type": "Point",
        "coordinates": [
          79.88,
          22.12
        ]
      },
      "properties": {
        "probability": 0.011,
        "confidence": "low",
        "iron_oxide_index": 0.3112,
        "ferrous_mineral_index": 0.226,
        "swir_b11_reflectance": 0.1512,
        "swir_b12_reflectance": 0.2216,
        "ndvi": 0.4191,
        "elevation_m": 300.0,
        "slope_deg": 3.0,
        "dist_to_fault_km": 22.64,
        "temp_c": 27.5,
        "rainfall_mm": 6.5,
        "timestamp": "2026-09-07T07:56:51.079660+00:00"
      }
    },
    {
      "type": "Feature",
      "geometry": {
        "type": "Point",
        "coordinates": [
          79.94,
          22.12
        ]
      },
      "properties": {
        "probability": 0.0178,
        "confidence": "low",
        "iron_oxide_index": 0.3137,
        "ferrous_mineral_index": 0.257,
        "swir_b11_reflectance": 0.1643,
        "swir_b12_reflectance": 0.216,
        "ndvi": 0.4639,
        "elevation_m": 469.5,
        "slope_deg": 5.9,
        "dist_to_fault_km": 29.2,
        "temp_c": 26.2,
        "rainfall_mm": 9.7,
        "timestamp": "2026-09-07T07:56:51.079660+00:00"
      }
    },
    {
      "type": "Feature",
      "geometry": {
        "type": "Point",
        "coordinates": [
          80.0,
          22.12
        ]
      },
      "properties": {
        "probability": 0.0098,
        "confidence": "low",
        "iron_oxide_index": 0.3136,
        "ferrous_mineral_index": 0.2268,
        "swir_b11_reflectance": 0.1388,
        "swir_b12_reflectance": 0.2204,
        "ndvi": 0.4056,
        "elevation_m": 300.0,
        "slope_deg": 3.1,
        "dist_to_fault_km": 35.8,
        "temp_c": 27.5,
        "rainfall_mm": 6.5,
        "timestamp": "2026-09-07T07:56:51.079660+00:00"
      }
    },
    {
      "type": "Feature",
      "geometry": {
        "type": "Point",
        "coordinates": [
          80.06,
          22.12
        ]
      },
      "properties": {
        "probability": 0.0126,
        "confidence": "low",
        "iron_oxide_index": 0.2898,
        "ferrous_mineral_index": 0.2062,
        "swir_b11_reflectance": 0.1517,
        "swir_b12_reflectance": 0.2231,
        "ndvi": 0.439,
        "elevation_m": 469.5,
        "slope_deg": 5.0,
        "dist_to_fault_km": 35.28,
        "temp_c": 26.2,
        "rainfall_mm": 9.7,
        "timestamp": "2026-09-07T07:56:51.079660+00:00"
      }
    },
    {
      "type": "Feature",
      "geometry": {
        "type": "Point",
        "coordinates": [
          80.12,
          22.12
        ]
      },
      "properties": {
        "probability": 0.0646,
        "confidence": "low",
        "iron_oxide_index": 0.3203,
        "ferrous_mineral_index": 0.2352,
        "swir_b11_reflectance": 0.1773,
        "swir_b12_reflectance": 0.1943,
        "ndvi": 0.4301,
        "elevation_m": 300.0,
        "slope_deg": 3.1,
        "dist_to_fault_km": 32.78,
        "temp_c": 27.5,
        "rainfall_mm": 6.5,
        "timestamp": "2026-09-07T07:56:51.079660+00:00"
      }
    },
    {
      "type": "Feature",
      "geometry": {
        "type": "Point",
        "coordinates": [
          80.18,
          22.12
        ]
      },
      "properties": {
        "probability": 0.0093,
        "confidence": "low",
        "iron_oxide_index": 0.2932,
        "ferrous_mineral_index": 0.2189,
        "swir_b11_reflectance": 0.1683,
        "swir_b12_reflectance": 0.2044,
        "ndvi": 0.4243,
        "elevation_m": 469.5,
        "slope_deg": 4.9,
        "dist_to_fault_km": 30.2,
        "temp_c": 26.2,
        "rainfall_mm": 9.7,
        "timestamp": "2026-09-07T07:56:51.079660+00:00"
      }
    },
    {
      "type": "Feature",
      "geometry": {
        "type": "Point",
        "coordinates": [
          80.24,
          22.12
        ]
      },
      "properties": {
        "probability": 0.0123,
        "confidence": "low",
        "iron_oxide_index": 0.2921,
        "ferrous_mineral_index": 0.2542,
        "swir_b11_reflectance": 0.1795,
        "swir_b12_reflectance": 0.205,
        "ndvi": 0.4785,
        "elevation_m": 469.5,
        "slope_deg": 5.2,
        "dist_to_fault_km": 28.95,
        "temp_c": 26.2,
        "rainfall_mm": 9.7,
        "timestamp": "2026-09-07T07:56:51.079660+00:00"
      }
    },
    {
      "type": "Feature",
      "geometry": {
        "type": "Point",
        "coordinates": [
          80.3,
          22.12
        ]
      },
      "properties": {
        "probability": 0.0117,
        "confidence": "low",
        "iron_oxide_index": 0.317,
        "ferrous_mineral_index": 0.225,
        "swir_b11_reflectance": 0.1763,
        "swir_b12_reflectance": 0.2296,
        "ndvi": 0.4361,
        "elevation_m": 300.0,
        "slope_deg": 2.6,
        "dist_to_fault_km": 29.2,
        "temp_c": 27.5,
        "rainfall_mm": 6.5,
        "timestamp": "2026-09-07T07:56:51.079660+00:00"
      }
    },
    {
      "type": "Feature",
      "geometry": {
        "type": "Point",
        "coordinates": [
          80.36,
          22.12
        ]
      },
      "properties": {
        "probability": 0.0499,
        "confidence": "low",
        "iron_oxide_index": 0.2771,
        "ferrous_mineral_index": 0.2115,
        "swir_b11_reflectance": 0.1516,
        "swir_b12_reflectance": 0.2461,
        "ndvi": 0.4199,
        "elevation_m": 547.2,
        "slope_deg": 7.5,
        "dist_to_fault_km": 27.57,
        "temp_c": 25.6,
        "rainfall_mm": 9.4,
        "timestamp": "2026-09-07T07:56:51.079660+00:00"
      }
    },
    {
      "type": "Feature",
      "geometry": {
        "type": "Point",
        "coordinates": [
          80.42,
          22.12
        ]
      },
      "properties": {
        "probability": 0.0024,
        "confidence": "low",
        "iron_oxide_index": 0.3156,
        "ferrous_mineral_index": 0.2279,
        "swir_b11_reflectance": 0.1606,
        "swir_b12_reflectance": 0.2456,
        "ndvi": 0.4585,
        "elevation_m": 547.2,
        "slope_deg": 6.3,
        "dist_to_fault_km": 23.83,
        "temp_c": 25.6,
        "rainfall_mm": 9.4,
        "timestamp": "2026-09-07T07:56:51.079660+00:00"
      }
    },
    {
      "type": "Feature",
      "geometry": {
        "type": "Point",
        "coordinates": [
          80.48,
          22.12
        ]
      },
      "properties": {
        "probability": 0.0105,
        "confidence": "low",
        "iron_oxide_index": 0.2873,
        "ferrous_mineral_index": 0.199,
        "swir_b11_reflectance": 0.1831,
        "swir_b12_reflectance": 0.238,
        "ndvi": 0.4765,
        "elevation_m": 300.0,
        "slope_deg": 1.4,
        "dist_to_fault_km": 21.55,
        "temp_c": 27.5,
        "rainfall_mm": 6.5,
        "timestamp": "2026-09-07T07:56:51.079660+00:00"
      }
    },
    {
      "type": "Feature",
      "geometry": {
        "type": "Point",
        "coordinates": [
          80.54,
          22.12
        ]
      },
      "properties": {
        "probability": 0.0337,
        "confidence": "low",
        "iron_oxide_index": 0.3,
        "ferrous_mineral_index": 0.2106,
        "swir_b11_reflectance": 0.1663,
        "swir_b12_reflectance": 0.235,
        "ndvi": 0.4648,
        "elevation_m": 547.2,
        "slope_deg": 5.8,
        "dist_to_fault_km": 21.21,
        "temp_c": 25.6,
        "rainfall_mm": 9.4,
        "timestamp": "2026-09-07T07:56:51.079660+00:00"
      }
    },
    {
      "type": "Feature",
      "geometry": {
        "type": "Point",
        "coordinates": [
          80.6,
          22.12
        ]
      },
      "properties": {
        "probability": 0.0483,
        "confidence": "low",
        "iron_oxide_index": 0.2829,
        "ferrous_mineral_index": 0.1933,
        "swir_b11_reflectance": 0.1618,
        "swir_b12_reflectance": 0.2094,
        "ndvi": 0.4541,
        "elevation_m": 547.2,
        "slope_deg": 7.8,
        "dist_to_fault_km": 22.88,
        "temp_c": 25.6,
        "rainfall_mm": 9.4,
        "timestamp": "2026-09-07T07:56:51.079660+00:00"
      }
    },
    {
      "type": "Feature",
      "geometry": {
        "type": "Point",
        "coordinates": [
          80.66,
          22.12
        ]
      },
      "properties": {
        "probability": 0.024,
        "confidence": "low",
        "iron_oxide_index": 0.3112,
        "ferrous_mineral_index": 0.2305,
        "swir_b11_reflectance": 0.1784,
        "swir_b12_reflectance": 0.2191,
        "ndvi": 0.4066,
        "elevation_m": 547.2,
        "slope_deg": 7.4,
        "dist_to_fault_km": 26.2,
        "temp_c": 25.6,
        "rainfall_mm": 9.4,
        "timestamp": "2026-09-07T07:56:51.079660+00:00"
      }
    },
    {
      "type": "Feature",
      "geometry": {
        "type": "Point",
        "coordinates": [
          80.72,
          22.12
        ]
      },
      "properties": {
        "probability": 0.0477,
        "confidence": "low",
        "iron_oxide_index": 0.2916,
        "ferrous_mineral_index": 0.2153,
        "swir_b11_reflectance": 0.1899,
        "swir_b12_reflectance": 0.2116,
        "ndvi": 0.4219,
        "elevation_m": 547.2,
        "slope_deg": 5.8,
        "dist_to_fault_km": 30.62,
        "temp_c": 25.6,
        "rainfall_mm": 9.4,
        "timestamp": "2026-09-07T07:56:51.079660+00:00"
      }
    },
    {
      "type": "Feature",
      "geometry": {
        "type": "Point",
        "coordinates": [
          80.78,
          22.12
        ]
      },
      "properties": {
        "probability": 0.0283,
        "confidence": "low",
        "iron_oxide_index": 0.329,
        "ferrous_mineral_index": 0.2432,
        "swir_b11_reflectance": 0.1699,
        "swir_b12_reflectance": 0.1967,
        "ndvi": 0.4105,
        "elevation_m": 300.0,
        "slope_deg": 1.7,
        "dist_to_fault_km": 35.74,
        "temp_c": 27.5,
        "rainfall_mm": 6.5,
        "timestamp": "2026-09-07T07:56:51.079660+00:00"
      }
    },
    {
      "type": "Feature",
      "geometry": {
        "type": "Point",
        "coordinates": [
          78.5,
          22.18
        ]
      },
      "properties": {
        "probability": 0.0059,
        "confidence": "low",
        "iron_oxide_index": 0.2994,
        "ferrous_mineral_index": 0.2067,
        "swir_b11_reflectance": 0.1761,
        "swir_b12_reflectance": 0.2299,
        "ndvi": 0.4597,
        "elevation_m": 300.0,
        "slope_deg": 1.5,
        "dist_to_fault_km": 111.19,
        "temp_c": 27.5,
        "rainfall_mm": 6.5,
        "timestamp": "2026-09-07T07:56:51.079660+00:00"
      }
    },
    {
      "type": "Feature",
      "geometry": {
        "type": "Point",
        "coordinates": [
          78.56,
          22.18
        ]
      },
      "properties": {
        "probability": 0.2043,
        "confidence": "low",
        "iron_oxide_index": 0.3166,
        "ferrous_mineral_index": 0.224,
        "swir_b11_reflectance": 0.1855,
        "swir_b12_reflectance": 0.2354,
        "ndvi": 0.426,
        "elevation_m": 637.8,
        "slope_deg": 6.9,
        "dist_to_fault_km": 107.81,
        "temp_c": 25.4,
        "rainfall_mm": 8.9,
        "timestamp": "2026-09-07T07:56:51.079660+00:00"
      }
    },
    {
      "type": "Feature",
      "geometry": {
        "type": "Point",
        "coordinates": [
          78.62,
          22.18
        ]
      },
      "properties": {
        "probability": 0.386,
        "confidence": "low",
        "iron_oxide_index": 0.2935,
        "ferrous_mineral_index": 0.2071,
        "swir_b11_reflectance": 0.1289,
        "swir_b12_reflectance": 0.2268,
        "ndvi": 0.4429,
        "elevation_m": 637.8,
        "slope_deg": 7.7,
        "dist_to_fault_km": 104.75,
        "temp_c": 25.4,
        "rainfall_mm": 8.9,
        "timestamp": "2026-09-07T07:56:51.079660+00:00"
      }
    },
    {
      "type": "Feature",
      "geometry": {
        "type": "Point",
        "coordinates": [
          78.68,
          22.18
        ]
      },
      "properties": {
        "probability": 0.0133,
        "confidence": "low",
        "iron_oxide_index": 0.3256,
        "ferrous_mineral_index": 0.207,
        "swir_b11_reflectance": 0.172,
        "swir_b12_reflectance": 0.1978,
        "ndvi": 0.4645,
        "elevation_m": 300.0,
        "slope_deg": 2.2,
        "dist_to_fault_km": 102.04,
        "temp_c": 27.5,
        "rainfall_mm": 6.5,
        "timestamp": "2026-09-07T07:56:51.079660+00:00"
      }
    },
    {
      "type": "Feature",
      "geometry": {
        "type": "Point",
        "coordinates": [
          78.74,
          22.18
        ]
      },
      "properties": {
        "probability": 0.0112,
        "confidence": "low",
        "iron_oxide_index": 0.3057,
        "ferrous_mineral_index": 0.2157,
        "swir_b11_reflectance": 0.1708,
        "swir_b12_reflectance": 0.2388,
        "ndvi": 0.4455,
        "elevation_m": 300.0,
        "slope_deg": 2.2,
        "dist_to_fault_km": 99.69,
        "temp_c": 27.5,
        "rainfall_mm": 6.5,
        "timestamp": "2026-09-07T07:56:51.079660+00:00"
      }
    },
    {
      "type": "Feature",
      "geometry": {
        "type": "Point",
        "coordinates": [
          78.8,
          22.18
        ]
      },
      "properties": {
        "probability": 0.0253,
        "confidence": "low",
        "iron_oxide_index": 0.2932,
        "ferrous_mineral_index": 0.2036,
        "swir_b11_reflectance": 0.1724,
        "swir_b12_reflectance": 0.2014,
        "ndvi": 0.4586,
        "elevation_m": 300.0,
        "slope_deg": 2.7,
        "dist_to_fault_km": 96.14,
        "temp_c": 27.5,
        "rainfall_mm": 6.5,
        "timestamp": "2026-09-07T07:56:51.079660+00:00"
      }
    },
    {
      "type": "Feature",
      "geometry": {
        "type": "Point",
        "coordinates": [
          78.86,
          22.18
        ]
      },
      "properties": {
        "probability": 0.1427,
        "confidence": "low",
        "iron_oxide_index": 0.3241,
        "ferrous_mineral_index": 0.233,
        "swir_b11_reflectance": 0.179,
        "swir_b12_reflectance": 0.2145,
        "ndvi": 0.4218,
        "elevation_m": 637.8,
        "slope_deg": 8.0,
        "dist_to_fault_km": 91.05,
        "temp_c": 25.4,
        "rainfall_mm": 8.9,
        "timestamp": "2026-09-07T07:56:51.079660+00:00"
      }
    },
    {
      "type": "Feature",
      "geometry": {
        "type": "Point",
        "coordinates": [
          78.92,
          22.18
        ]
      },
      "properties": {
        "probability": 0.3927,
        "confidence": "low",
        "iron_oxide_index": 0.3056,
        "ferrous_mineral_index": 0.2121,
        "swir_b11_reflectance": 0.1728,
        "swir_b12_reflectance": 0.1918,
        "ndvi": 0.5019,
        "elevation_m": 637.8,
        "slope_deg": 7.9,
        "dist_to_fault_km": 84.39,
        "temp_c": 25.4,
        "rainfall_mm": 8.9,
        "timestamp": "2026-09-07T07:56:51.079660+00:00"
      }
    },
    {
      "type": "Feature",
      "geometry": {
        "type": "Point",
        "coordinates": [
          78.98,
          22.18
        ]
      },
      "properties": {
        "probability": 0.2408,
        "confidence": "low",
        "iron_oxide_index": 0.3216,
        "ferrous_mineral_index": 0.2657,
        "swir_b11_reflectance": 0.1766,
        "swir_b12_reflectance": 0.2073,
        "ndvi": 0.4787,
        "elevation_m": 637.8,
        "slope_deg": 7.7,
        "dist_to_fault_km": 77.73,
        "temp_c": 25.4,
        "rainfall_mm": 8.9,
        "timestamp": "2026-09-07T07:56:51.079660+00:00"
      }
    },
    {
      "type": "Feature",
      "geometry": {
        "type": "Point",
        "coordinates": [
          79.04,
          22.18
        ]
      },
      "properties": {
        "probability": 0.0517,
        "confidence": "low",
        "iron_oxide_index": 0.2955,
        "ferrous_mineral_index": 0.2155,
        "swir_b11_reflectance": 0.1896,
        "swir_b12_reflectance": 0.2193,
        "ndvi": 0.3832,
        "elevation_m": 300.0,
        "slope_deg": 2.5,
        "dist_to_fault_km": 71.08,
        "temp_c": 27.5,
        "rainfall_mm": 6.5,
        "timestamp": "2026-09-07T07:56:51.079660+00:00"
      }
    },
    {
      "type": "Feature",
      "geometry": {
        "type": "Point",
        "coordinates": [
          79.1,
          22.18
        ]
      },
      "properties": {
        "probability": 0.0608,
        "confidence": "low",
        "iron_oxide_index": 0.3392,
        "ferrous_mineral_index": 0.2158,
        "swir_b11_reflectance": 0.1722,
        "swir_b12_reflectance": 0.2182,
        "ndvi": 0.4724,
        "elevation_m": 557.7,
        "slope_deg": 6.4,
        "dist_to_fault_km": 64.42,
        "temp_c": 25.8,
        "rainfall_mm": 9.2,
        "timestamp": "2026-09-07T07:56:51.079660+00:00"
      }
    },
    {
      "type": "Feature",
      "geometry": {
        "type": "Point",
        "coordinates": [
          79.16,
          22.18
        ]
      },
      "properties": {
        "probability": 0.0351,
        "confidence": "low",
        "iron_oxide_index": 0.3038,
        "ferrous_mineral_index": 0.2202,
        "swir_b11_reflectance": 0.1708,
        "swir_b12_reflectance": 0.1952,
        "ndvi": 0.4282,
        "elevation_m": 557.7,
        "slope_deg": 6.8,
        "dist_to_fault_km": 57.76,
        "temp_c": 25.8,
        "rainfall_mm": 9.2,
        "timestamp": "2026-09-07T07:56:51.079660+00:00"
      }
    },
    {
      "type": "Feature",
      "geometry": {
        "type": "Point",
        "coordinates": [
          79.22,
          22.18
        ]
      },
      "properties": {
        "probability": 0.0389,
        "confidence": "low",
        "iron_oxide_index": 0.3012,
        "ferrous_mineral_index": 0.1918,
        "swir_b11_reflectance": 0.1705,
        "swir_b12_reflectance": 0.2438,
        "ndvi": 0.4298,
        "elevation_m": 557.7,
        "slope_deg": 8.3,
        "dist_to_fault_km": 51.11,
        "temp_c": 25.8,
        "rainfall_mm": 9.2,
        "timestamp": "2026-09-07T07:56:51.079660+00:00"
      }
    },
    {
      "type": "Feature",
      "geometry": {
        "type": "Point",
        "coordinates": [
          79.28,
          22.18
        ]
      },
      "properties": {
        "probability": 0.0376,
        "confidence": "low",
        "iron_oxide_index": 0.3361,
        "ferrous_mineral_index": 0.193,
        "swir_b11_reflectance": 0.1639,
        "swir_b12_reflectance": 0.2357,
        "ndvi": 0.5069,
        "elevation_m": 557.7,
        "slope_deg": 5.9,
        "dist_to_fault_km": 44.45,
        "temp_c": 25.8,
        "rainfall_mm": 9.2,
        "timestamp": "2026-09-07T07:56:51.079660+00:00"
      }
    },
    {
      "type": "Feature",
      "geometry": {
        "type": "Point",
        "coordinates": [
          79.34,
          22.18
        ]
      },
      "properties": {
        "probability": 0.0565,
        "confidence": "low",
        "iron_oxide_index": 0.2854,
        "ferrous_mineral_index": 0.2273,
        "swir_b11_reflectance": 0.1783,
        "swir_b12_reflectance": 0.1901,
        "ndvi": 0.4376,
        "elevation_m": 557.7,
        "slope_deg": 5.9,
        "dist_to_fault_km": 37.8,
        "temp_c": 25.8,
        "rainfall_mm": 9.2,
        "timestamp": "2026-09-07T07:56:51.079660+00:00"
      }
    },
    {
      "type": "Feature",
      "geometry": {
        "type": "Point",
        "coordinates": [
          79.4,
          22.18
        ]
      },
      "properties": {
        "probability": 0.0728,
        "confidence": "low",
        "iron_oxide_index": 0.3388,
        "ferrous_mineral_index": 0.2127,
        "swir_b11_reflectance": 0.1798,
        "swir_b12_reflectance": 0.2115,
        "ndvi": 0.5119,
        "elevation_m": 557.7,
        "slope_deg": 6.2,
        "dist_to_fault_km": 31.16,
        "temp_c": 25.8,
        "rainfall_mm": 9.2,
        "timestamp": "2026-09-07T07:56:51.079660+00:00"
      }
    },
    {
      "type": "Feature",
      "geometry": {
        "type": "Point",
        "coordinates": [
          79.46,
          22.18
        ]
      },
      "properties": {
        "probability": 0.0399,
        "confidence": "low",
        "iron_oxide_index": 0.2816,
        "ferrous_mineral_index": 0.2341,
        "swir_b11_reflectance": 0.1876,
        "swir_b12_reflectance": 0.2295,
        "ndvi": 0.4819,
        "elevation_m": 300.0,
        "slope_deg": 2.7,
        "dist_to_fault_km": 24.52,
        "temp_c": 27.5,
        "rainfall_mm": 6.5,
        "timestamp": "2026-09-07T07:56:51.079660+00:00"
      }
    },
    {
      "type": "Feature",
      "geometry": {
        "type": "Point",
        "coordinates": [
          79.52,
          22.18
        ]
      },
      "properties": {
        "probability": 0.0241,
        "confidence": "low",
        "iron_oxide_index": 0.305,
        "ferrous_mineral_index": 0.217,
        "swir_b11_reflectance": 0.1856,
        "swir_b12_reflectance": 0.2115,
        "ndvi": 0.4494,
        "elevation_m": 557.7,
        "slope_deg": 6.2,
        "dist_to_fault_km": 17.9,
        "temp_c": 25.8,
        "rainfall_mm": 9.2,
        "timestamp": "2026-09-07T07:56:51.079660+00:00"
      }
    },
    {
      "type": "Feature",
      "geometry": {
        "type": "Point",
        "coordinates": [
          79.58,
          22.18
        ]
      },
      "properties": {
        "probability": 0.0017,
        "confidence": "low",
        "iron_oxide_index": 0.3848,
        "ferrous_mineral_index": 0.3007,
        "swir_b11_reflectance": 0.2591,
        "swir_b12_reflectance": 0.3088,
        "ndvi": 0.4252,
        "elevation_m": 300.0,
        "slope_deg": 4.0,
        "dist_to_fault_km": 11.32,
        "temp_c": 27.5,
        "rainfall_mm": 6.5,
        "timestamp": "2026-09-07T07:56:51.079660+00:00"
      }
    },
    {
      "type": "Feature",
      "geometry": {
        "type": "Point",
        "coordinates": [
          79.64,
          22.18
        ]
      },
      "properties": {
        "probability": 0.99,
        "confidence": "high",
        "iron_oxide_index": 0.6082,
        "ferrous_mineral_index": 0.4767,
        "swir_b11_reflectance": 0.3651,
        "swir_b12_reflectance": 0.4399,
        "ndvi": 0.3731,
        "elevation_m": 300.0,
        "slope_deg": 9.1,
        "dist_to_fault_km": 4.96,
        "temp_c": 27.5,
        "rainfall_mm": 6.5,
        "timestamp": "2026-09-07T07:56:51.079660+00:00"
      }
    },
    {
      "type": "Feature",
      "geometry": {
        "type": "Point",
        "coordinates": [
          79.7,
          22.18
        ]
      },
      "properties": {
        "probability": 0.995,
        "confidence": "high",
        "iron_oxide_index": 0.6214,
        "ferrous_mineral_index": 0.5053,
        "swir_b11_reflectance": 0.4146,
        "swir_b12_reflectance": 0.4811,
        "ndvi": 0.3478,
        "elevation_m": 300.0,
        "slope_deg": 10.8,
        "dist_to_fault_km": 3.14,
        "temp_c": 27.5,
        "rainfall_mm": 6.5,
        "timestamp": "2026-09-07T07:56:51.079660+00:00"
      }
    },
    {
      "type": "Feature",
      "geometry": {
        "type": "Point",
        "coordinates": [
          79.76,
          22.18
        ]
      },
      "properties": {
        "probability": 0.0361,
        "confidence": "low",
        "iron_oxide_index": 0.4977,
        "ferrous_mineral_index": 0.3654,
        "swir_b11_reflectance": 0.2883,
        "swir_b12_reflectance": 0.3572,
        "ndvi": 0.4802,
        "elevation_m": 300.0,
        "slope_deg": 6.1,
        "dist_to_fault_km": 9.15,
        "temp_c": 27.5,
        "rainfall_mm": 6.5,
        "timestamp": "2026-09-07T07:56:51.079660+00:00"
      }
    },
    {
      "type": "Feature",
      "geometry": {
        "type": "Point",
        "coordinates": [
          79.82,
          22.18
        ]
      },
      "properties": {
        "probability": 0.0317,
        "confidence": "low",
        "iron_oxide_index": 0.2799,
        "ferrous_mineral_index": 0.2072,
        "swir_b11_reflectance": 0.1911,
        "swir_b12_reflectance": 0.227,
        "ndvi": 0.4594,
        "elevation_m": 469.5,
        "slope_deg": 5.1,
        "dist_to_fault_km": 15.7,
        "temp_c": 26.2,
        "rainfall_mm": 9.7,
        "timestamp": "2026-09-07T07:56:51.079660+00:00"
      }
    },
    {
      "type": "Feature",
      "geometry": {
        "type": "Point",
        "coordinates": [
          79.88,
          22.18
        ]
      },
      "properties": {
        "probability": 0.0144,
        "confidence": "low",
        "iron_oxide_index": 0.262,
        "ferrous_mineral_index": 0.2125,
        "swir_b11_reflectance": 0.1635,
        "swir_b12_reflectance": 0.2137,
        "ndvi": 0.4689,
        "elevation_m": 469.5,
        "slope_deg": 5.4,
        "dist_to_fault_km": 22.31,
        "temp_c": 26.2,
        "rainfall_mm": 9.7,
        "timestamp": "2026-09-07T07:56:51.079660+00:00"
      }
    },
    {
      "type": "Feature",
      "geometry": {
        "type": "Point",
        "coordinates": [
          79.94,
          22.18
        ]
      },
      "properties": {
        "probability": 0.0187,
        "confidence": "low",
        "iron_oxide_index": 0.291,
        "ferrous_mineral_index": 0.2079,
        "swir_b11_reflectance": 0.1654,
        "swir_b12_reflectance": 0.2246,
        "ndvi": 0.4302,
        "elevation_m": 469.5,
        "slope_deg": 5.4,
        "dist_to_fault_km": 28.95,
        "temp_c": 26.2,
        "rainfall_mm": 9.7,
        "timestamp": "2026-09-07T07:56:51.079660+00:00"
      }
    },
    {
      "type": "Feature",
      "geometry": {
        "type": "Point",
        "coordinates": [
          80.0,
          22.18
        ]
      },
      "properties": {
        "probability": 0.0392,
        "confidence": "low",
        "iron_oxide_index": 0.2897,
        "ferrous_mineral_index": 0.237,
        "swir_b11_reflectance": 0.1591,
        "swir_b12_reflectance": 0.1946,
        "ndvi": 0.4572,
        "elevation_m": 469.5,
        "slope_deg": 4.4,
        "dist_to_fault_km": 35.59,
        "temp_c": 26.2,
        "rainfall_mm": 9.7,
        "timestamp": "2026-09-07T07:56:51.079660+00:00"
      }
    },
    {
      "type": "Feature",
      "geometry": {
        "type": "Point",
        "coordinates": [
          80.06,
          22.18
        ]
      },
      "properties": {
        "probability": 0.0101,
        "confidence": "low",
        "iron_oxide_index": 0.3328,
        "ferrous_mineral_index": 0.2091,
        "swir_b11_reflectance": 0.168,
        "swir_b12_reflectance": 0.2291,
        "ndvi": 0.4247,
        "elevation_m": 469.5,
        "slope_deg": 6.2,
        "dist_to_fault_km": 41.44,
        "temp_c": 26.2,
        "rainfall_mm": 9.7,
        "timestamp": "2026-09-07T07:56:51.079660+00:00"
      }
    },
    {
      "type": "Feature",
      "geometry": {
        "type": "Point",
        "coordinates": [
          80.12,
          22.18
        ]
      },
      "properties": {
        "probability": 0.0232,
        "confidence": "low",
        "iron_oxide_index": 0.3417,
        "ferrous_mineral_index": 0.1802,
        "swir_b11_reflectance": 0.1874,
        "swir_b12_reflectance": 0.2082,
        "ndvi": 0.4819,
        "elevation_m": 300.0,
        "slope_deg": 2.3,
        "dist_to_fault_km": 38.77,
        "temp_c": 27.5,
        "rainfall_mm": 6.5,
        "timestamp": "2026-09-07T07:56:51.079660+00:00"
      }
    },
    {
      "type": "Feature",
      "geometry": {
        "type": "Point",
        "coordinates": [
          80.18,
          22.18
        ]
      },
      "properties": {
        "probability": 0.0488,
        "confidence": "low",
        "iron_oxide_index": 0.2675,
        "ferrous_mineral_index": 0.212,
        "swir_b11_reflectance": 0.1482,
        "swir_b12_reflectance": 0.1916,
        "ndvi": 0.4629,
        "elevation_m": 469.5,
        "slope_deg": 6.1,
        "dist_to_fault_km": 36.61,
        "temp_c": 26.2,
        "rainfall_mm": 9.7,
        "timestamp": "2026-09-07T07:56:51.079660+00:00"
      }
    },
    {
      "type": "Feature",
      "geometry": {
        "type": "Point",
        "coordinates": [
          80.24,
          22.18
        ]
      },
      "properties": {
        "probability": 0.006,
        "confidence": "low",
        "iron_oxide_index": 0.3103,
        "ferrous_mineral_index": 0.2206,
        "swir_b11_reflectance": 0.1573,
        "swir_b12_reflectance": 0.2187,
        "ndvi": 0.4466,
        "elevation_m": 469.5,
        "slope_deg": 5.9,
        "dist_to_fault_km": 35.59,
        "temp_c": 26.2,
        "rainfall_mm": 9.7,
        "timestamp": "2026-09-07T07:56:51.079660+00:00"
      }
    },
    {
      "type": "Feature",
      "geometry": {
        "type": "Point",
        "coordinates": [
          80.3,
          22.18
        ]
      },
      "properties": {
        "probability": 0.0131,
        "confidence": "low",
        "iron_oxide_index": 0.3315,
        "ferrous_mineral_index": 0.2089,
        "swir_b11_reflectance": 0.1796,
        "swir_b12_reflectance": 0.2411,
        "ndvi": 0.4757,
        "elevation_m": 300.0,
        "slope_deg": 2.7,
        "dist_to_fault_km": 35.8,
        "temp_c": 27.5,
        "rainfall_mm": 6.5,
        "timestamp": "2026-09-07T07:56:51.079660+00:00"
      }
    },
    {
      "type": "Feature",
      "geometry": {
        "type": "Point",
        "coordinates": [
          80.36,
          22.18
        ]
      },
      "properties": {
        "probability": 0.0056,
        "confidence": "low",
        "iron_oxide_index": 0.2776,
        "ferrous_mineral_index": 0.2379,
        "swir_b11_reflectance": 0.157,
        "swir_b12_reflectance": 0.2268,
        "ndvi": 0.4341,
        "elevation_m": 300.0,
        "slope_deg": 2.3,
        "dist_to_fault_km": 32.95,
        "temp_c": 27.5,
        "rainfall_mm": 6.5,
        "timestamp": "2026-09-07T07:56:51.079660+00:00"
      }
    },
    {
      "type": "Feature",
      "geometry": {
        "type": "Point",
        "coordinates": [
          80.42,
          22.18
        ]
      },
      "properties": {
        "probability": 0.0256,
        "confidence": "low",
        "iron_oxide_index": 0.2873,
        "ferrous_mineral_index": 0.2041,
        "swir_b11_reflectance": 0.1513,
        "swir_b12_reflectance": 0.2271,
        "ndvi": 0.4446,
        "elevation_m": 547.2,
        "slope_deg": 8.0,
        "dist_to_fault_km": 29.89,
        "temp_c": 25.6,
        "rainfall_mm": 9.4,
        "timestamp": "2026-09-07T07:56:51.079660+00:00"
      }
    },
    {
      "type": "Feature",
      "geometry": {
        "type": "Point",
        "coordinates": [
          80.48,
          22.18
        ]
      },
      "properties": {
        "probability": 0.0164,
        "confidence": "low",
        "iron_oxide_index": 0.2508,
        "ferrous_mineral_index": 0.1989,
        "swir_b11_reflectance": 0.1813,
        "swir_b12_reflectance": 0.227,
        "ndvi": 0.4454,
        "elevation_m": 300.0,
        "slope_deg": 2.7,
        "dist_to_fault_km": 28.1,
        "temp_c": 27.5,
        "rainfall_mm": 6.5,
        "timestamp": "2026-09-07T07:56:51.079660+00:00"
      }
    },
    {
      "type": "Feature",
      "geometry": {
        "type": "Point",
        "coordinates": [
          80.54,
          22.18
        ]
      },
      "properties": {
        "probability": 0.0137,
        "confidence": "low",
        "iron_oxide_index": 0.2921,
        "ferrous_mineral_index": 0.2197,
        "swir_b11_reflectance": 0.1571,
        "swir_b12_reflectance": 0.2421,
        "ndvi": 0.4552,
        "elevation_m": 300.0,
        "slope_deg": 1.6,
        "dist_to_fault_km": 27.84,
        "temp_c": 27.5,
        "rainfall_mm": 6.5,
        "timestamp": "2026-09-07T07:56:51.079660+00:00"
      }
    },
    {
      "type": "Feature",
      "geometry": {
        "type": "Point",
        "coordinates": [
          80.6,
          22.18
        ]
      },
      "properties": {
        "probability": 0.0087,
        "confidence": "low",
        "iron_oxide_index": 0.3115,
        "ferrous_mineral_index": 0.2286,
        "swir_b11_reflectance": 0.1532,
        "swir_b12_reflectance": 0.2367,
        "ndvi": 0.4538,
        "elevation_m": 300.0,
        "slope_deg": 1.9,
        "dist_to_fault_km": 29.14,
        "temp_c": 27.5,
        "rainfall_mm": 6.5,
        "timestamp": "2026-09-07T07:56:51.079660+00:00"
      }
    },
    {
      "type": "Feature",
      "geometry": {
        "type": "Point",
        "coordinates": [
          80.66,
          22.18
        ]
      },
      "properties": {
        "probability": 0.0122,
        "confidence": "low",
        "iron_oxide_index": 0.2759,
        "ferrous_mineral_index": 0.227,
        "swir_b11_reflectance": 0.1782,
        "swir_b12_reflectance": 0.2188,
        "ndvi": 0.4555,
        "elevation_m": 547.2,
        "slope_deg": 6.7,
        "dist_to_fault_km": 31.8,
        "temp_c": 25.6,
        "rainfall_mm": 9.4,
        "timestamp": "2026-09-07T07:56:51.079660+00:00"
      }
    },
    {
      "type": "Feature",
      "geometry": {
        "type": "Point",
        "coordinates": [
          80.72,
          22.18
        ]
      },
      "properties": {
        "probability": 0.0076,
        "confidence": "low",
        "iron_oxide_index": 0.2987,
        "ferrous_mineral_index": 0.2049,
        "swir_b11_reflectance": 0.1616,
        "swir_b12_reflectance": 0.2412,
        "ndvi": 0.4185,
        "elevation_m": 300.0,
        "slope_deg": 2.7,
        "dist_to_fault_km": 35.54,
        "temp_c": 27.5,
        "rainfall_mm": 6.5,
        "timestamp": "2026-09-07T07:56:51.079660+00:00"
      }
    },
    {
      "type": "Feature",
      "geometry": {
        "type": "Point",
        "coordinates": [
          80.78,
          22.18
        ]
      },
      "properties": {
        "probability": 0.0517,
        "confidence": "low",
        "iron_oxide_index": 0.2588,
        "ferrous_mineral_index": 0.2182,
        "swir_b11_reflectance": 0.1779,
        "swir_b12_reflectance": 0.2101,
        "ndvi": 0.4749,
        "elevation_m": 547.2,
        "slope_deg": 7.5,
        "dist_to_fault_km": 40.04,
        "temp_c": 25.6,
        "rainfall_mm": 9.4,
        "timestamp": "2026-09-07T07:56:51.079660+00:00"
      }
    },
    {
      "type": "Feature",
      "geometry": {
        "type": "Point",
        "coordinates": [
          78.5,
          22.24
        ]
      },
      "properties": {
        "probability": 0.2141,
        "confidence": "low",
        "iron_oxide_index": 0.2877,
        "ferrous_mineral_index": 0.2184,
        "swir_b11_reflectance": 0.1681,
        "swir_b12_reflectance": 0.2177,
        "ndvi": 0.4301,
        "elevation_m": 637.8,
        "slope_deg": 7.2,
        "dist_to_fault_km": 116.89,
        "temp_c": 25.4,
        "rainfall_mm": 8.9,
        "timestamp": "2026-09-07T07:56:51.079660+00:00"
      }
    },
    {
      "type": "Feature",
      "geometry": {
        "type": "Point",
        "coordinates": [
          78.56,
          22.24
        ]
      },
      "properties": {
        "probability": 0.3523,
        "confidence": "low",
        "iron_oxide_index": 0.3133,
        "ferrous_mineral_index": 0.1893,
        "swir_b11_reflectance": 0.1545,
        "swir_b12_reflectance": 0.2265,
        "ndvi": 0.4437,
        "elevation_m": 637.8,
        "slope_deg": 7.6,
        "dist_to_fault_km": 113.69,
        "temp_c": 25.4,
        "rainfall_mm": 8.9,
        "timestamp": "2026-09-07T07:56:51.079660+00:00"
      }
    },
    {
      "type": "Feature",
      "geometry": {
        "type": "Point",
        "coordinates": [
          78.62,
          22.24
        ]
      },
      "properties": {
        "probability": 0.3749,
        "confidence": "low",
        "iron_oxide_index": 0.3591,
        "ferrous_mineral_index": 0.2198,
        "swir_b11_reflectance": 0.1732,
        "swir_b12_reflectance": 0.208,
        "ndvi": 0.4447,
        "elevation_m": 637.8,
        "slope_deg": 7.5,
        "dist_to_fault_km": 110.79,
        "temp_c": 25.4,
        "rainfall_mm": 8.9,
        "timestamp": "2026-09-07T07:56:51.079660+00:00"
      }
    },
    {
      "type": "Feature",
      "geometry": {
        "type": "Point",
        "coordinates": [
          78.68,
          22.24
        ]
      },
      "properties": {
        "probability": 0.0331,
        "confidence": "low",
        "iron_oxide_index": 0.3071,
        "ferrous_mineral_index": 0.2225,
        "swir_b11_reflectance": 0.1723,
        "swir_b12_reflectance": 0.2042,
        "ndvi": 0.4799,
        "elevation_m": 300.0,
        "slope_deg": 3.1,
        "dist_to_fault_km": 108.22,
        "temp_c": 27.5,
        "rainfall_mm": 6.5,
        "timestamp": "2026-09-07T07:56:51.079660+00:00"
      }
    },
    {
      "type": "Feature",
      "geometry": {
        "type": "Point",
        "coordinates": [
          78.74,
          22.24
        ]
      },
      "properties": {
        "probability": 0.0109,
        "confidence": "low",
        "iron_oxide_index": 0.2902,
        "ferrous_mineral_index": 0.2228,
        "swir_b11_reflectance": 0.1763,
        "swir_b12_reflectance": 0.2228,
        "ndvi": 0.4085,
        "elevation_m": 300.0,
        "slope_deg": 2.7,
        "dist_to_fault_km": 104.72,
        "temp_c": 27.5,
        "rainfall_mm": 6.5,
        "timestamp": "2026-09-07T07:56:51.079660+00:00"
      }
    },
    {
      "type": "Feature",
      "geometry": {
        "type": "Point",
        "coordinates": [
          78.8,
          22.24
        ]
      },
      "properties": {
        "probability": 0.0059,
        "confidence": "low",
        "iron_oxide_index": 0.2996,
        "ferrous_mineral_index": 0.201,
        "swir_b11_reflectance": 0.1635,
        "swir_b12_reflectance": 0.2277,
        "ndvi": 0.4049,
        "elevation_m": 300.0,
        "slope_deg": 2.3,
        "dist_to_fault_km": 98.08,
        "temp_c": 27.5,
        "rainfall_mm": 6.5,
        "timestamp": "2026-09-07T07:56:51.079660+00:00"
      }
    },
    {
      "type": "Feature",
      "geometry": {
        "type": "Point",
        "coordinates": [
          78.86,
          22.24
        ]
      },
      "properties": {
        "probability": 0.0233,
        "confidence": "low",
        "iron_oxide_index": 0.3111,
        "ferrous_mineral_index": 0.26,
        "swir_b11_reflectance": 0.1606,
        "swir_b12_reflectance": 0.2161,
        "ndvi": 0.3988,
        "elevation_m": 300.0,
        "slope_deg": 3.5,
        "dist_to_fault_km": 91.45,
        "temp_c": 27.5,
        "rainfall_mm": 6.5,
        "timestamp": "2026-09-07T07:56:51.079660+00:00"
      }
    },
    {
      "type": "Feature",
      "geometry": {
        "type": "Point",
        "coordinates": [
          78.92,
          22.24
        ]
      },
      "properties": {
        "probability": 0.4096,
        "confidence": "low",
        "iron_oxide_index": 0.3143,
        "ferrous_mineral_index": 0.2056,
        "swir_b11_reflectance": 0.1691,
        "swir_b12_reflectance": 0.2209,
        "ndvi": 0.4619,
        "elevation_m": 637.8,
        "slope_deg": 7.6,
        "dist_to_fault_km": 84.83,
        "temp_c": 25.4,
        "rainfall_mm": 8.9,
        "timestamp": "2026-09-07T07:56:51.079660+00:00"
      }
    },
    {
      "type": "Feature",
      "geometry": {
        "type": "Point",
        "coordinates": [
          78.98,
          22.24
        ]
      },
      "properties": {
        "probability": 0.0148,
        "confidence": "low",
        "iron_oxide_index": 0.299,
        "ferrous_mineral_index": 0.2202,
        "swir_b11_reflectance": 0.1652,
        "swir_b12_reflectance": 0.2107,
        "ndvi": 0.4571,
        "elevation_m": 300.0,
        "slope_deg": 2.8,
        "dist_to_fault_km": 78.21,
        "temp_c": 27.5,
        "rainfall_mm": 6.5,
        "timestamp": "2026-09-07T07:56:51.079660+00:00"
      }
    },
    {
      "type": "Feature",
      "geometry": {
        "type": "Point",
        "coordinates": [
          79.04,
          22.24
        ]
      },
      "properties": {
        "probability": 0.257,
        "confidence": "low",
        "iron_oxide_index": 0.3071,
        "ferrous_mineral_index": 0.2286,
        "swir_b11_reflectance": 0.1699,
        "swir_b12_reflectance": 0.2219,
        "ndvi": 0.4941,
        "elevation_m": 637.8,
        "slope_deg": 8.6,
        "dist_to_fault_km": 71.59,
        "temp_c": 25.4,
        "rainfall_mm": 8.9,
        "timestamp": "2026-09-07T07:56:51.079660+00:00"
      }
    },
    {
      "type": "Feature",
      "geometry": {
        "type": "Point",
        "coordinates": [
          79.1,
          22.24
        ]
      },
      "properties": {
        "probability": 0.0934,
        "confidence": "low",
        "iron_oxide_index": 0.317,
        "ferrous_mineral_index": 0.2264,
        "swir_b11_reflectance": 0.1591,
        "swir_b12_reflectance": 0.2077,
        "ndvi": 0.4506,
        "elevation_m": 557.7,
        "slope_deg": 6.5,
        "dist_to_fault_km": 64.99,
        "temp_c": 25.8,
        "rainfall_mm": 9.2,
        "timestamp": "2026-09-07T07:56:51.079660+00:00"
      }
    },
    {
      "type": "Feature",
      "geometry": {
        "type": "Point",
        "coordinates": [
          79.16,
          22.24
        ]
      },
      "properties": {
        "probability": 0.0537,
        "confidence": "low",
        "iron_oxide_index": 0.3133,
        "ferrous_mineral_index": 0.213,
        "swir_b11_reflectance": 0.1667,
        "swir_b12_reflectance": 0.1948,
        "ndvi": 0.4697,
        "elevation_m": 557.7,
        "slope_deg": 5.8,
        "dist_to_fault_km": 58.4,
        "temp_c": 25.8,
        "rainfall_mm": 9.2,
        "timestamp": "2026-09-07T07:56:51.079660+00:00"
      }
    },
    {
      "type": "Feature",
      "geometry": {
        "type": "Point",
        "coordinates": [
          79.22,
          22.24
        ]
      },
      "properties": {
        "probability": 0.1272,
        "confidence": "low",
        "iron_oxide_index": 0.2934,
        "ferrous_mineral_index": 0.19,
        "swir_b11_reflectance": 0.1638,
        "swir_b12_reflectance": 0.1974,
        "ndvi": 0.4002,
        "elevation_m": 557.7,
        "slope_deg": 6.0,
        "dist_to_fault_km": 51.83,
        "temp_c": 25.8,
        "rainfall_mm": 9.2,
        "timestamp": "2026-09-07T07:56:51.079660+00:00"
      }
    },
    {
      "type": "Feature",
      "geometry": {
        "type": "Point",
        "coordinates": [
          79.28,
          22.24
        ]
      },
      "properties": {
        "probability": 0.0084,
        "confidence": "low",
        "iron_oxide_index": 0.3053,
        "ferrous_mineral_index": 0.2217,
        "swir_b11_reflectance": 0.165,
        "swir_b12_reflectance": 0.2253,
        "ndvi": 0.4015,
        "elevation_m": 557.7,
        "slope_deg": 7.3,
        "dist_to_fault_km": 45.28,
        "temp_c": 25.8,
        "rainfall_mm": 9.2,
        "timestamp": "2026-09-07T07:56:51.079660+00:00"
      }
    },
    {
      "type": "Feature",
      "geometry": {
        "type": "Point",
        "coordinates": [
          79.34,
          22.24
        ]
      },
      "properties": {
        "probability": 0.0294,
        "confidence": "low",
        "iron_oxide_index": 0.282,
        "ferrous_mineral_index": 0.2075,
        "swir_b11_reflectance": 0.1892,
        "swir_b12_reflectance": 0.2233,
        "ndvi": 0.404,
        "elevation_m": 557.7,
        "slope_deg": 6.6,
        "dist_to_fault_km": 38.77,
        "temp_c": 25.8,
        "rainfall_mm": 9.2,
        "timestamp": "2026-09-07T07:56:51.079660+00:00"
      }
    },
    {
      "type": "Feature",
      "geometry": {
        "type": "Point",
        "coordinates": [
          79.4,
          22.24
        ]
      },
      "properties": {
        "probability": 0.0231,
        "confidence": "low",
        "iron_oxide_index": 0.2994,
        "ferrous_mineral_index": 0.2262,
        "swir_b11_reflectance": 0.1814,
        "swir_b12_reflectance": 0.2055,
        "ndvi": 0.4586,
        "elevation_m": 300.0,
        "slope_deg": 2.3,
        "dist_to_fault_km": 32.32,
        "temp_c": 27.5,
        "rainfall_mm": 6.5,
        "timestamp": "2026-09-07T07:56:51.079660+00:00"
      }
    },
    {
      "type": "Feature",
      "geometry": {
        "type": "Point",
        "coordinates": [
          79.46,
          22.24
        ]
      },
      "properties": {
        "probability": 0.0769,
        "confidence": "low",
        "iron_oxide_index": 0.3037,
        "ferrous_mineral_index": 0.2202,
        "swir_b11_reflectance": 0.1763,
        "swir_b12_reflectance": 0.2086,
        "ndvi": 0.387,
        "elevation_m": 557.7,
        "slope_deg": 6.8,
        "dist_to_fault_km": 25.98,
        "temp_c": 25.8,
        "rainfall_mm": 9.2,
        "timestamp": "2026-09-07T07:56:51.079660+00:00"
      }
    },
    {
      "type": "Feature",
      "geometry": {
        "type": "Point",
        "coordinates": [
          79.52,
          22.24
        ]
      },
      "properties": {
        "probability": 0.0108,
        "confidence": "low",
        "iron_oxide_index": 0.3061,
        "ferrous_mineral_index": 0.2472,
        "swir_b11_reflectance": 0.1581,
        "swir_b12_reflectance": 0.2046,
        "ndvi": 0.453,
        "elevation_m": 557.7,
        "slope_deg": 6.1,
        "dist_to_fault_km": 19.86,
        "temp_c": 25.8,
        "rainfall_mm": 9.2,
        "timestamp": "2026-09-07T07:56:51.079660+00:00"
      }
    },
    {
      "type": "Feature",
      "geometry": {
        "type": "Point",
        "coordinates": [
          79.58,
          22.24
        ]
      },
      "properties": {
        "probability": 0.0074,
        "confidence": "low",
        "iron_oxide_index": 0.3017,
        "ferrous_mineral_index": 0.2359,
        "swir_b11_reflectance": 0.1732,
        "swir_b12_reflectance": 0.2474,
        "ndvi": 0.4168,
        "elevation_m": 557.7,
        "slope_deg": 7.1,
        "dist_to_fault_km": 14.21,
        "temp_c": 25.8,
        "rainfall_mm": 9.2,
        "timestamp": "2026-09-07T07:56:51.079660+00:00"
      }
    },
    {
      "type": "Feature",
      "geometry": {
        "type": "Point",
        "coordinates": [
          79.64,
          22.24
        ]
      },
      "properties": {
        "probability": 0.0053,
        "confidence": "low",
        "iron_oxide_index": 0.4464,
        "ferrous_mineral_index": 0.3534,
        "swir_b11_reflectance": 0.2568,
        "swir_b12_reflectance": 0.3461,
        "ndvi": 0.3951,
        "elevation_m": 557.7,
        "slope_deg": 10.0,
        "dist_to_fault_km": 9.93,
        "temp_c": 25.8,
        "rainfall_mm": 9.2,
        "timestamp": "2026-09-07T07:56:51.079660+00:00"
      }
    },
    {
      "type": "Feature",
      "geometry": {
        "type": "Point",
        "coordinates": [
          79.7,
          22.24
        ]
      },
      "properties": {
        "probability": 0.0283,
        "confidence": "low",
        "iron_oxide_index": 0.4432,
        "ferrous_mineral_index": 0.394,
        "swir_b11_reflectance": 0.2874,
        "swir_b12_reflectance": 0.3471,
        "ndvi": 0.38,
        "elevation_m": 469.5,
        "slope_deg": 9.1,
        "dist_to_fault_km": 9.15,
        "temp_c": 26.2,
        "rainfall_mm": 9.7,
        "timestamp": "2026-09-07T07:56:51.079660+00:00"
      }
    },
    {
      "type": "Feature",
      "geometry": {
        "type": "Point",
        "coordinates": [
          79.76,
          22.24
        ]
      },
      "properties": {
        "probability": 0.0143,
        "confidence": "low",
        "iron_oxide_index": 0.4142,
        "ferrous_mineral_index": 0.3045,
        "swir_b11_reflectance": 0.2116,
        "swir_b12_reflectance": 0.2898,
        "ndvi": 0.4447,
        "elevation_m": 300.0,
        "slope_deg": 2.6,
        "dist_to_fault_km": 12.56,
        "temp_c": 27.5,
        "rainfall_mm": 6.5,
        "timestamp": "2026-09-07T07:56:51.079660+00:00"
      }
    },
    {
      "type": "Feature",
      "geometry": {
        "type": "Point",
        "coordinates": [
          79.82,
          22.24
        ]
      },
      "properties": {
        "probability": 0.0176,
        "confidence": "low",
        "iron_oxide_index": 0.3014,
        "ferrous_mineral_index": 0.2219,
        "swir_b11_reflectance": 0.1549,
        "swir_b12_reflectance": 0.2326,
        "ndvi": 0.4132,
        "elevation_m": 300.0,
        "slope_deg": 2.9,
        "dist_to_fault_km": 17.9,
        "temp_c": 27.5,
        "rainfall_mm": 6.5,
        "timestamp": "2026-09-07T07:56:51.079660+00:00"
      }
    },
    {
      "type": "Feature",
      "geometry": {
        "type": "Point",
        "coordinates": [
          79.88,
          22.24
        ]
      },
      "properties": {
        "probability": 0.0095,
        "confidence": "low",
        "iron_oxide_index": 0.3097,
        "ferrous_mineral_index": 0.1996,
        "swir_b11_reflectance": 0.1472,
        "swir_b12_reflectance": 0.2283,
        "ndvi": 0.4825,
        "elevation_m": 300.0,
        "slope_deg": 2.3,
        "dist_to_fault_km": 23.91,
        "temp_c": 27.5,
        "rainfall_mm": 6.5,
        "timestamp": "2026-09-07T07:56:51.079660+00:00"
      }
    },
    {
      "type": "Feature",
      "geometry": {
        "type": "Point",
        "coordinates": [
          79.94,
          22.24
        ]
      },
      "properties": {
        "probability": 0.0087,
        "confidence": "low",
        "iron_oxide_index": 0.3001,
        "ferrous_mineral_index": 0.2238,
        "swir_b11_reflectance": 0.1853,
        "swir_b12_reflectance": 0.2098,
        "ndvi": 0.4661,
        "elevation_m": 469.5,
        "slope_deg": 5.6,
        "dist_to_fault_km": 30.2,
        "temp_c": 26.2,
        "rainfall_mm": 9.7,
        "timestamp": "2026-09-07T07:56:51.079660+00:00"
      }
    },
    {
      "type": "Feature",
      "geometry": {
        "type": "Point",
        "coordinates": [
          80.0,
          22.24
        ]
      },
      "properties": {
        "probability": 0.0014,
        "confidence": "low",
        "iron_oxide_index": 0.3016,
        "ferrous_mineral_index": 0.2696,
        "swir_b11_reflectance": 0.1591,
        "swir_b12_reflectance": 0.2142,
        "ndvi": 0.4261,
        "elevation_m": 469.5,
        "slope_deg": 5.8,
        "dist_to_fault_km": 36.61,
        "temp_c": 26.2,
        "rainfall_mm": 9.7,
        "timestamp": "2026-09-07T07:56:51.079660+00:00"
      }
    },
    {
      "type": "Feature",
      "geometry": {
        "type": "Point",
        "coordinates": [
          80.06,
          22.24
        ]
      },
      "properties": {
        "probability": 0.0574,
        "confidence": "low",
        "iron_oxide_index": 0.2809,
        "ferrous_mineral_index": 0.2087,
        "swir_b11_reflectance": 0.1836,
        "swir_b12_reflectance": 0.2033,
        "ndvi": 0.499,
        "elevation_m": 469.5,
        "slope_deg": 5.5,
        "dist_to_fault_km": 43.1,
        "temp_c": 26.2,
        "rainfall_mm": 9.7,
        "timestamp": "2026-09-07T07:56:51.079660+00:00"
      }
    },
    {
      "type": "Feature",
      "geometry": {
        "type": "Point",
        "coordinates": [
          80.12,
          22.24
        ]
      },
      "properties": {
        "probability": 0.0292,
        "confidence": "low",
        "iron_oxide_index": 0.3091,
        "ferrous_mineral_index": 0.2624,
        "swir_b11_reflectance": 0.1656,
        "swir_b12_reflectance": 0.2018,
        "ndvi": 0.4584,
        "elevation_m": 300.0,
        "slope_deg": 2.7,
        "dist_to_fault_km": 44.95,
        "temp_c": 27.5,
        "rainfall_mm": 6.5,
        "timestamp": "2026-09-07T07:56:51.079660+00:00"
      }
    },
    {
      "type": "Feature",
      "geometry": {
        "type": "Point",
        "coordinates": [
          80.18,
          22.24
        ]
      },
      "properties": {
        "probability": 0.0622,
        "confidence": "low",
        "iron_oxide_index": 0.3346,
        "ferrous_mineral_index": 0.1982,
        "swir_b11_reflectance": 0.176,
        "swir_b12_reflectance": 0.2039,
        "ndvi": 0.4638,
        "elevation_m": 469.5,
        "slope_deg": 5.3,
        "dist_to_fault_km": 43.1,
        "temp_c": 26.2,
        "rainfall_mm": 9.7,
        "timestamp": "2026-09-07T07:56:51.079660+00:00"
      }
    },
    {
      "type": "Feature",
      "geometry": {
        "type": "Point",
        "coordinates": [
          80.24,
          22.24
        ]
      },
      "properties": {
        "probability": 0.0199,
        "confidence": "low",
        "iron_oxide_index": 0.3024,
        "ferrous_mineral_index": 0.1937,
        "swir_b11_reflectance": 0.1802,
        "swir_b12_reflectance": 0.221,
        "ndvi": 0.4404,
        "elevation_m": 300.0,
        "slope_deg": 3.0,
        "dist_to_fault_km": 42.24,
        "temp_c": 27.5,
        "rainfall_mm": 6.5,
        "timestamp": "2026-09-07T07:56:51.079660+00:00"
      }
    },
    {
      "type": "Feature",
      "geometry": {
        "type": "Point",
        "coordinates": [
          80.3,
          22.24
        ]
      },
      "properties": {
        "probability": 0.0056,
        "confidence": "low",
        "iron_oxide_index": 0.3008,
        "ferrous_mineral_index": 0.2158,
        "swir_b11_reflectance": 0.1848,
        "swir_b12_reflectance": 0.2307,
        "ndvi": 0.4125,
        "elevation_m": 469.5,
        "slope_deg": 4.8,
        "dist_to_fault_km": 42.2,
        "temp_c": 26.2,
        "rainfall_mm": 9.7,
        "timestamp": "2026-09-07T07:56:51.079660+00:00"
      }
    },
    {
      "type": "Feature",
      "geometry": {
        "type": "Point",
        "coordinates": [
          80.36,
          22.24
        ]
      },
      "properties": {
        "probability": 0.0322,
        "confidence": "low",
        "iron_oxide_index": 0.3049,
        "ferrous_mineral_index": 0.2354,
        "swir_b11_reflectance": 0.1838,
        "swir_b12_reflectance": 0.2038,
        "ndvi": 0.4496,
        "elevation_m": 300.0,
        "slope_deg": 3.7,
        "dist_to_fault_km": 38.72,
        "temp_c": 27.5,
        "rainfall_mm": 6.5,
        "timestamp": "2026-09-07T07:56:51.079660+00:00"
      }
    },
    {
      "type": "Feature",
      "geometry": {
        "type": "Point",
        "coordinates": [
          80.42,
          22.24
        ]
      },
      "properties": {
        "probability": 0.0262,
        "confidence": "low",
        "iron_oxide_index": 0.3544,
        "ferrous_mineral_index": 0.1987,
        "swir_b11_reflectance": 0.1799,
        "swir_b12_reflectance": 0.2322,
        "ndvi": 0.4098,
        "elevation_m": 547.2,
        "slope_deg": 6.8,
        "dist_to_fault_km": 36.16,
        "temp_c": 25.6,
        "rainfall_mm": 9.4,
        "timestamp": "2026-09-07T07:56:51.079660+00:00"
      }
    },
    {
      "type": "Feature",
      "geometry": {
        "type": "Point",
        "coordinates": [
          80.48,
          22.24
        ]
      },
      "properties": {
        "probability": 0.02,
        "confidence": "low",
        "iron_oxide_index": 0.2748,
        "ferrous_mineral_index": 0.196,
        "swir_b11_reflectance": 0.1699,
        "swir_b12_reflectance": 0.1933,
        "ndvi": 0.4824,
        "elevation_m": 300.0,
        "slope_deg": 1.6,
        "dist_to_fault_km": 34.7,
        "temp_c": 27.5,
        "rainfall_mm": 6.5,
        "timestamp": "2026-09-07T07:56:51.079660+00:00"
      }
    },
    {
      "type": "Feature",
      "geometry": {
        "type": "Point",
        "coordinates": [
          80.54,
          22.24
        ]
      },
      "properties": {
        "probability": 0.0364,
        "confidence": "low",
        "iron_oxide_index": 0.3009,
        "ferrous_mineral_index": 0.2087,
        "swir_b11_reflectance": 0.1413,
        "swir_b12_reflectance": 0.2351,
        "ndvi": 0.4493,
        "elevation_m": 547.2,
        "slope_deg": 6.7,
        "dist_to_fault_km": 34.48,
        "temp_c": 25.6,
        "rainfall_mm": 9.4,
        "timestamp": "2026-09-07T07:56:51.079660+00:00"
      }
    },
    {
      "type": "Feature",
      "geometry": {
        "type": "Point",
        "coordinates": [
          80.6,
          22.24
        ]
      },
      "properties": {
        "probability": 0.0062,
        "confidence": "low",
        "iron_oxide_index": 0.318,
        "ferrous_mineral_index": 0.231,
        "swir_b11_reflectance": 0.1631,
        "swir_b12_reflectance": 0.2196,
        "ndvi": 0.4245,
        "elevation_m": 547.2,
        "slope_deg": 7.3,
        "dist_to_fault_km": 35.54,
        "temp_c": 25.6,
        "rainfall_mm": 9.4,
        "timestamp": "2026-09-07T07:56:51.079660+00:00"
      }
    },
    {
      "type": "Feature",
      "geometry": {
        "type": "Point",
        "coordinates": [
          80.66,
          22.24
        ]
      },
      "properties": {
        "probability": 0.0786,
        "confidence": "low",
        "iron_oxide_index": 0.2862,
        "ferrous_mineral_index": 0.1927,
        "swir_b11_reflectance": 0.1716,
        "swir_b12_reflectance": 0.2062,
        "ndvi": 0.4397,
        "elevation_m": 547.2,
        "slope_deg": 6.1,
        "dist_to_fault_km": 37.76,
        "temp_c": 25.6,
        "rainfall_mm": 9.4,
        "timestamp": "2026-09-07T07:56:51.079660+00:00"
      }
    },
    {
      "type": "Feature",
      "geometry": {
        "type": "Point",
        "coordinates": [
          80.72,
          22.24
        ]
      },
      "properties": {
        "probability": 0.076,
        "confidence": "low",
        "iron_oxide_index": 0.2881,
        "ferrous_mineral_index": 0.1999,
        "swir_b11_reflectance": 0.1893,
        "swir_b12_reflectance": 0.2075,
        "ndvi": 0.3761,
        "elevation_m": 547.2,
        "slope_deg": 6.6,
        "dist_to_fault_km": 40.95,
        "temp_c": 25.6,
        "rainfall_mm": 9.4,
        "timestamp": "2026-09-07T07:56:51.079660+00:00"
      }
    },
    {
      "type": "Feature",
      "geometry": {
        "type": "Point",
        "coordinates": [
          80.78,
          22.24
        ]
      },
      "properties": {
        "probability": 0.0283,
        "confidence": "low",
        "iron_oxide_index": 0.2884,
        "ferrous_mineral_index": 0.2186,
        "swir_b11_reflectance": 0.2073,
        "swir_b12_reflectance": 0.2185,
        "ndvi": 0.4544,
        "elevation_m": 547.2,
        "slope_deg": 6.8,
        "dist_to_fault_km": 44.91,
        "temp_c": 25.6,
        "rainfall_mm": 9.4,
        "timestamp": "2026-09-07T07:56:51.079660+00:00"
      }
    },
    {
      "type": "Feature",
      "geometry": {
        "type": "Point",
        "coordinates": [
          78.5,
          22.3
        ]
      },
      "properties": {
        "probability": 0.0171,
        "confidence": "low",
        "iron_oxide_index": 0.3245,
        "ferrous_mineral_index": 0.2561,
        "swir_b11_reflectance": 0.1619,
        "swir_b12_reflectance": 0.2002,
        "ndvi": 0.455,
        "elevation_m": 300.0,
        "slope_deg": 1.7,
        "dist_to_fault_km": 122.69,
        "temp_c": 27.5,
        "rainfall_mm": 6.5,
        "timestamp": "2026-09-07T07:56:51.079660+00:00"
      }
    },
    {
      "type": "Feature",
      "geometry": {
        "type": "Point",
        "coordinates": [
          78.56,
          22.3
        ]
      },
      "properties": {
        "probability": 0.0125,
        "confidence": "low",
        "iron_oxide_index": 0.2998,
        "ferrous_mineral_index": 0.1945,
        "swir_b11_reflectance": 0.1792,
        "swir_b12_reflectance": 0.239,
        "ndvi": 0.4562,
        "elevation_m": 300.0,
        "slope_deg": 2.4,
        "dist_to_fault_km": 119.64,
        "temp_c": 27.5,
        "rainfall_mm": 6.5,
        "timestamp": "2026-09-07T07:56:51.079660+00:00"
      }
    },
    {
      "type": "Feature",
      "geometry": {
        "type": "Point",
        "coordinates": [
          78.62,
          22.3
        ]
      },
      "properties": {
        "probability": 0.0106,
        "confidence": "low",
        "iron_oxide_index": 0.3218,
        "ferrous_mineral_index": 0.2144,
        "swir_b11_reflectance": 0.1609,
        "swir_b12_reflectance": 0.227,
        "ndvi": 0.4165,
        "elevation_m": 300.0,
        "slope_deg": 2.1,
        "dist_to_fault_km": 116.89,
        "temp_c": 27.5,
        "rainfall_mm": 6.5,
        "timestamp": "2026-09-07T07:56:51.079660+00:00"
      }
    },
    {
      "type": "Feature",
      "geometry": {
        "type": "Point",
        "coordinates": [
          78.68,
          22.3
        ]
      },
      "properties": {
        "probability": 0.0056,
        "confidence": "low",
        "iron_oxide_index": 0.3009,
        "ferrous_mineral_index": 0.2559,
        "swir_b11_reflectance": 0.1635,
        "swir_b12_reflectance": 0.2251,
        "ndvi": 0.4617,
        "elevation_m": 300.0,
        "slope_deg": 3.4,
        "dist_to_fault_km": 112.08,
        "temp_c": 27.5,
        "rainfall_mm": 6.5,
        "timestamp": "2026-09-07T07:56:51.079660+00:00"
      }
    },
    {
      "type": "Feature",
      "geometry": {
        "type": "Point",
        "coordinates": [
          78.74,
          22.3
        ]
      },
      "properties": {
        "probability": 0.0009,
        "confidence": "low",
        "iron_oxide_index": 0.2822,
        "ferrous_mineral_index": 0.2374,
        "swir_b11_reflectance": 0.172,
        "swir_b12_reflectance": 0.2191,
        "ndvi": 0.4219,
        "elevation_m": 649.4,
        "slope_deg": 7.9,
        "dist_to_fault_km": 105.49,
        "temp_c": 25.1,
        "rainfall_mm": 9.8,
        "timestamp": "2026-09-07T07:56:51.079660+00:00"
      }
    },
    {
      "type": "Feature",
      "geometry": {
        "type": "Point",
        "coordinates": [
          78.8,
          22.3
        ]
      },
      "properties": {
        "probability": 0.0293,
        "confidence": "low",
        "iron_oxide_index": 0.296,
        "ferrous_mineral_index": 0.253,
        "swir_b11_reflectance": 0.1907,
        "swir_b12_reflectance": 0.2144,
        "ndvi": 0.4513,
        "elevation_m": 649.4,
        "slope_deg": 6.7,
        "dist_to_fault_km": 98.91,
        "temp_c": 25.1,
        "rainfall_mm": 9.8,
        "timestamp": "2026-09-07T07:56:51.079660+00:00"
      }
    },
    {
      "type": "Feature",
      "geometry": {
        "type": "Point",
        "coordinates": [
          78.86,
          22.3
        ]
      },
      "properties": {
        "probability": 0.0701,
        "confidence": "low",
        "iron_oxide_index": 0.3496,
        "ferrous_mineral_index": 0.2141,
        "swir_b11_reflectance": 0.1754,
        "swir_b12_reflectance": 0.2186,
        "ndvi": 0.4805,
        "elevation_m": 649.4,
        "slope_deg": 7.0,
        "dist_to_fault_km": 92.34,
        "temp_c": 25.1,
        "rainfall_mm": 9.8,
        "timestamp": "2026-09-07T07:56:51.079660+00:00"
      }
    },
    {
      "type": "Feature",
      "geometry": {
        "type": "Point",
        "coordinates": [
          78.92,
          22.3
        ]
      },
      "properties": {
        "probability": 0.0193,
        "confidence": "low",
        "iron_oxide_index": 0.3261,
        "ferrous_mineral_index": 0.2186,
        "swir_b11_reflectance": 0.1628,
        "swir_b12_reflectance": 0.2259,
        "ndvi": 0.4711,
        "elevation_m": 300.0,
        "slope_deg": 2.4,
        "dist_to_fault_km": 85.78,
        "temp_c": 27.5,
        "rainfall_mm": 6.5,
        "timestamp": "2026-09-07T07:56:51.079660+00:00"
      }
    },
    {
      "type": "Feature",
      "geometry": {
        "type": "Point",
        "coordinates": [
          78.98,
          22.3
        ]
      },
      "properties": {
        "probability": 0.0802,
        "confidence": "low",
        "iron_oxide_index": 0.3014,
        "ferrous_mineral_index": 0.2108,
        "swir_b11_reflectance": 0.1851,
        "swir_b12_reflectance": 0.2066,
        "ndvi": 0.4587,
        "elevation_m": 649.4,
        "slope_deg": 7.7,
        "dist_to_fault_km": 79.24,
        "temp_c": 25.1,
        "rainfall_mm": 9.8,
        "timestamp": "2026-09-07T07:56:51.079660+00:00"
      }
    },
    {
      "type": "Feature",
      "geometry": {
        "type": "Point",
        "coordinates": [
          79.04,
          22.3
        ]
      },
      "properties": {
        "probability": 0.0324,
        "confidence": "low",
        "iron_oxide_index": 0.3033,
        "ferrous_mineral_index": 0.1817,
        "swir_b11_reflectance": 0.1573,
        "swir_b12_reflectance": 0.2376,
        "ndvi": 0.4465,
        "elevation_m": 649.4,
        "slope_deg": 9.0,
        "dist_to_fault_km": 72.72,
        "temp_c": 25.1,
        "rainfall_mm": 9.8,
        "timestamp": "2026-09-07T07:56:51.079660+00:00"
      }
    },
    {
      "type": "Feature",
      "geometry": {
        "type": "Point",
        "coordinates": [
          79.1,
          22.3
        ]
      },
      "properties": {
        "probability": 0.1478,
        "confidence": "low",
        "iron_oxide_index": 0.2767,
        "ferrous_mineral_index": 0.229,
        "swir_b11_reflectance": 0.1389,
        "swir_b12_reflectance": 0.2077,
        "ndvi": 0.4333,
        "elevation_m": 608.5,
        "slope_deg": 6.5,
        "dist_to_fault_km": 66.23,
        "temp_c": 25.2,
        "rainfall_mm": 9.6,
        "timestamp": "2026-09-07T07:56:51.079660+00:00"
      }
    },
    {
      "type": "Feature",
      "geometry": {
        "type": "Point",
        "coordinates": [
          79.16,
          22.3
        ]
      },
      "properties": {
        "probability": 0.0174,
        "confidence": "low",
        "iron_oxide_index": 0.3213,
        "ferrous_mineral_index": 0.2018,
        "swir_b11_reflectance": 0.1885,
        "swir_b12_reflectance": 0.2177,
        "ndvi": 0.4525,
        "elevation_m": 300.0,
        "slope_deg": 2.9,
        "dist_to_fault_km": 59.77,
        "temp_c": 27.5,
        "rainfall_mm": 6.5,
        "timestamp": "2026-09-07T07:56:51.079660+00:00"
      }
    },
    {
      "type": "Feature",
      "geometry": {
        "type": "Point",
        "coordinates": [
          79.22,
          22.3
        ]
      },
      "properties": {
        "probability": 0.0078,
        "confidence": "low",
        "iron_oxide_index": 0.293,
        "ferrous_mineral_index": 0.2517,
        "swir_b11_reflectance": 0.1827,
        "swir_b12_reflectance": 0.225,
        "ndvi": 0.4583,
        "elevation_m": 300.0,
        "slope_deg": 3.0,
        "dist_to_fault_km": 53.37,
        "temp_c": 27.5,
        "rainfall_mm": 6.5,
        "timestamp": "2026-09-07T07:56:51.079660+00:00"
      }
    },
    {
      "type": "Feature",
      "geometry": {
        "type": "Point",
        "coordinates": [
          79.28,
          22.3
        ]
      },
      "properties": {
        "probability": 0.0387,
        "confidence": "low",
        "iron_oxide_index": 0.2668,
        "ferrous_mineral_index": 0.2322,
        "swir_b11_reflectance": 0.178,
        "swir_b12_reflectance": 0.2155,
        "ndvi": 0.4152,
        "elevation_m": 608.5,
        "slope_deg": 7.0,
        "dist_to_fault_km": 47.04,
        "temp_c": 25.2,
        "rainfall_mm": 9.6,
        "timestamp": "2026-09-07T07:56:51.079660+00:00"
      }
    },
    {
      "type": "Feature",
      "geometry": {
        "type": "Point",
        "coordinates": [
          79.34,
          22.3
        ]
      },
      "properties": {
        "probability": 0.0325,
        "confidence": "low",
        "iron_oxide_index": 0.2921,
        "ferrous_mineral_index": 0.1986,
        "swir_b11_reflectance": 0.1775,
        "swir_b12_reflectance": 0.1969,
        "ndvi": 0.4177,
        "elevation_m": 300.0,
        "slope_deg": 2.4,
        "dist_to_fault_km": 40.81,
        "temp_c": 27.5,
        "rainfall_mm": 6.5,
        "timestamp": "2026-09-07T07:56:51.079660+00:00"
      }
    },
    {
      "type": "Feature",
      "geometry": {
        "type": "Point",
        "coordinates": [
          79.4,
          22.3
        ]
      },
      "properties": {
        "probability": 0.0615,
        "confidence": "low",
        "iron_oxide_index": 0.3227,
        "ferrous_mineral_index": 0.208,
        "swir_b11_reflectance": 0.1723,
        "swir_b12_reflectance": 0.233,
        "ndvi": 0.4456,
        "elevation_m": 608.5,
        "slope_deg": 7.4,
        "dist_to_fault_km": 34.75,
        "temp_c": 25.2,
        "rainfall_mm": 9.6,
        "timestamp": "2026-09-07T07:56:51.079660+00:00"
      }
    },
    {
      "type": "Feature",
      "geometry": {
        "type": "Point",
        "coordinates": [
          79.46,
          22.3
        ]
      },
      "properties": {
        "probability": 0.0785,
        "confidence": "low",
        "iron_oxide_index": 0.2706,
        "ferrous_mineral_index": 0.2407,
        "swir_b11_reflectance": 0.1746,
        "swir_b12_reflectance": 0.2032,
        "ndvi": 0.4244,
        "elevation_m": 608.5,
        "slope_deg": 8.8,
        "dist_to_fault_km": 28.95,
        "temp_c": 25.2,
        "rainfall_mm": 9.6,
        "timestamp": "2026-09-07T07:56:51.079660+00:00"
      }
    },
    {
      "type": "Feature",
      "geometry": {
        "type": "Point",
        "coordinates": [
          79.52,
          22.3
        ]
      },
      "properties": {
        "probability": 0.0448,
        "confidence": "low",
        "iron_oxide_index": 0.299,
        "ferrous_mineral_index": 0.2346,
        "swir_b11_reflectance": 0.1596,
        "swir_b12_reflectance": 0.2049,
        "ndvi": 0.4222,
        "elevation_m": 300.0,
        "slope_deg": 3.2,
        "dist_to_fault_km": 23.6,
        "temp_c": 27.5,
        "rainfall_mm": 6.5,
        "timestamp": "2026-09-07T07:56:51.079660+00:00"
      }
    },
    {
      "type": "Feature",
      "geometry": {
        "type": "Point",
        "coordinates": [
          79.58,
          22.3
        ]
      },
      "properties": {
        "probability": 0.0419,
        "confidence": "low",
        "iron_oxide_index": 0.2932,
        "ferrous_mineral_index": 0.2381,
        "swir_b11_reflectance": 0.1718,
        "swir_b12_reflectance": 0.205,
        "ndvi": 0.4302,
        "elevation_m": 300.0,
        "slope_deg": 3.0,
        "dist_to_fault_km": 19.1,
        "temp_c": 27.5,
        "rainfall_mm": 6.5,
        "timestamp": "2026-09-07T07:56:51.079660+00:00"
      }
    },
    {
      "type": "Feature",
      "geometry": {
        "type": "Point",
        "coordinates": [
          79.64,
          22.3
        ]
      },
      "properties": {
        "probability": 0.0283,
        "confidence": "low",
        "iron_oxide_index": 0.2867,
        "ferrous_mineral_index": 0.2034,
        "swir_b11_reflectance": 0.1909,
        "swir_b12_reflectance": 0.2039,
        "ndvi": 0.3405,
        "elevation_m": 300.0,
        "slope_deg": 2.5,
        "dist_to_fault_km": 16.16,
        "temp_c": 27.5,
        "rainfall_mm": 6.5,
        "timestamp": "2026-09-07T07:56:51.079660+00:00"
      }
    },
    {
      "type": "Feature",
      "geometry": {
        "type": "Point",
        "coordinates": [
          79.7,
          22.3
        ]
      },
      "properties": {
        "probability": 0.025,
        "confidence": "low",
        "iron_oxide_index": 0.3244,
        "ferrous_mineral_index": 0.2624,
        "swir_b11_reflectance": 0.1722,
        "swir_b12_reflectance": 0.211,
        "ndvi": 0.4707,
        "elevation_m": 300.0,
        "slope_deg": 1.7,
        "dist_to_fault_km": 15.7,
        "temp_c": 27.5,
        "rainfall_mm": 6.5,
        "timestamp": "2026-09-07T07:56:51.079660+00:00"
      }
    },
    {
      "type": "Feature",
      "geometry": {
        "type": "Point",
        "coordinates": [
          79.76,
          22.3
        ]
      },
      "properties": {
        "probability": 0.0312,
        "confidence": "low",
        "iron_oxide_index": 0.338,
        "ferrous_mineral_index": 0.2187,
        "swir_b11_reflectance": 0.1737,
        "swir_b12_reflectance": 0.1989,
        "ndvi": 0.4352,
        "elevation_m": 300.0,
        "slope_deg": 2.8,
        "dist_to_fault_km": 17.9,
        "temp_c": 27.5,
        "rainfall_mm": 6.5,
        "timestamp": "2026-09-07T07:56:51.079660+00:00"
      }
    },
    {
      "type": "Feature",
      "geometry": {
        "type": "Point",
        "coordinates": [
          79.82,
          22.3
        ]
      },
      "properties": {
        "probability": 0.05,
        "confidence": "low",
        "iron_oxide_index": 0.2818,
        "ferrous_mineral_index": 0.2167,
        "swir_b11_reflectance": 0.1612,
        "swir_b12_reflectance": 0.2008,
        "ndvi": 0.4844,
        "elevation_m": 300.0,
        "slope_deg": 4.1,
        "dist_to_fault_km": 21.98,
        "temp_c": 27.5,
        "rainfall_mm": 6.5,
        "timestamp": "2026-09-07T07:56:51.079660+00:00"
      }
    },
    {
      "type": "Feature",
      "geometry": {
        "type": "Point",
        "coordinates": [
          79.88,
          22.3
        ]
      },
      "properties": {
        "probability": 0.0059,
        "confidence": "low",
        "iron_oxide_index": 0.307,
        "ferrous_mineral_index": 0.195,
        "swir_b11_reflectance": 0.1623,
        "swir_b12_reflectance": 0.2222,
        "ndvi": 0.4378,
        "elevation_m": 300.0,
        "slope_deg": 2.0,
        "dist_to_fault_km": 27.1,
        "temp_c": 27.5,
        "rainfall_mm": 6.5,
        "timestamp": "2026-09-07T07:56:51.079660+00:00"
      }
    },
    {
      "type": "Feature",
      "geometry": {
        "type": "Point",
        "coordinates": [
          79.94,
          22.3
        ]
      },
      "properties": {
        "probability": 0.0106,
        "confidence": "low",
        "iron_oxide_index": 0.3141,
        "ferrous_mineral_index": 0.2413,
        "swir_b11_reflectance": 0.1762,
        "swir_b12_reflectance": 0.2116,
        "ndvi": 0.4708,
        "elevation_m": 300.0,
        "slope_deg": 2.1,
        "dist_to_fault_km": 32.78,
        "temp_c": 27.5,
        "rainfall_mm": 6.5,
        "timestamp": "2026-09-07T07:56:51.079660+00:00"
      }
    },
    {
      "type": "Feature",
      "geometry": {
        "type": "Point",
        "coordinates": [
          80.0,
          22.3
        ]
      },
      "properties": {
        "probability": 0.0497,
        "confidence": "low",
        "iron_oxide_index": 0.3005,
        "ferrous_mineral_index": 0.2211,
        "swir_b11_reflectance": 0.1585,
        "swir_b12_reflectance": 0.1901,
        "ndvi": 0.4354,
        "elevation_m": 300.0,
        "slope_deg": 3.2,
        "dist_to_fault_km": 38.77,
        "temp_c": 27.5,
        "rainfall_mm": 6.5,
        "timestamp": "2026-09-07T07:56:51.079660+00:00"
      }
    },
    {
      "type": "Feature",
      "geometry": {
        "type": "Point",
        "coordinates": [
          80.06,
          22.3
        ]
      },
      "properties": {
        "probability": 0.0173,
        "confidence": "low",
        "iron_oxide_index": 0.3103,
        "ferrous_mineral_index": 0.2243,
        "swir_b11_reflectance": 0.1705,
        "swir_b12_reflectance": 0.2082,
        "ndvi": 0.4572,
        "elevation_m": 300.0,
        "slope_deg": 2.1,
        "dist_to_fault_km": 44.95,
        "temp_c": 27.5,
        "rainfall_mm": 6.5,
        "timestamp": "2026-09-07T07:56:51.079660+00:00"
      }
    },
    {
      "type": "Feature",
      "geometry": {
        "type": "Point",
        "coordinates": [
          80.12,
          22.3
        ]
      },
      "properties": {
        "probability": 0.0066,
        "confidence": "low",
        "iron_oxide_index": 0.3025,
        "ferrous_mineral_index": 0.2233,
        "swir_b11_reflectance": 0.1771,
        "swir_b12_reflectance": 0.2252,
        "ndvi": 0.4559,
        "elevation_m": 300.0,
        "slope_deg": 3.1,
        "dist_to_fault_km": 51.25,
        "temp_c": 27.5,
        "rainfall_mm": 6.5,
        "timestamp": "2026-09-07T07:56:51.079660+00:00"
      }
    },
    {
      "type": "Feature",
      "geometry": {
        "type": "Point",
        "coordinates": [
          80.18,
          22.3
        ]
      },
      "properties": {
        "probability": 0.0759,
        "confidence": "low",
        "iron_oxide_index": 0.3106,
        "ferrous_mineral_index": 0.2242,
        "swir_b11_reflectance": 0.1841,
        "swir_b12_reflectance": 0.189,
        "ndvi": 0.4959,
        "elevation_m": 300.0,
        "slope_deg": 2.9,
        "dist_to_fault_km": 49.64,
        "temp_c": 27.5,
        "rainfall_mm": 6.5,
        "timestamp": "2026-09-07T07:56:51.079660+00:00"
      }
    },
    {
      "type": "Feature",
      "geometry": {
        "type": "Point",
        "coordinates": [
          80.24,
          22.3
        ]
      },
      "properties": {
        "probability": 0.017,
        "confidence": "low",
        "iron_oxide_index": 0.3056,
        "ferrous_mineral_index": 0.2321,
        "swir_b11_reflectance": 0.203,
        "swir_b12_reflectance": 0.2496,
        "ndvi": 0.4483,
        "elevation_m": 300.0,
        "slope_deg": 3.0,
        "dist_to_fault_km": 48.89,
        "temp_c": 27.5,
        "rainfall_mm": 6.5,
        "timestamp": "2026-09-07T07:56:51.079660+00:00"
      }
    },
    {
      "type": "Feature",
      "geometry": {
        "type": "Point",
        "coordinates": [
          80.3,
          22.3
        ]
      },
      "properties": {
        "probability": 0.0493,
        "confidence": "low",
        "iron_oxide_index": 0.2884,
        "ferrous_mineral_index": 0.2348,
        "swir_b11_reflectance": 0.1682,
        "swir_b12_reflectance": 0.1991,
        "ndvi": 0.4709,
        "elevation_m": 300.0,
        "slope_deg": 3.6,
        "dist_to_fault_km": 47.78,
        "temp_c": 27.5,
        "rainfall_mm": 6.5,
        "timestamp": "2026-09-07T07:56:51.079660+00:00"
      }
    },
    {
      "type": "Feature",
      "geometry": {
        "type": "Point",
        "coordinates": [
          80.36,
          22.3
        ]
      },
      "properties": {
        "probability": 0.027,
        "confidence": "low",
        "iron_oxide_index": 0.3025,
        "ferrous_mineral_index": 0.2039,
        "swir_b11_reflectance": 0.1724,
        "swir_b12_reflectance": 0.2171,
        "ndvi": 0.4657,
        "elevation_m": 300.0,
        "slope_deg": 2.9,
        "dist_to_fault_km": 44.75,
        "temp_c": 27.5,
        "rainfall_mm": 6.5,
        "timestamp": "2026-09-07T07:56:51.079660+00:00"
      }
    },
    {
      "type": "Feature",
      "geometry": {
        "type": "Point",
        "coordinates": [
          80.42,
          22.3
        ]
      },
      "properties": {
        "probability": 0.0367,
        "confidence": "low",
        "iron_oxide_index": 0.2957,
        "ferrous_mineral_index": 0.2307,
        "swir_b11_reflectance": 0.1792,
        "swir_b12_reflectance": 0.2183,
        "ndvi": 0.3712,
        "elevation_m": 300.0,
        "slope_deg": 2.7,
        "dist_to_fault_km": 42.54,
        "temp_c": 27.5,
        "rainfall_mm": 6.5,
        "timestamp": "2026-09-07T07:56:51.079660+00:00"
      }
    },
    {
      "type": "Feature",
      "geometry": {
        "type": "Point",
        "coordinates": [
          80.48,
          22.3
        ]
      },
      "properties": {
        "probability": 0.046,
        "confidence": "low",
        "iron_oxide_index": 0.2807,
        "ferrous_mineral_index": 0.2409,
        "swir_b11_reflectance": 0.164,
        "swir_b12_reflectance": 0.1804,
        "ndvi": 0.4361,
        "elevation_m": 300.0,
        "slope_deg": 2.7,
        "dist_to_fault_km": 41.31,
        "temp_c": 27.5,
        "rainfall_mm": 6.5,
        "timestamp": "2026-09-07T07:56:51.079660+00:00"
      }
    },
    {
      "type": "Feature",
      "geometry": {
        "type": "Point",
        "coordinates": [
          80.54,
          22.3
        ]
      },
      "properties": {
        "probability": 0.0637,
        "confidence": "low",
        "iron_oxide_index": 0.2686,
        "ferrous_mineral_index": 0.222,
        "swir_b11_reflectance": 0.1618,
        "swir_b12_reflectance": 0.1754,
        "ndvi": 0.4531,
        "elevation_m": 300.0,
        "slope_deg": 2.6,
        "dist_to_fault_km": 41.13,
        "temp_c": 27.5,
        "rainfall_mm": 6.5,
        "timestamp": "2026-09-07T07:56:51.079660+00:00"
      }
    },
    {
      "type": "Feature",
      "geometry": {
        "type": "Point",
        "coordinates": [
          80.6,
          22.3
        ]
      },
      "properties": {
        "probability": 0.0434,
        "confidence": "low",
        "iron_oxide_index": 0.3088,
        "ferrous_mineral_index": 0.2547,
        "swir_b11_reflectance": 0.175,
        "swir_b12_reflectance": 0.2069,
        "ndvi": 0.4293,
        "elevation_m": 300.0,
        "slope_deg": 3.1,
        "dist_to_fault_km": 42.02,
        "temp_c": 27.5,
        "rainfall_mm": 6.5,
        "timestamp": "2026-09-07T07:56:51.079660+00:00"
      }
    },
    {
      "type": "Feature",
      "geometry": {
        "type": "Point",
        "coordinates": [
          80.66,
          22.3
        ]
      },
      "properties": {
        "probability": 0.0095,
        "confidence": "low",
        "iron_oxide_index": 0.2926,
        "ferrous_mineral_index": 0.254,
        "swir_b11_reflectance": 0.1914,
        "swir_b12_reflectance": 0.2503,
        "ndvi": 0.4078,
        "elevation_m": 300.0,
        "slope_deg": 2.2,
        "dist_to_fault_km": 43.91,
        "temp_c": 27.5,
        "rainfall_mm": 6.5,
        "timestamp": "2026-09-07T07:56:51.079660+00:00"
      }
    },
    {
      "type": "Feature",
      "geometry": {
        "type": "Point",
        "coordinates": [
          80.72,
          22.3
        ]
      },
      "properties": {
        "probability": 0.0299,
        "confidence": "low",
        "iron_oxide_index": 0.2992,
        "ferrous_mineral_index": 0.2144,
        "swir_b11_reflectance": 0.1769,
        "swir_b12_reflectance": 0.2357,
        "ndvi": 0.4441,
        "elevation_m": 300.0,
        "slope_deg": 3.0,
        "dist_to_fault_km": 46.69,
        "temp_c": 27.5,
        "rainfall_mm": 6.5,
        "timestamp": "2026-09-07T07:56:51.079660+00:00"
      }
    },
    {
      "type": "Feature",
      "geometry": {
        "type": "Point",
        "coordinates": [
          80.78,
          22.3
        ]
      },
      "properties": {
        "probability": 0.0446,
        "confidence": "low",
        "iron_oxide_index": 0.3293,
        "ferrous_mineral_index": 0.2172,
        "swir_b11_reflectance": 0.1737,
        "swir_b12_reflectance": 0.2026,
        "ndvi": 0.3955,
        "elevation_m": 300.0,
        "slope_deg": 2.8,
        "dist_to_fault_km": 50.2,
        "temp_c": 27.5,
        "rainfall_mm": 6.5,
        "timestamp": "2026-09-07T07:56:51.079660+00:00"
      }
    },
    {
      "type": "Feature",
      "geometry": {
        "type": "Point",
        "coordinates": [
          78.5,
          22.36
        ]
      },
      "properties": {
        "probability": 0.0867,
        "confidence": "low",
        "iron_oxide_index": 0.2981,
        "ferrous_mineral_index": 0.1918,
        "swir_b11_reflectance": 0.1576,
        "swir_b12_reflectance": 0.2188,
        "ndvi": 0.453,
        "elevation_m": 300.0,
        "slope_deg": 4.3,
        "dist_to_fault_km": 128.58,
        "temp_c": 27.5,
        "rainfall_mm": 6.5,
        "timestamp": "2026-09-07T07:56:51.079660+00:00"
      }
    },
    {
      "type": "Feature",
      "geometry": {
        "type": "Point",
        "coordinates": [
          78.56,
          22.36
        ]
      },
      "properties": {
        "probability": 0.0011,
        "confidence": "low",
        "iron_oxide_index": 0.2976,
        "ferrous_mineral_index": 0.2394,
        "swir_b11_reflectance": 0.1766,
        "swir_b12_reflectance": 0.2194,
        "ndvi": 0.4322,
        "elevation_m": 300.0,
        "slope_deg": 1.9,
        "dist_to_fault_km": 125.67,
        "temp_c": 27.5,
        "rainfall_mm": 6.5,
        "timestamp": "2026-09-07T07:56:51.079660+00:00"
      }
    },
    {
      "type": "Feature",
      "geometry": {
        "type": "Point",
        "coordinates": [
          78.62,
          22.36
        ]
      },
      "properties": {
        "probability": 0.0565,
        "confidence": "low",
        "iron_oxide_index": 0.2767,
        "ferrous_mineral_index": 0.2256,
        "swir_b11_reflectance": 0.1941,
        "swir_b12_reflectance": 0.1945,
        "ndvi": 0.457,
        "elevation_m": 300.0,
        "slope_deg": 2.5,
        "dist_to_fault_km": 119.74,
        "temp_c": 27.5,
        "rainfall_mm": 6.5,
        "timestamp": "2026-09-07T07:56:51.079660+00:00"
      }
    },
    {
      "type": "Feature",
      "geometry": {
        "type": "Point",
        "coordinates": [
          78.68,
          22.36
        ]
      },
      "properties": {
        "probability": 0.0149,
        "confidence": "low",
        "iron_oxide_index": 0.3406,
        "ferrous_mineral_index": 0.22,
        "swir_b11_reflectance": 0.1818,
        "swir_b12_reflectance": 0.2081,
        "ndvi": 0.4359,
        "elevation_m": 300.0,
        "slope_deg": 2.2,
        "dist_to_fault_km": 113.2,
        "temp_c": 27.5,
        "rainfall_mm": 6.5,
        "timestamp": "2026-09-07T07:56:51.079660+00:00"
      }
    },
    {
      "type": "Feature",
      "geometry": {
        "type": "Point",
        "coordinates": [
          78.74,
          22.36
        ]
      },
      "properties": {
        "probability": 0.0163,
        "confidence": "low",
        "iron_oxide_index": 0.3036,
        "ferrous_mineral_index": 0.2039,
        "swir_b11_reflectance": 0.1676,
        "swir_b12_reflectance": 0.2379,
        "ndvi": 0.4896,
        "elevation_m": 300.0,
        "slope_deg": 2.5,
        "dist_to_fault_km": 106.68,
        "temp_c": 27.5,
        "rainfall_mm": 6.5,
        "timestamp": "2026-09-07T07:56:51.079660+00:00"
      }
    },
    {
      "type": "Feature",
      "geometry": {
        "type": "Point",
        "coordinates": [
          78.8,
          22.36
        ]
      },
      "properties": {
        "probability": 0.0288,
        "confidence": "low",
        "iron_oxide_index": 0.3016,
        "ferrous_mineral_index": 0.2215,
        "swir_b11_reflectance": 0.167,
        "swir_b12_reflectance": 0.206,
        "ndvi": 0.4647,
        "elevation_m": 300.0,
        "slope_deg": 3.6,
        "dist_to_fault_km": 100.17,
        "temp_c": 27.5,
        "rainfall_mm": 6.5,
        "timestamp": "2026-09-07T07:56:51.079660+00:00"
      }
    },
    {
      "type": "Feature",
      "geometry": {
        "type": "Point",
        "coordinates": [
          78.86,
          22.36
        ]
      },
      "properties": {
        "probability": 0.028,
        "confidence": "low",
        "iron_oxide_index": 0.2783,
        "ferrous_mineral_index": 0.2151,
        "swir_b11_reflectance": 0.1902,
        "swir_b12_reflectance": 0.2377,
        "ndvi": 0.493,
        "elevation_m": 300.0,
        "slope_deg": 2.1,
        "dist_to_fault_km": 93.69,
        "temp_c": 27.5,
        "rainfall_mm": 6.5,
        "timestamp": "2026-09-07T07:56:51.079660+00:00"
      }
    },
    {
      "type": "Feature",
      "geometry": {
        "type": "Point",
        "coordinates": [
          78.92,
          22.36
        ]
      },
      "properties": {
        "probability": 0.0149,
        "confidence": "low",
        "iron_oxide_index": 0.3022,
        "ferrous_mineral_index": 0.2462,
        "swir_b11_reflectance": 0.1797,
        "swir_b12_reflectance": 0.231,
        "ndvi": 0.476,
        "elevation_m": 300.0,
        "slope_deg": 3.1,
        "dist_to_fault_km": 87.23,
        "temp_c": 27.5,
        "rainfall_mm": 6.5,
        "timestamp": "2026-09-07T07:56:51.079660+00:00"
      }
    },
    {
      "type": "Feature",
      "geometry": {
        "type": "Point",
        "coordinates": [
          78.98,
          22.36
        ]
      },
      "properties": {
        "probability": 0.0143,
        "confidence": "low",
        "iron_oxide_index": 0.3502,
        "ferrous_mineral_index": 0.214,
        "swir_b11_reflectance": 0.1579,
        "swir_b12_reflectance": 0.2171,
        "ndvi": 0.4793,
        "elevation_m": 300.0,
        "slope_deg": 2.6,
        "dist_to_fault_km": 80.81,
        "temp_c": 27.5,
        "rainfall_mm": 6.5,
        "timestamp": "2026-09-07T07:56:51.079660+00:00"
      }
    },
    {
      "type": "Feature",
      "geometry": {
        "type": "Point",
        "coordinates": [
          79.04,
          22.36
        ]
      },
      "properties": {
        "probability": 0.0312,
        "confidence": "low",
        "iron_oxide_index": 0.2818,
        "ferrous_mineral_index": 0.2328,
        "swir_b11_reflectance": 0.167,
        "swir_b12_reflectance": 0.2267,
        "ndvi": 0.3881,
        "elevation_m": 300.0,
        "slope_deg": 2.0,
        "dist_to_fault_km": 74.43,
        "temp_c": 27.5,
        "rainfall_mm": 6.5,
        "timestamp": "2026-09-07T07:56:51.079660+00:00"
      }
    },
    {
      "type": "Feature",
      "geometry": {
        "type": "Point",
        "coordinates": [
          79.1,
          22.36
        ]
      },
      "properties": {
        "probability": 0.0676,
        "confidence": "low",
        "iron_oxide_index": 0.3012,
        "ferrous_mineral_index": 0.204,
        "swir_b11_reflectance": 0.1733,
        "swir_b12_reflectance": 0.2343,
        "ndvi": 0.3843,
        "elevation_m": 300.0,
        "slope_deg": 3.4,
        "dist_to_fault_km": 68.1,
        "temp_c": 27.5,
        "rainfall_mm": 6.5,
        "timestamp": "2026-09-07T07:56:51.079660+00:00"
      }
    },
    {
      "type": "Feature",
      "geometry": {
        "type": "Point",
        "coordinates": [
          79.16,
          22.36
        ]
      },
      "properties": {
        "probability": 0.0274,
        "confidence": "low",
        "iron_oxide_index": 0.3263,
        "ferrous_mineral_index": 0.222,
        "swir_b11_reflectance": 0.1662,
        "swir_b12_reflectance": 0.2061,
        "ndvi": 0.4323,
        "elevation_m": 300.0,
        "slope_deg": 3.0,
        "dist_to_fault_km": 61.84,
        "temp_c": 27.5,
        "rainfall_mm": 6.5,
        "timestamp": "2026-09-07T07:56:51.079660+00:00"
      }
    },
    {
      "type": "Feature",
      "geometry": {
        "type": "Point",
        "coordinates": [
          79.22,
          22.36
        ]
      },
      "properties": {
        "probability": 0.0516,
        "confidence": "low",
        "iron_oxide_index": 0.2635,
        "ferrous_mineral_index": 0.2504,
        "swir_b11_reflectance": 0.1731,
        "swir_b12_reflectance": 0.1991,
        "ndvi": 0.4702,
        "elevation_m": 300.0,
        "slope_deg": 3.0,
        "dist_to_fault_km": 55.68,
        "temp_c": 27.5,
        "rainfall_mm": 6.5,
        "timestamp": "2026-09-07T07:56:51.079660+00:00"
      }
    },
    {
      "type": "Feature",
      "geometry": {
        "type": "Point",
        "coordinates": [
          79.28,
          22.36
        ]
      },
      "properties": {
        "probability": 0.0059,
        "confidence": "low",
        "iron_oxide_index": 0.3055,
        "ferrous_mineral_index": 0.2598,
        "swir_b11_reflectance": 0.1538,
        "swir_b12_reflectance": 0.2189,
        "ndvi": 0.4252,
        "elevation_m": 300.0,
        "slope_deg": 2.7,
        "dist_to_fault_km": 49.64,
        "temp_c": 27.5,
        "rainfall_mm": 6.5,
        "timestamp": "2026-09-07T07:56:51.079660+00:00"
      }
    },
    {
      "type": "Feature",
      "geometry": {
        "type": "Point",
        "coordinates": [
          79.34,
          22.36
        ]
      },
      "properties": {
        "probability": 0.0544,
        "confidence": "low",
        "iron_oxide_index": 0.2812,
        "ferrous_mineral_index": 0.2206,
        "swir_b11_reflectance": 0.182,
        "swir_b12_reflectance": 0.2073,
        "ndvi": 0.4688,
        "elevation_m": 300.0,
        "slope_deg": 3.0,
        "dist_to_fault_km": 43.78,
        "temp_c": 27.5,
        "rainfall_mm": 6.5,
        "timestamp": "2026-09-07T07:56:51.079660+00:00"
      }
    },
    {
      "type": "Feature",
      "geometry": {
        "type": "Point",
        "coordinates": [
          79.4,
          22.36
        ]
      },
      "properties": {
        "probability": 0.011,
        "confidence": "low",
        "iron_oxide_index": 0.2903,
        "ferrous_mineral_index": 0.2334,
        "swir_b11_reflectance": 0.1849,
        "swir_b12_reflectance": 0.2245,
        "ndvi": 0.4088,
        "elevation_m": 300.0,
        "slope_deg": 2.9,
        "dist_to_fault_km": 38.19,
        "temp_c": 27.5,
        "rainfall_mm": 6.5,
        "timestamp": "2026-09-07T07:56:51.079660+00:00"
      }
    },
    {
      "type": "Feature",
      "geometry": {
        "type": "Point",
        "coordinates": [
          79.46,
          22.36
        ]
      },
      "properties": {
        "probability": 0.0166,
        "confidence": "low",
        "iron_oxide_index": 0.2892,
        "ferrous_mineral_index": 0.2382,
        "swir_b11_reflectance": 0.1508,
        "swir_b12_reflectance": 0.2267,
        "ndvi": 0.4715,
        "elevation_m": 300.0,
        "slope_deg": 3.2,
        "dist_to_fault_km": 33.0,
        "temp_c": 27.5,
        "rainfall_mm": 6.5,
        "timestamp": "2026-09-07T07:56:51.079660+00:00"
      }
    },
    {
      "type": "Feature",
      "geometry": {
        "type": "Point",
        "coordinates": [
          79.52,
          22.36
        ]
      },
      "properties": {
        "probability": 0.0323,
        "confidence": "low",
        "iron_oxide_index": 0.3015,
        "ferrous_mineral_index": 0.2177,
        "swir_b11_reflectance": 0.1831,
        "swir_b12_reflectance": 0.2059,
        "ndvi": 0.4877,
        "elevation_m": 300.0,
        "slope_deg": 1.5,
        "dist_to_fault_km": 28.43,
        "temp_c": 27.5,
        "rainfall_mm": 6.5,
        "timestamp": "2026-09-07T07:56:51.079660+00:00"
      }
    },
    {
      "type": "Feature",
      "geometry": {
        "type": "Point",
        "coordinates": [
          79.58,
          22.36
        ]
      },
      "properties": {
        "probability": 0.0283,
        "confidence": "low",
        "iron_oxide_index": 0.2668,
        "ferrous_mineral_index": 0.2089,
        "swir_b11_reflectance": 0.198,
        "swir_b12_reflectance": 0.226,
        "ndvi": 0.4287,
        "elevation_m": 300.0,
        "slope_deg": 3.0,
        "dist_to_fault_km": 24.82,
        "temp_c": 27.5,
        "rainfall_mm": 6.5,
        "timestamp": "2026-09-07T07:56:51.079660+00:00"
      }
    },
    {
      "type": "Feature",
      "geometry": {
        "type": "Point",
        "coordinates": [
          79.64,
          22.36
        ]
      },
      "properties": {
        "probability": 0.0093,
        "confidence": "low",
        "iron_oxide_index": 0.322,
        "ferrous_mineral_index": 0.2261,
        "swir_b11_reflectance": 0.1563,
        "swir_b12_reflectance": 0.2338,
        "ndvi": 0.4547,
        "elevation_m": 300.0,
        "slope_deg": 2.0,
        "dist_to_fault_km": 22.64,
        "temp_c": 27.5,
        "rainfall_mm": 6.5,
        "timestamp": "2026-09-07T07:56:51.079660+00:00"
      }
    },
    {
      "type": "Feature",
      "geometry": {
        "type": "Point",
        "coordinates": [
          79.7,
          22.36
        ]
      },
      "properties": {
        "probability": 0.0191,
        "confidence": "low",
        "iron_oxide_index": 0.2757,
        "ferrous_mineral_index": 0.2134,
        "swir_b11_reflectance": 0.1593,
        "swir_b12_reflectance": 0.2245,
        "ndvi": 0.4476,
        "elevation_m": 300.0,
        "slope_deg": 1.9,
        "dist_to_fault_km": 22.31,
        "temp_c": 27.5,
        "rainfall_mm": 6.5,
        "timestamp": "2026-09-07T07:56:51.079660+00:00"
      }
    },
    {
      "type": "Feature",
      "geometry": {
        "type": "Point",
        "coordinates": [
          79.76,
          22.36
        ]
      },
      "properties": {
        "probability": 0.0059,
        "confidence": "low",
        "iron_oxide_index": 0.2965,
        "ferrous_mineral_index": 0.1982,
        "swir_b11_reflectance": 0.1238,
        "swir_b12_reflectance": 0.2291,
        "ndvi": 0.4375,
        "elevation_m": 300.0,
        "slope_deg": 2.3,
        "dist_to_fault_km": 23.91,
        "temp_c": 27.5,
        "rainfall_mm": 6.5,
        "timestamp": "2026-09-07T07:56:51.079660+00:00"
      }
    },
    {
      "type": "Feature",
      "geometry": {
        "type": "Point",
        "coordinates": [
          79.82,
          22.36
        ]
      },
      "properties": {
        "probability": 0.0497,
        "confidence": "low",
        "iron_oxide_index": 0.3117,
        "ferrous_mineral_index": 0.2211,
        "swir_b11_reflectance": 0.1798,
        "swir_b12_reflectance": 0.2201,
        "ndvi": 0.4643,
        "elevation_m": 300.0,
        "slope_deg": 4.9,
        "dist_to_fault_km": 27.1,
        "temp_c": 27.5,
        "rainfall_mm": 6.5,
        "timestamp": "2026-09-07T07:56:51.079660+00:00"
      }
    },
    {
      "type": "Feature",
      "geometry": {
        "type": "Point",
        "coordinates": [
          79.88,
          22.36
        ]
      },
      "properties": {
        "probability": 0.0279,
        "confidence": "low",
        "iron_oxide_index": 0.3066,
        "ferrous_mineral_index": 0.1832,
        "swir_b11_reflectance": 0.1757,
        "swir_b12_reflectance": 0.2463,
        "ndvi": 0.4508,
        "elevation_m": 300.0,
        "slope_deg": 3.1,
        "dist_to_fault_km": 31.4,
        "temp_c": 27.5,
        "rainfall_mm": 6.5,
        "timestamp": "2026-09-07T07:56:51.079660+00:00"
      }
    },
    {
      "type": "Feature",
      "geometry": {
        "type": "Point",
        "coordinates": [
          79.94,
          22.36
        ]
      },
      "properties": {
        "probability": 0.0222,
        "confidence": "low",
        "iron_oxide_index": 0.3061,
        "ferrous_mineral_index": 0.1877,
        "swir_b11_reflectance": 0.1782,
        "swir_b12_reflectance": 0.231,
        "ndvi": 0.4495,
        "elevation_m": 300.0,
        "slope_deg": 3.0,
        "dist_to_fault_km": 36.41,
        "temp_c": 27.5,
        "rainfall_mm": 6.5,
        "timestamp": "2026-09-07T07:56:51.079660+00:00"
      }
    },
    {
      "type": "Feature",
      "geometry": {
        "type": "Point",
        "coordinates": [
          80.0,
          22.36
        ]
      },
      "properties": {
        "probability": 0.0253,
        "confidence": "low",
        "iron_oxide_index": 0.3474,
        "ferrous_mineral_index": 0.2134,
        "swir_b11_reflectance": 0.2069,
        "swir_b12_reflectance": 0.2183,
        "ndvi": 0.5025,
        "elevation_m": 300.0,
        "slope_deg": 2.1,
        "dist_to_fault_km": 41.89,
        "temp_c": 27.5,
        "rainfall_mm": 6.5,
        "timestamp": "2026-09-07T07:56:51.079660+00:00"
      }
    },
    {
      "type": "Feature",
      "geometry": {
        "type": "Point",
        "coordinates": [
          80.06,
          22.36
        ]
      },
      "properties": {
        "probability": 0.0009,
        "confidence": "low",
        "iron_oxide_index": 0.2928,
        "ferrous_mineral_index": 0.1996,
        "swir_b11_reflectance": 0.169,
        "swir_b12_reflectance": 0.2246,
        "ndvi": 0.4186,
        "elevation_m": 300.0,
        "slope_deg": 2.3,
        "dist_to_fault_km": 47.66,
        "temp_c": 27.5,
        "rainfall_mm": 6.5,
        "timestamp": "2026-09-07T07:56:51.079660+00:00"
      }
    },
    {
      "type": "Feature",
      "geometry": {
        "type": "Point",
        "coordinates": [
          80.12,
          22.36
        ]
      },
      "properties": {
        "probability": 0.0267,
        "confidence": "low",
        "iron_oxide_index": 0.2772,
        "ferrous_mineral_index": 0.2153,
        "swir_b11_reflectance": 0.1761,
        "swir_b12_reflectance": 0.2441,
        "ndvi": 0.434,
        "elevation_m": 300.0,
        "slope_deg": 3.4,
        "dist_to_fault_km": 53.65,
        "temp_c": 27.5,
        "rainfall_mm": 6.5,
        "timestamp": "2026-09-07T07:56:51.079660+00:00"
      }
    },
    {
      "type": "Feature",
      "geometry": {
        "type": "Point",
        "coordinates": [
          80.18,
          22.36
        ]
      },
      "properties": {
        "probability": 0.0117,
        "confidence": "low",
        "iron_oxide_index": 0.3172,
        "ferrous_mineral_index": 0.2546,
        "swir_b11_reflectance": 0.1543,
        "swir_b12_reflectance": 0.2192,
        "ndvi": 0.4015,
        "elevation_m": 300.0,
        "slope_deg": 3.2,
        "dist_to_fault_km": 56.21,
        "temp_c": 27.5,
        "rainfall_mm": 6.5,
        "timestamp": "2026-09-07T07:56:51.079660+00:00"
      }
    },
    {
      "type": "Feature",
      "geometry": {
        "type": "Point",
        "coordinates": [
          80.24,
          22.36
        ]
      },
      "properties": {
        "probability": 0.0235,
        "confidence": "low",
        "iron_oxide_index": 0.3042,
        "ferrous_mineral_index": 0.2341,
        "swir_b11_reflectance": 0.1712,
        "swir_b12_reflectance": 0.221,
        "ndvi": 0.4677,
        "elevation_m": 300.0,
        "slope_deg": 3.9,
        "dist_to_fault_km": 55.54,
        "temp_c": 27.5,
        "rainfall_mm": 6.5,
        "timestamp": "2026-09-07T07:56:51.079660+00:00"
      }
    },
    {
      "type": "Feature",
      "geometry": {
        "type": "Point",
        "coordinates": [
          80.3,
          22.36
        ]
      },
      "properties": {
        "probability": 0.0518,
        "confidence": "low",
        "iron_oxide_index": 0.2955,
        "ferrous_mineral_index": 0.2186,
        "swir_b11_reflectance": 0.18,
        "swir_b12_reflectance": 0.1892,
        "ndvi": 0.4386,
        "elevation_m": 300.0,
        "slope_deg": 3.1,
        "dist_to_fault_km": 53.61,
        "temp_c": 27.5,
        "rainfall_mm": 6.5,
        "timestamp": "2026-09-07T07:56:51.079660+00:00"
      }
    },
    {
      "type": "Feature",
      "geometry": {
        "type": "Point",
        "coordinates": [
          80.36,
          22.36
        ]
      },
      "properties": {
        "probability": 0.0344,
        "confidence": "low",
        "iron_oxide_index": 0.257,
        "ferrous_mineral_index": 0.2532,
        "swir_b11_reflectance": 0.1645,
        "swir_b12_reflectance": 0.2053,
        "ndvi": 0.4743,
        "elevation_m": 300.0,
        "slope_deg": 2.9,
        "dist_to_fault_km": 50.93,
        "temp_c": 27.5,
        "rainfall_mm": 6.5,
        "timestamp": "2026-09-07T07:56:51.079660+00:00"
      }
    },
    {
      "type": "Feature",
      "geometry": {
        "type": "Point",
        "coordinates": [
          80.42,
          22.36
        ]
      },
      "properties": {
        "probability": 0.005,
        "confidence": "low",
        "iron_oxide_index": 0.3207,
        "ferrous_mineral_index": 0.2398,
        "swir_b11_reflectance": 0.178,
        "swir_b12_reflectance": 0.2254,
        "ndvi": 0.4461,
        "elevation_m": 300.0,
        "slope_deg": 2.9,
        "dist_to_fault_km": 49.0,
        "temp_c": 27.5,
        "rainfall_mm": 6.5,
        "timestamp": "2026-09-07T07:56:51.079660+00:00"
      }
    },
    {
      "type": "Feature",
      "geometry": {
        "type": "Point",
        "coordinates": [
          80.48,
          22.36
        ]
      },
      "properties": {
        "probability": 0.0432,
        "confidence": "low",
        "iron_oxide_index": 0.2887,
        "ferrous_mineral_index": 0.2655,
        "swir_b11_reflectance": 0.1721,
        "swir_b12_reflectance": 0.1821,
        "ndvi": 0.3992,
        "elevation_m": 300.0,
        "slope_deg": 2.3,
        "dist_to_fault_km": 47.94,
        "temp_c": 27.5,
        "rainfall_mm": 6.5,
        "timestamp": "2026-09-07T07:56:51.079660+00:00"
      }
    },
    {
      "type": "Feature",
      "geometry": {
        "type": "Point",
        "coordinates": [
          80.54,
          22.36
        ]
      },
      "properties": {
        "probability": 0.0066,
        "confidence": "low",
        "iron_oxide_index": 0.3059,
        "ferrous_mineral_index": 0.2231,
        "swir_b11_reflectance": 0.1664,
        "swir_b12_reflectance": 0.228,
        "ndvi": 0.3972,
        "elevation_m": 300.0,
        "slope_deg": 2.8,
        "dist_to_fault_km": 47.78,
        "temp_c": 27.5,
        "rainfall_mm": 6.5,
        "timestamp": "2026-09-07T07:56:51.079660+00:00"
      }
    },
    {
      "type": "Feature",
      "geometry": {
        "type": "Point",
        "coordinates": [
          80.6,
          22.36
        ]
      },
      "properties": {
        "probability": 0.0229,
        "confidence": "low",
        "iron_oxide_index": 0.3273,
        "ferrous_mineral_index": 0.2471,
        "swir_b11_reflectance": 0.1835,
        "swir_b12_reflectance": 0.2116,
        "ndvi": 0.4499,
        "elevation_m": 300.0,
        "slope_deg": 3.7,
        "dist_to_fault_km": 48.55,
        "temp_c": 27.5,
        "rainfall_mm": 6.5,
        "timestamp": "2026-09-07T07:56:51.079660+00:00"
      }
    },
    {
      "type": "Feature",
      "geometry": {
        "type": "Point",
        "coordinates": [
          80.66,
          22.36
        ]
      },
      "properties": {
        "probability": 0.056,
        "confidence": "low",
        "iron_oxide_index": 0.2977,
        "ferrous_mineral_index": 0.2157,
        "swir_b11_reflectance": 0.1663,
        "swir_b12_reflectance": 0.2008,
        "ndvi": 0.3897,
        "elevation_m": 300.0,
        "slope_deg": 2.1,
        "dist_to_fault_km": 50.2,
        "temp_c": 27.5,
        "rainfall_mm": 6.5,
        "timestamp": "2026-09-07T07:56:51.079660+00:00"
      }
    },
    {
      "type": "Feature",
      "geometry": {
        "type": "Point",
        "coordinates": [
          80.72,
          22.36
        ]
      },
      "properties": {
        "probability": 0.0088,
        "confidence": "low",
        "iron_oxide_index": 0.296,
        "ferrous_mineral_index": 0.2307,
        "swir_b11_reflectance": 0.1729,
        "swir_b12_reflectance": 0.2475,
        "ndvi": 0.4258,
        "elevation_m": 300.0,
        "slope_deg": 2.1,
        "dist_to_fault_km": 52.64,
        "temp_c": 27.5,
        "rainfall_mm": 6.5,
        "timestamp": "2026-09-07T07:56:51.079660+00:00"
      }
    },
    {
      "type": "Feature",
      "geometry": {
        "type": "Point",
        "coordinates": [
          80.78,
          22.36
        ]
      },
      "properties": {
        "probability": 0.0131,
        "confidence": "low",
        "iron_oxide_index": 0.2545,
        "ferrous_mineral_index": 0.2414,
        "swir_b11_reflectance": 0.1667,
        "swir_b12_reflectance": 0.2227,
        "ndvi": 0.4467,
        "elevation_m": 300.0,
        "slope_deg": 3.0,
        "dist_to_fault_km": 55.78,
        "temp_c": 27.5,
        "rainfall_mm": 6.5,
        "timestamp": "2026-09-07T07:56:51.079660+00:00"
      }
    },
    {
      "type": "Feature",
      "geometry": {
        "type": "Point",
        "coordinates": [
          78.5,
          22.42
        ]
      },
      "properties": {
        "probability": 0.0186,
        "confidence": "low",
        "iron_oxide_index": 0.2934,
        "ferrous_mineral_index": 0.2334,
        "swir_b11_reflectance": 0.1675,
        "swir_b12_reflectance": 0.2329,
        "ndvi": 0.479,
        "elevation_m": 300.0,
        "slope_deg": 2.9,
        "dist_to_fault_km": 134.12,
        "temp_c": 27.5,
        "rainfall_mm": 6.5,
        "timestamp": "2026-09-07T07:56:51.079660+00:00"
      }
    },
    {
      "type": "Feature",
      "geometry": {
        "type": "Point",
        "coordinates": [
          78.56,
          22.42
        ]
      },
      "properties": {
        "probability": 0.0159,
        "confidence": "low",
        "iron_oxide_index": 0.2862,
        "ferrous_mineral_index": 0.2227,
        "swir_b11_reflectance": 0.1837,
        "swir_b12_reflectance": 0.2216,
        "ndvi": 0.4297,
        "elevation_m": 300.0,
        "slope_deg": 2.9,
        "dist_to_fault_km": 127.63,
        "temp_c": 27.5,
        "rainfall_mm": 6.5,
        "timestamp": "2026-09-07T07:56:51.079660+00:00"
      }
    },
    {
      "type": "Feature",
      "geometry": {
        "type": "Point",
        "coordinates": [
          78.62,
          22.42
        ]
      },
      "properties": {
        "probability": 0.0632,
        "confidence": "low",
        "iron_oxide_index": 0.2951,
        "ferrous_mineral_index": 0.2477,
        "swir_b11_reflectance": 0.1722,
        "swir_b12_reflectance": 0.1982,
        "ndvi": 0.4268,
        "elevation_m": 300.0,
        "slope_deg": 4.6,
        "dist_to_fault_km": 121.15,
        "temp_c": 27.5,
        "rainfall_mm": 6.5,
        "timestamp": "2026-09-07T07:56:51.079660+00:00"
      }
    },
    {
      "type": "Feature",
      "geometry": {
        "type": "Point",
        "coordinates": [
          78.68,
          22.42
        ]
      },
      "properties": {
        "probability": 0.0402,
        "confidence": "low",
        "iron_oxide_index": 0.2922,
        "ferrous_mineral_index": 0.2384,
        "swir_b11_reflectance": 0.1665,
        "swir_b12_reflectance": 0.1998,
        "ndvi": 0.4248,
        "elevation_m": 300.0,
        "slope_deg": 3.3,
        "dist_to_fault_km": 114.69,
        "temp_c": 27.5,
        "rainfall_mm": 6.5,
        "timestamp": "2026-09-07T07:56:51.079660+00:00"
      }
    },
    {
      "type": "Feature",
      "geometry": {
        "type": "Point",
        "coordinates": [
          78.74,
          22.42
        ]
      },
      "properties": {
        "probability": 0.0123,
        "confidence": "low",
        "iron_oxide_index": 0.3011,
        "ferrous_mineral_index": 0.2118,
        "swir_b11_reflectance": 0.1597,
        "swir_b12_reflectance": 0.205,
        "ndvi": 0.4567,
        "elevation_m": 300.0,
        "slope_deg": 1.9,
        "dist_to_fault_km": 108.26,
        "temp_c": 27.5,
        "rainfall_mm": 6.5,
        "timestamp": "2026-09-07T07:56:51.079660+00:00"
      }
    },
    {
      "type": "Feature",
      "geometry": {
        "type": "Point",
        "coordinates": [
          78.8,
          22.42
        ]
      },
      "properties": {
        "probability": 0.0386,
        "confidence": "low",
        "iron_oxide_index": 0.2849,
        "ferrous_mineral_index": 0.2519,
        "swir_b11_reflectance": 0.2155,
        "swir_b12_reflectance": 0.2074,
        "ndvi": 0.4154,
        "elevation_m": 300.0,
        "slope_deg": 3.4,
        "dist_to_fault_km": 101.85,
        "temp_c": 27.5,
        "rainfall_mm": 6.5,
        "timestamp": "2026-09-07T07:56:51.079660+00:00"
      }
    },
    {
      "type": "Feature",
      "geometry": {
        "type": "Point",
        "coordinates": [
          78.86,
          22.42
        ]
      },
      "properties": {
        "probability": 0.0194,
        "confidence": "low",
        "iron_oxide_index": 0.3102,
        "ferrous_mineral_index": 0.197,
        "swir_b11_reflectance": 0.1935,
        "swir_b12_reflectance": 0.2314,
        "ndvi": 0.4618,
        "elevation_m": 300.0,
        "slope_deg": 3.3,
        "dist_to_fault_km": 95.49,
        "temp_c": 27.5,
        "rainfall_mm": 6.5,
        "timestamp": "2026-09-07T07:56:51.079660+00:00"
      }
    },
    {
      "type": "Feature",
      "geometry": {
        "type": "Point",
        "coordinates": [
          78.92,
          22.42
        ]
      },
      "properties": {
        "probability": 0.0123,
        "confidence": "low",
        "iron_oxide_index": 0.2832,
        "ferrous_mineral_index": 0.205,
        "swir_b11_reflectance": 0.1598,
        "swir_b12_reflectance": 0.2211,
        "ndvi": 0.3976,
        "elevation_m": 300.0,
        "slope_deg": 2.8,
        "dist_to_fault_km": 89.16,
        "temp_c": 27.5,
        "rainfall_mm": 6.5,
        "timestamp": "2026-09-07T07:56:51.079660+00:00"
      }
    },
    {
      "type": "Feature",
      "geometry": {
        "type": "Point",
        "coordinates": [
          78.98,
          22.42
        ]
      },
      "properties": {
        "probability": 0.0567,
        "confidence": "low",
        "iron_oxide_index": 0.3025,
        "ferrous_mineral_index": 0.2212,
        "swir_b11_reflectance": 0.1661,
        "swir_b12_reflectance": 0.1949,
        "ndvi": 0.4638,
        "elevation_m": 300.0,
        "slope_deg": 3.1,
        "dist_to_fault_km": 82.89,
        "temp_c": 27.5,
        "rainfall_mm": 6.5,
        "timestamp": "2026-09-07T07:56:51.079660+00:00"
      }
    },
    {
      "type": "Feature",
      "geometry": {
        "type": "Point",
        "coordinates": [
          79.04,
          22.42
        ]
      },
      "properties": {
        "probability": 0.0333,
        "confidence": "low",
        "iron_oxide_index": 0.3313,
        "ferrous_mineral_index": 0.2153,
        "swir_b11_reflectance": 0.1925,
        "swir_b12_reflectance": 0.1978,
        "ndvi": 0.4397,
        "elevation_m": 300.0,
        "slope_deg": 2.7,
        "dist_to_fault_km": 76.68,
        "temp_c": 27.5,
        "rainfall_mm": 6.5,
        "timestamp": "2026-09-07T07:56:51.079660+00:00"
      }
    },
    {
      "type": "Feature",
      "geometry": {
        "type": "Point",
        "coordinates": [
          79.1,
          22.42
        ]
      },
      "properties": {
        "probability": 0.0172,
        "confidence": "low",
        "iron_oxide_index": 0.2909,
        "ferrous_mineral_index": 0.1941,
        "swir_b11_reflectance": 0.1796,
        "swir_b12_reflectance": 0.2098,
        "ndvi": 0.4957,
        "elevation_m": 300.0,
        "slope_deg": 2.8,
        "dist_to_fault_km": 70.55,
        "temp_c": 27.5,
        "rainfall_mm": 6.5,
        "timestamp": "2026-09-07T07:56:51.079660+00:00"
      }
    },
    {
      "type": "Feature",
      "geometry": {
        "type": "Point",
        "coordinates": [
          79.16,
          22.42
        ]
      },
      "properties": {
        "probability": 0.006,
        "confidence": "low",
        "iron_oxide_index": 0.3117,
        "ferrous_mineral_index": 0.2519,
        "swir_b11_reflectance": 0.1699,
        "swir_b12_reflectance": 0.2269,
        "ndvi": 0.4373,
        "elevation_m": 300.0,
        "slope_deg": 2.7,
        "dist_to_fault_km": 64.53,
        "temp_c": 27.5,
        "rainfall_mm": 6.5,
        "timestamp": "2026-09-07T07:56:51.079660+00:00"
      }
    },
    {
      "type": "Feature",
      "geometry": {
        "type": "Point",
        "coordinates": [
          79.22,
          22.42
        ]
      },
      "properties": {
        "probability": 0.035,
        "confidence": "low",
        "iron_oxide_index": 0.2953,
        "ferrous_mineral_index": 0.2146,
        "swir_b11_reflectance": 0.1316,
        "swir_b12_reflectance": 0.1976,
        "ndvi": 0.4398,
        "elevation_m": 300.0,
        "slope_deg": 3.3,
        "dist_to_fault_km": 58.65,
        "temp_c": 27.5,
        "rainfall_mm": 6.5,
        "timestamp": "2026-09-07T07:56:51.079660+00:00"
      }
    },
    {
      "type": "Feature",
      "geometry": {
        "type": "Point",
        "coordinates": [
          79.28,
          22.42
        ]
      },
      "properties": {
        "probability": 0.0105,
        "confidence": "low",
        "iron_oxide_index": 0.3193,
        "ferrous_mineral_index": 0.1976,
        "swir_b11_reflectance": 0.1614,
        "swir_b12_reflectance": 0.2159,
        "ndvi": 0.4265,
        "elevation_m": 300.0,
        "slope_deg": 2.6,
        "dist_to_fault_km": 52.95,
        "temp_c": 27.5,
        "rainfall_mm": 6.5,
        "timestamp": "2026-09-07T07:56:51.079660+00:00"
      }
    },
    {
      "type": "Feature",
      "geometry": {
        "type": "Point",
        "coordinates": [
          79.34,
          22.42
        ]
      },
      "properties": {
        "probability": 0.0374,
        "confidence": "low",
        "iron_oxide_index": 0.2816,
        "ferrous_mineral_index": 0.2436,
        "swir_b11_reflectance": 0.175,
        "swir_b12_reflectance": 0.2302,
        "ndvi": 0.4898,
        "elevation_m": 300.0,
        "slope_deg": 4.5,
        "dist_to_fault_km": 47.51,
        "temp_c": 27.5,
        "rainfall_mm": 6.5,
        "timestamp": "2026-09-07T07:56:51.079660+00:00"
      }
    },
    {
      "type": "Feature",
      "geometry": {
        "type": "Point",
        "coordinates": [
          79.4,
          22.42
        ]
      },
      "properties": {
        "probability": 0.0382,
        "confidence": "low",
        "iron_oxide_index": 0.3011,
        "ferrous_mineral_index": 0.2334,
        "swir_b11_reflectance": 0.1484,
        "swir_b12_reflectance": 0.2008,
        "ndvi": 0.4497,
        "elevation_m": 300.0,
        "slope_deg": 2.9,
        "dist_to_fault_km": 42.41,
        "temp_c": 27.5,
        "rainfall_mm": 6.5,
        "timestamp": "2026-09-07T07:56:51.079660+00:00"
      }
    },
    {
      "type": "Feature",
      "geometry": {
        "type": "Point",
        "coordinates": [
          79.46,
          22.42
        ]
      },
      "properties": {
        "probability": 0.0073,
        "confidence": "low",
        "iron_oxide_index": 0.3008,
        "ferrous_mineral_index": 0.2062,
        "swir_b11_reflectance": 0.1752,
        "swir_b12_reflectance": 0.2291,
        "ndvi": 0.4212,
        "elevation_m": 300.0,
        "slope_deg": 3.5,
        "dist_to_fault_km": 37.8,
        "temp_c": 27.5,
        "rainfall_mm": 6.5,
        "timestamp": "2026-09-07T07:56:51.079660+00:00"
      }
    },
    {
      "type": "Feature",
      "geometry": {
        "type": "Point",
        "coordinates": [
          79.52,
          22.42
        ]
      },
      "properties": {
        "probability": 0.0046,
        "confidence": "low",
        "iron_oxide_index": 0.3192,
        "ferrous_mineral_index": 0.2031,
        "swir_b11_reflectance": 0.1619,
        "swir_b12_reflectance": 0.2278,
        "ndvi": 0.4327,
        "elevation_m": 300.0,
        "slope_deg": 1.9,
        "dist_to_fault_km": 33.89,
        "temp_c": 27.5,
        "rainfall_mm": 6.5,
        "timestamp": "2026-09-07T07:56:51.079660+00:00"
      }
    },
    {
      "type": "Feature",
      "geometry": {
        "type": "Point",
        "coordinates": [
          79.58,
          22.42
        ]
      },
      "properties": {
        "probability": 0.0586,
        "confidence": "low",
        "iron_oxide_index": 0.3,
        "ferrous_mineral_index": 0.2132,
        "swir_b11_reflectance": 0.1657,
        "swir_b12_reflectance": 0.1889,
        "ndvi": 0.4519,
        "elevation_m": 300.0,
        "slope_deg": 2.9,
        "dist_to_fault_km": 30.92,
        "temp_c": 27.5,
        "rainfall_mm": 6.5,
        "timestamp": "2026-09-07T07:56:51.079660+00:00"
      }
    },
    {
      "type": "Feature",
      "geometry": {
        "type": "Point",
        "coordinates": [
          79.64,
          22.42
        ]
      },
      "properties": {
        "probability": 0.0092,
        "confidence": "low",
        "iron_oxide_index": 0.3277,
        "ferrous_mineral_index": 0.2498,
        "swir_b11_reflectance": 0.1629,
        "swir_b12_reflectance": 0.2245,
        "ndvi": 0.433,
        "elevation_m": 300.0,
        "slope_deg": 3.0,
        "dist_to_fault_km": 29.2,
        "temp_c": 27.5,
        "rainfall_mm": 6.5,
        "timestamp": "2026-09-07T07:56:51.079660+00:00"
      }
    },
    {
      "type": "Feature",
      "geometry": {
        "type": "Point",
        "coordinates": [
          79.7,
          22.42
        ]
      },
      "properties": {
        "probability": 0.0142,
        "confidence": "low",
        "iron_oxide_index": 0.3312,
        "ferrous_mineral_index": 0.2466,
        "swir_b11_reflectance": 0.1736,
        "swir_b12_reflectance": 0.2307,
        "ndvi": 0.4192,
        "elevation_m": 300.0,
        "slope_deg": 2.9,
        "dist_to_fault_km": 28.95,
        "temp_c": 27.5,
        "rainfall_mm": 6.5,
        "timestamp": "2026-09-07T07:56:51.079660+00:00"
      }
    },
    {
      "type": "Feature",
      "geometry": {
        "type": "Point",
        "coordinates": [
          79.76,
          22.42
        ]
      },
      "properties": {
        "probability": 0.0197,
        "confidence": "low",
        "iron_oxide_index": 0.2825,
        "ferrous_mineral_index": 0.2364,
        "swir_b11_reflectance": 0.1904,
        "swir_b12_reflectance": 0.2171,
        "ndvi": 0.4132,
        "elevation_m": 300.0,
        "slope_deg": 3.0,
        "dist_to_fault_km": 30.2,
        "temp_c": 27.5,
        "rainfall_mm": 6.5,
        "timestamp": "2026-09-07T07:56:51.079660+00:00"
      }
    },
    {
      "type": "Feature",
      "geometry": {
        "type": "Point",
        "coordinates": [
          79.82,
          22.42
        ]
      },
      "properties": {
        "probability": 0.038,
        "confidence": "low",
        "iron_oxide_index": 0.3091,
        "ferrous_mineral_index": 0.2083,
        "swir_b11_reflectance": 0.1597,
        "swir_b12_reflectance": 0.2056,
        "ndvi": 0.4182,
        "elevation_m": 300.0,
        "slope_deg": 3.4,
        "dist_to_fault_km": 32.78,
        "temp_c": 27.5,
        "rainfall_mm": 6.5,
        "timestamp": "2026-09-07T07:56:51.079660+00:00"
      }
    },
    {
      "type": "Feature",
      "geometry": {
        "type": "Point",
        "coordinates": [
          79.88,
          22.42
        ]
      },
      "properties": {
        "probability": 0.0109,
        "confidence": "low",
        "iron_oxide_index": 0.2905,
        "ferrous_mineral_index": 0.192,
        "swir_b11_reflectance": 0.1605,
        "swir_b12_reflectance": 0.2221,
        "ndvi": 0.4192,
        "elevation_m": 300.0,
        "slope_deg": 2.2,
        "dist_to_fault_km": 36.41,
        "temp_c": 27.5,
        "rainfall_mm": 6.5,
        "timestamp": "2026-09-07T07:56:51.079660+00:00"
      }
    },
    {
      "type": "Feature",
      "geometry": {
        "type": "Point",
        "coordinates": [
          79.94,
          22.42
        ]
      },
      "properties": {
        "probability": 0.0009,
        "confidence": "low",
        "iron_oxide_index": 0.2908,
        "ferrous_mineral_index": 0.1968,
        "swir_b11_reflectance": 0.1798,
        "swir_b12_reflectance": 0.2407,
        "ndvi": 0.4327,
        "elevation_m": 300.0,
        "slope_deg": 2.3,
        "dist_to_fault_km": 40.81,
        "temp_c": 27.5,
        "rainfall_mm": 6.5,
        "timestamp": "2026-09-07T07:56:51.079660+00:00"
      }
    },
    {
      "type": "Feature",
      "geometry": {
        "type": "Point",
        "coordinates": [
          80.0,
          22.42
        ]
      },
      "properties": {
        "probability": 0.0324,
        "confidence": "low",
        "iron_oxide_index": 0.2752,
        "ferrous_mineral_index": 0.2403,
        "swir_b11_reflectance": 0.1883,
        "swir_b12_reflectance": 0.1987,
        "ndvi": 0.4093,
        "elevation_m": 300.0,
        "slope_deg": 2.8,
        "dist_to_fault_km": 45.77,
        "temp_c": 27.5,
        "rainfall_mm": 6.5,
        "timestamp": "2026-09-07T07:56:51.079660+00:00"
      }
    },
    {
      "type": "Feature",
      "geometry": {
        "type": "Point",
        "coordinates": [
          80.06,
          22.42
        ]
      },
      "properties": {
        "probability": 0.02,
        "confidence": "low",
        "iron_oxide_index": 0.3097,
        "ferrous_mineral_index": 0.2469,
        "swir_b11_reflectance": 0.1748,
        "swir_b12_reflectance": 0.213,
        "ndvi": 0.4696,
        "elevation_m": 300.0,
        "slope_deg": 3.5,
        "dist_to_fault_km": 51.11,
        "temp_c": 27.5,
        "rainfall_mm": 6.5,
        "timestamp": "2026-09-07T07:56:51.079660+00:00"
      }
    },
    {
      "type": "Feature",
      "geometry": {
        "type": "Point",
        "coordinates": [
          80.12,
          22.42
        ]
      },
      "properties": {
        "probability": 0.0298,
        "confidence": "low",
        "iron_oxide_index": 0.2829,
        "ferrous_mineral_index": 0.2364,
        "swir_b11_reflectance": 0.1658,
        "swir_b12_reflectance": 0.2042,
        "ndvi": 0.4288,
        "elevation_m": 300.0,
        "slope_deg": 2.9,
        "dist_to_fault_km": 56.73,
        "temp_c": 27.5,
        "rainfall_mm": 6.5,
        "timestamp": "2026-09-07T07:56:51.079660+00:00"
      }
    },
    {
      "type": "Feature",
      "geometry": {
        "type": "Point",
        "coordinates": [
          80.18,
          22.42
        ]
      },
      "properties": {
        "probability": 0.01,
        "confidence": "low",
        "iron_oxide_index": 0.336,
        "ferrous_mineral_index": 0.2439,
        "swir_b11_reflectance": 0.1572,
        "swir_b12_reflectance": 0.2552,
        "ndvi": 0.4453,
        "elevation_m": 300.0,
        "slope_deg": 3.0,
        "dist_to_fault_km": 62.55,
        "temp_c": 27.5,
        "rainfall_mm": 6.5,
        "timestamp": "2026-09-07T07:56:51.079660+00:00"
      }
    },
    {
      "type": "Feature",
      "geometry": {
        "type": "Point",
        "coordinates": [
          80.24,
          22.42
        ]
      },
      "properties": {
        "probability": 0.0252,
        "confidence": "low",
        "iron_oxide_index": 0.327,
        "ferrous_mineral_index": 0.2053,
        "swir_b11_reflectance": 0.2021,
        "swir_b12_reflectance": 0.2147,
        "ndvi": 0.4101,
        "elevation_m": 300.0,
        "slope_deg": 3.1,
        "dist_to_fault_km": 62.2,
        "temp_c": 27.5,
        "rainfall_mm": 6.5,
        "timestamp": "2026-09-07T07:56:51.079660+00:00"
      }
    },
    {
      "type": "Feature",
      "geometry": {
        "type": "Point",
        "coordinates": [
          80.3,
          22.42
        ]
      },
      "properties": {
        "probability": 0.0388,
        "confidence": "low",
        "iron_oxide_index": 0.2925,
        "ferrous_mineral_index": 0.191,
        "swir_b11_reflectance": 0.1724,
        "swir_b12_reflectance": 0.1895,
        "ndvi": 0.422,
        "elevation_m": 300.0,
        "slope_deg": 2.7,
        "dist_to_fault_km": 59.62,
        "temp_c": 27.5,
        "rainfall_mm": 6.5,
        "timestamp": "2026-09-07T07:56:51.079660+00:00"
      }
    },
    {
      "type": "Feature",
      "geometry": {
        "type": "Point",
        "coordinates": [
          80.36,
          22.42
        ]
      },
      "properties": {
        "probability": 0.0156,
        "confidence": "low",
        "iron_oxide_index": 0.3187,
        "ferrous_mineral_index": 0.2359,
        "swir_b11_reflectance": 0.1916,
        "swir_b12_reflectance": 0.2134,
        "ndvi": 0.4323,
        "elevation_m": 300.0,
        "slope_deg": 1.7,
        "dist_to_fault_km": 57.22,
        "temp_c": 27.5,
        "rainfall_mm": 6.5,
        "timestamp": "2026-09-07T07:56:51.079660+00:00"
      }
    },
    {
      "type": "Feature",
      "geometry": {
        "type": "Point",
        "coordinates": [
          80.42,
          22.42
        ]
      },
      "properties": {
        "probability": 0.0383,
        "confidence": "low",
        "iron_oxide_index": 0.3084,
        "ferrous_mineral_index": 0.2122,
        "swir_b11_reflectance": 0.188,
        "swir_b12_reflectance": 0.1986,
        "ndvi": 0.4508,
        "elevation_m": 300.0,
        "slope_deg": 3.4,
        "dist_to_fault_km": 55.51,
        "temp_c": 27.5,
        "rainfall_mm": 6.5,
        "timestamp": "2026-09-07T07:56:51.079660+00:00"
      }
    },
    {
      "type": "Feature",
      "geometry": {
        "type": "Point",
        "coordinates": [
          80.48,
          22.42
        ]
      },
      "properties": {
        "probability": 0.0386,
        "confidence": "low",
        "iron_oxide_index": 0.3332,
        "ferrous_mineral_index": 0.1972,
        "swir_b11_reflectance": 0.1772,
        "swir_b12_reflectance": 0.2337,
        "ndvi": 0.4199,
        "elevation_m": 300.0,
        "slope_deg": 3.8,
        "dist_to_fault_km": 54.57,
        "temp_c": 27.5,
        "rainfall_mm": 6.5,
        "timestamp": "2026-09-07T07:56:51.079660+00:00"
      }
    },
    {
      "type": "Feature",
      "geometry": {
        "type": "Point",
        "coordinates": [
          80.54,
          22.42
        ]
      },
      "properties": {
        "probability": 0.0164,
        "confidence": "low",
        "iron_oxide_index": 0.2628,
        "ferrous_mineral_index": 0.2042,
        "swir_b11_reflectance": 0.1732,
        "swir_b12_reflectance": 0.2342,
        "ndvi": 0.4519,
        "elevation_m": 300.0,
        "slope_deg": 2.9,
        "dist_to_fault_km": 54.44,
        "temp_c": 27.5,
        "rainfall_mm": 6.5,
        "timestamp": "2026-09-07T07:56:51.079660+00:00"
      }
    },
    {
      "type": "Feature",
      "geometry": {
        "type": "Point",
        "coordinates": [
          80.6,
          22.42
        ]
      },
      "properties": {
        "probability": 0.0401,
        "confidence": "low",
        "iron_oxide_index": 0.3229,
        "ferrous_mineral_index": 0.2324,
        "swir_b11_reflectance": 0.1865,
        "swir_b12_reflectance": 0.2407,
        "ndvi": 0.3771,
        "elevation_m": 300.0,
        "slope_deg": 3.1,
        "dist_to_fault_km": 55.11,
        "temp_c": 27.5,
        "rainfall_mm": 6.5,
        "timestamp": "2026-09-07T07:56:51.079660+00:00"
      }
    },
    {
      "type": "Feature",
      "geometry": {
        "type": "Point",
        "coordinates": [
          80.66,
          22.42
        ]
      },
      "properties": {
        "probability": 0.0154,
        "confidence": "low",
        "iron_oxide_index": 0.2896,
        "ferrous_mineral_index": 0.2238,
        "swir_b11_reflectance": 0.1813,
        "swir_b12_reflectance": 0.2102,
        "ndvi": 0.4865,
        "elevation_m": 300.0,
        "slope_deg": 1.9,
        "dist_to_fault_km": 56.57,
        "temp_c": 27.5,
        "rainfall_mm": 6.5,
        "timestamp": "2026-09-07T07:56:51.079660+00:00"
      }
    },
    {
      "type": "Feature",
      "geometry": {
        "type": "Point",
        "coordinates": [
          80.72,
          22.42
        ]
      },
      "properties": {
        "probability": 0.0026,
        "confidence": "low",
        "iron_oxide_index": 0.2929,
        "ferrous_mineral_index": 0.2418,
        "swir_b11_reflectance": 0.152,
        "swir_b12_reflectance": 0.2331,
        "ndvi": 0.4383,
        "elevation_m": 300.0,
        "slope_deg": 2.5,
        "dist_to_fault_km": 58.75,
        "temp_c": 27.5,
        "rainfall_mm": 6.5,
        "timestamp": "2026-09-07T07:56:51.079660+00:00"
      }
    },
    {
      "type": "Feature",
      "geometry": {
        "type": "Point",
        "coordinates": [
          80.78,
          22.42
        ]
      },
      "properties": {
        "probability": 0.038,
        "confidence": "low",
        "iron_oxide_index": 0.2989,
        "ferrous_mineral_index": 0.1713,
        "swir_b11_reflectance": 0.1465,
        "swir_b12_reflectance": 0.2187,
        "ndvi": 0.4834,
        "elevation_m": 300.0,
        "slope_deg": 2.8,
        "dist_to_fault_km": 61.57,
        "temp_c": 27.5,
        "rainfall_mm": 6.5,
        "timestamp": "2026-09-07T07:56:51.079660+00:00"
      }
    },
    {
      "type": "Feature",
      "geometry": {
        "type": "Point",
        "coordinates": [
          78.5,
          22.48
        ]
      },
      "properties": {
        "probability": 0.0345,
        "confidence": "low",
        "iron_oxide_index": 0.3019,
        "ferrous_mineral_index": 0.2261,
        "swir_b11_reflectance": 0.169,
        "swir_b12_reflectance": 0.2095,
        "ndvi": 0.4472,
        "elevation_m": 300.0,
        "slope_deg": 3.0,
        "dist_to_fault_km": 135.71,
        "temp_c": 27.5,
        "rainfall_mm": 6.5,
        "timestamp": "2026-09-07T07:56:51.079660+00:00"
      }
    },
    {
      "type": "Feature",
      "geometry": {
        "type": "Point",
        "coordinates": [
          78.56,
          22.48
        ]
      },
      "properties": {
        "probability": 0.0446,
        "confidence": "low",
        "iron_oxide_index": 0.2912,
        "ferrous_mineral_index": 0.2477,
        "swir_b11_reflectance": 0.146,
        "swir_b12_reflectance": 0.1972,
        "ndvi": 0.4584,
        "elevation_m": 300.0,
        "slope_deg": 3.7,
        "dist_to_fault_km": 129.29,
        "temp_c": 27.5,
        "rainfall_mm": 6.5,
        "timestamp": "2026-09-07T07:56:51.079660+00:00"
      }
    },
    {
      "type": "Feature",
      "geometry": {
        "type": "Point",
        "coordinates": [
          78.62,
          22.48
        ]
      },
      "properties": {
        "probability": 0.0136,
        "confidence": "low",
        "iron_oxide_index": 0.291,
        "ferrous_mineral_index": 0.1999,
        "swir_b11_reflectance": 0.1734,
        "swir_b12_reflectance": 0.2036,
        "ndvi": 0.4434,
        "elevation_m": 300.0,
        "slope_deg": 1.9,
        "dist_to_fault_km": 122.91,
        "temp_c": 27.5,
        "rainfall_mm": 6.5,
        "timestamp": "2026-09-07T07:56:51.079660+00:00"
      }
    },
    {
      "type": "Feature",
      "geometry": {
        "type": "Point",
        "coordinates": [
          78.68,
          22.48
        ]
      },
      "properties": {
        "probability": 0.0122,
        "confidence": "low",
        "iron_oxide_index": 0.3201,
        "ferrous_mineral_index": 0.2149,
        "swir_b11_reflectance": 0.1681,
        "swir_b12_reflectance": 0.2204,
        "ndvi": 0.4407,
        "elevation_m": 300.0,
        "slope_deg": 2.9,
        "dist_to_fault_km": 116.55,
        "temp_c": 27.5,
        "rainfall_mm": 6.5,
        "timestamp": "2026-09-07T07:56:51.079660+00:00"
      }
    },
    {
      "type": "Feature",
      "geometry": {
        "type": "Point",
        "coordinates": [
          78.74,
          22.48
        ]
      },
      "properties": {
        "probability": 0.0431,
        "confidence": "low",
        "iron_oxide_index": 0.2724,
        "ferrous_mineral_index": 0.2206,
        "swir_b11_reflectance": 0.168,
        "swir_b12_reflectance": 0.2345,
        "ndvi": 0.5021,
        "elevation_m": 300.0,
        "slope_deg": 3.6,
        "dist_to_fault_km": 110.22,
        "temp_c": 27.5,
        "rainfall_mm": 6.5,
        "timestamp": "2026-09-07T07:56:51.079660+00:00"
      }
    },
    {
      "type": "Feature",
      "geometry": {
        "type": "Point",
        "coordinates": [
          78.8,
          22.48
        ]
      },
      "properties": {
        "probability": 0.0072,
        "confidence": "low",
        "iron_oxide_index": 0.3217,
        "ferrous_mineral_index": 0.2115,
        "swir_b11_reflectance": 0.1674,
        "swir_b12_reflectance": 0.2099,
        "ndvi": 0.431,
        "elevation_m": 300.0,
        "slope_deg": 2.1,
        "dist_to_fault_km": 103.94,
        "temp_c": 27.5,
        "rainfall_mm": 6.5,
        "timestamp": "2026-09-07T07:56:51.079660+00:00"
      }
    },
    {
      "type": "Feature",
      "geometry": {
        "type": "Point",
        "coordinates": [
          78.86,
          22.48
        ]
      },
      "properties": {
        "probability": 0.005,
        "confidence": "low",
        "iron_oxide_index": 0.3018,
        "ferrous_mineral_index": 0.2039,
        "swir_b11_reflectance": 0.1386,
        "swir_b12_reflectance": 0.216,
        "ndvi": 0.4348,
        "elevation_m": 300.0,
        "slope_deg": 3.0,
        "dist_to_fault_km": 97.7,
        "temp_c": 27.5,
        "rainfall_mm": 6.5,
        "timestamp": "2026-09-07T07:56:51.079660+00:00"
      }
    },
    {
      "type": "Feature",
      "geometry": {
        "type": "Point",
        "coordinates": [
          78.92,
          22.48
        ]
      },
      "properties": {
        "probability": 0.0265,
        "confidence": "low",
        "iron_oxide_index": 0.2945,
        "ferrous_mineral_index": 0.2142,
        "swir_b11_reflectance": 0.1815,
        "swir_b12_reflectance": 0.1934,
        "ndvi": 0.42,
        "elevation_m": 300.0,
        "slope_deg": 2.0,
        "dist_to_fault_km": 91.53,
        "temp_c": 27.5,
        "rainfall_mm": 6.5,
        "timestamp": "2026-09-07T07:56:51.079660+00:00"
      }
    },
    {
      "type": "Feature",
      "geometry": {
        "type": "Point",
        "coordinates": [
          78.98,
          22.48
        ]
      },
      "properties": {
        "probability": 0.0031,
        "confidence": "low",
        "iron_oxide_index": 0.2922,
        "ferrous_mineral_index": 0.2456,
        "swir_b11_reflectance": 0.1692,
        "swir_b12_reflectance": 0.2235,
        "ndvi": 0.4384,
        "elevation_m": 300.0,
        "slope_deg": 2.7,
        "dist_to_fault_km": 85.43,
        "temp_c": 27.5,
        "rainfall_mm": 6.5,
        "timestamp": "2026-09-07T07:56:51.079660+00:00"
      }
    },
    {
      "type": "Feature",
      "geometry": {
        "type": "Point",
        "coordinates": [
          79.04,
          22.48
        ]
      },
      "properties": {
        "probability": 0.04,
        "confidence": "low",
        "iron_oxide_index": 0.3118,
        "ferrous_mineral_index": 0.2516,
        "swir_b11_reflectance": 0.1756,
        "swir_b12_reflectance": 0.2029,
        "ndvi": 0.459,
        "elevation_m": 300.0,
        "slope_deg": 3.1,
        "dist_to_fault_km": 79.42,
        "temp_c": 27.5,
        "rainfall_mm": 6.5,
        "timestamp": "2026-09-07T07:56:51.079660+00:00"
      }
    },
    {
      "type": "Feature",
      "geometry": {
        "type": "Point",
        "coordinates": [
          79.1,
          22.48
        ]
      },
      "properties": {
        "probability": 0.0402,
        "confidence": "low",
        "iron_oxide_index": 0.2773,
        "ferrous_mineral_index": 0.218,
        "swir_b11_reflectance": 0.1658,
        "swir_b12_reflectance": 0.2074,
        "ndvi": 0.4263,
        "elevation_m": 300.0,
        "slope_deg": 3.2,
        "dist_to_fault_km": 73.53,
        "temp_c": 27.5,
        "rainfall_mm": 6.5,
        "timestamp": "2026-09-07T07:56:51.079660+00:00"
      }
    },
    {
      "type": "Feature",
      "geometry": {
        "type": "Point",
        "coordinates": [
          79.16,
          22.48
        ]
      },
      "properties": {
        "probability": 0.0376,
        "confidence": "low",
        "iron_oxide_index": 0.2885,
        "ferrous_mineral_index": 0.2214,
        "swir_b11_reflectance": 0.159,
        "swir_b12_reflectance": 0.2028,
        "ndvi": 0.4672,
        "elevation_m": 300.0,
        "slope_deg": 2.8,
        "dist_to_fault_km": 67.77,
        "temp_c": 27.5,
        "rainfall_mm": 6.5,
        "timestamp": "2026-09-07T07:56:51.079660+00:00"
      }
    },
    {
      "type": "Feature",
      "geometry": {
        "type": "Point",
        "coordinates": [
          79.22,
          22.48
        ]
      },
      "properties": {
        "probability": 0.006,
        "confidence": "low",
        "iron_oxide_index": 0.3287,
        "ferrous_mineral_index": 0.231,
        "swir_b11_reflectance": 0.1806,
        "swir_b12_reflectance": 0.2149,
        "ndvi": 0.4624,
        "elevation_m": 300.0,
        "slope_deg": 2.7,
        "dist_to_fault_km": 62.2,
        "temp_c": 27.5,
        "rainfall_mm": 6.5,
        "timestamp": "2026-09-07T07:56:51.079660+00:00"
      }
    },
    {
      "type": "Feature",
      "geometry": {
        "type": "Point",
        "coordinates": [
          79.28,
          22.48
        ]
      },
      "properties": {
        "probability": 0.0038,
        "confidence": "low",
        "iron_oxide_index": 0.3136,
        "ferrous_mineral_index": 0.2249,
        "swir_b11_reflectance": 0.1724,
        "swir_b12_reflectance": 0.2231,
        "ndvi": 0.4595,
        "elevation_m": 300.0,
        "slope_deg": 2.1,
        "dist_to_fault_km": 56.86,
        "temp_c": 27.5,
        "rainfall_mm": 6.5,
        "timestamp": "2026-09-07T07:56:51.079660+00:00"
      }
    },
    {
      "type": "Feature",
      "geometry": {
        "type": "Point",
        "coordinates": [
          79.34,
          22.48
        ]
      },
      "properties": {
        "probability": 0.0083,
        "confidence": "low",
        "iron_oxide_index": 0.2859,
        "ferrous_mineral_index": 0.2472,
        "swir_b11_reflectance": 0.1832,
        "swir_b12_reflectance": 0.2254,
        "ndvi": 0.4569,
        "elevation_m": 300.0,
        "slope_deg": 3.6,
        "dist_to_fault_km": 51.83,
        "temp_c": 27.5,
        "rainfall_mm": 6.5,
        "timestamp": "2026-09-07T07:56:51.079660+00:00"
      }
    },
    {
      "type": "Feature",
      "geometry": {
        "type": "Point",
        "coordinates": [
          79.4,
          22.48
        ]
      },
      "properties": {
        "probability": 0.0362,
        "confidence": "low",
        "iron_oxide_index": 0.2933,
        "ferrous_mineral_index": 0.1912,
        "swir_b11_reflectance": 0.1798,
        "swir_b12_reflectance": 0.2188,
        "ndvi": 0.4385,
        "elevation_m": 300.0,
        "slope_deg": 3.0,
        "dist_to_fault_km": 47.2,
        "temp_c": 27.5,
        "rainfall_mm": 6.5,
        "timestamp": "2026-09-07T07:56:51.079660+00:00"
      }
    },
    {
      "type": "Feature",
      "geometry": {
        "type": "Point",
        "coordinates": [
          79.46,
          22.48
        ]
      },
      "properties": {
        "probability": 0.0192,
        "confidence": "low",
        "iron_oxide_index": 0.3086,
        "ferrous_mineral_index": 0.2232,
        "swir_b11_reflectance": 0.1693,
        "swir_b12_reflectance": 0.2439,
        "ndvi": 0.4949,
        "elevation_m": 300.0,
        "slope_deg": 3.4,
        "dist_to_fault_km": 43.1,
        "temp_c": 27.5,
        "rainfall_mm": 6.5,
        "timestamp": "2026-09-07T07:56:51.079660+00:00"
      }
    },
    {
      "type": "Feature",
      "geometry": {
        "type": "Point",
        "coordinates": [
          79.52,
          22.48
        ]
      },
      "properties": {
        "probability": 0.017,
        "confidence": "low",
        "iron_oxide_index": 0.2879,
        "ferrous_mineral_index": 0.2473,
        "swir_b11_reflectance": 0.1717,
        "swir_b12_reflectance": 0.2154,
        "ndvi": 0.4605,
        "elevation_m": 300.0,
        "slope_deg": 3.0,
        "dist_to_fault_km": 39.71,
        "temp_c": 27.5,
        "rainfall_mm": 6.5,
        "timestamp": "2026-09-07T07:56:51.079660+00:00"
      }
    },
    {
      "type": "Feature",
      "geometry": {
        "type": "Point",
        "coordinates": [
          79.58,
          22.48
        ]
      },
      "properties": {
        "probability": 0.0017,
        "confidence": "low",
        "iron_oxide_index": 0.2938,
        "ferrous_mineral_index": 0.2381,
        "swir_b11_reflectance": 0.1775,
        "swir_b12_reflectance": 0.2518,
        "ndvi": 0.4169,
        "elevation_m": 300.0,
        "slope_deg": 3.0,
        "dist_to_fault_km": 37.21,
        "temp_c": 27.5,
        "rainfall_mm": 6.5,
        "timestamp": "2026-09-07T07:56:51.079660+00:00"
      }
    },
    {
      "type": "Feature",
      "geometry": {
        "type": "Point",
        "coordinates": [
          79.64,
          22.48
        ]
      },
      "properties": {
        "probability": 0.009,
        "confidence": "low",
        "iron_oxide_index": 0.3251,
        "ferrous_mineral_index": 0.2316,
        "swir_b11_reflectance": 0.1962,
        "swir_b12_reflectance": 0.2271,
        "ndvi": 0.448,
        "elevation_m": 300.0,
        "slope_deg": 2.0,
        "dist_to_fault_km": 35.8,
        "temp_c": 27.5,
        "rainfall_mm": 6.5,
        "timestamp": "2026-09-07T07:56:51.079660+00:00"
      }
    },
    {
      "type": "Feature",
      "geometry": {
        "type": "Point",
        "coordinates": [
          79.7,
          22.48
        ]
      },
      "properties": {
        "probability": 0.0076,
        "confidence": "low",
        "iron_oxide_index": 0.296,
        "ferrous_mineral_index": 0.2053,
        "swir_b11_reflectance": 0.1803,
        "swir_b12_reflectance": 0.2212,
        "ndvi": 0.4489,
        "elevation_m": 300.0,
        "slope_deg": 2.8,
        "dist_to_fault_km": 35.59,
        "temp_c": 27.5,
        "rainfall_mm": 6.5,
        "timestamp": "2026-09-07T07:56:51.079660+00:00"
      }
    },
    {
      "type": "Feature",
      "geometry": {
        "type": "Point",
        "coordinates": [
          79.76,
          22.48
        ]
      },
      "properties": {
        "probability": 0.0006,
        "confidence": "low",
        "iron_oxide_index": 0.3029,
        "ferrous_mineral_index": 0.243,
        "swir_b11_reflectance": 0.1634,
        "swir_b12_reflectance": 0.2237,
        "ndvi": 0.4247,
        "elevation_m": 300.0,
        "slope_deg": 2.2,
        "dist_to_fault_km": 36.61,
        "temp_c": 27.5,
        "rainfall_mm": 6.5,
        "timestamp": "2026-09-07T07:56:51.079660+00:00"
      }
    },
    {
      "type": "Feature",
      "geometry": {
        "type": "Point",
        "coordinates": [
          79.82,
          22.48
        ]
      },
      "properties": {
        "probability": 0.0048,
        "confidence": "low",
        "iron_oxide_index": 0.3096,
        "ferrous_mineral_index": 0.2111,
        "swir_b11_reflectance": 0.1731,
        "swir_b12_reflectance": 0.2157,
        "ndvi": 0.4828,
        "elevation_m": 300.0,
        "slope_deg": 2.3,
        "dist_to_fault_km": 38.77,
        "temp_c": 27.5,
        "rainfall_mm": 6.5,
        "timestamp": "2026-09-07T07:56:51.079660+00:00"
      }
    },
    {
      "type": "Feature",
      "geometry": {
        "type": "Point",
        "coordinates": [
          79.88,
          22.48
        ]
      },
      "properties": {
        "probability": 0.036,
        "confidence": "low",
        "iron_oxide_index": 0.342,
        "ferrous_mineral_index": 0.2245,
        "swir_b11_reflectance": 0.1696,
        "swir_b12_reflectance": 0.2114,
        "ndvi": 0.3972,
        "elevation_m": 300.0,
        "slope_deg": 2.9,
        "dist_to_fault_km": 41.89,
        "temp_c": 27.5,
        "rainfall_mm": 6.5,
        "timestamp": "2026-09-07T07:56:51.079660+00:00"
      }
    },
    {
      "type": "Feature",
      "geometry": {
        "type": "Point",
        "coordinates": [
          79.94,
          22.48
        ]
      },
      "properties": {
        "probability": 0.0291,
        "confidence": "low",
        "iron_oxide_index": 0.2993,
        "ferrous_mineral_index": 0.2196,
        "swir_b11_reflectance": 0.2123,
        "swir_b12_reflectance": 0.229,
        "ndvi": 0.4467,
        "elevation_m": 300.0,
        "slope_deg": 2.8,
        "dist_to_fault_km": 45.77,
        "temp_c": 27.5,
        "rainfall_mm": 6.5,
        "timestamp": "2026-09-07T07:56:51.079660+00:00"
      }
    },
    {
      "type": "Feature",
      "geometry": {
        "type": "Point",
        "coordinates": [
          80.0,
          22.48
        ]
      },
      "properties": {
        "probability": 0.0092,
        "confidence": "low",
        "iron_oxide_index": 0.3059,
        "ferrous_mineral_index": 0.2196,
        "swir_b11_reflectance": 0.1804,
        "swir_b12_reflectance": 0.2624,
        "ndvi": 0.4522,
        "elevation_m": 300.0,
        "slope_deg": 2.8,
        "dist_to_fault_km": 50.23,
        "temp_c": 27.5,
        "rainfall_mm": 6.5,
        "timestamp": "2026-09-07T07:56:51.079660+00:00"
      }
    },
    {
      "type": "Feature",
      "geometry": {
        "type": "Point",
        "coordinates": [
          80.06,
          22.48
        ]
      },
      "properties": {
        "probability": 0.0354,
        "confidence": "low",
        "iron_oxide_index": 0.2975,
        "ferrous_mineral_index": 0.2007,
        "swir_b11_reflectance": 0.2003,
        "swir_b12_reflectance": 0.2045,
        "ndvi": 0.4151,
        "elevation_m": 300.0,
        "slope_deg": 2.4,
        "dist_to_fault_km": 55.14,
        "temp_c": 27.5,
        "rainfall_mm": 6.5,
        "timestamp": "2026-09-07T07:56:51.079660+00:00"
      }
    },
    {
      "type": "Feature",
      "geometry": {
        "type": "Point",
        "coordinates": [
          80.12,
          22.48
        ]
      },
      "properties": {
        "probability": 0.0639,
        "confidence": "low",
        "iron_oxide_index": 0.2961,
        "ferrous_mineral_index": 0.214,
        "swir_b11_reflectance": 0.1875,
        "swir_b12_reflectance": 0.2278,
        "ndvi": 0.4536,
        "elevation_m": 300.0,
        "slope_deg": 3.8,
        "dist_to_fault_km": 60.39,
        "temp_c": 27.5,
        "rainfall_mm": 6.5,
        "timestamp": "2026-09-07T07:56:51.079660+00:00"
      }
    },
    {
      "type": "Feature",
      "geometry": {
        "type": "Point",
        "coordinates": [
          80.18,
          22.48
        ]
      },
      "properties": {
        "probability": 0.0651,
        "confidence": "low",
        "iron_oxide_index": 0.3201,
        "ferrous_mineral_index": 0.254,
        "swir_b11_reflectance": 0.1563,
        "swir_b12_reflectance": 0.2254,
        "ndvi": 0.3645,
        "elevation_m": 300.0,
        "slope_deg": 3.3,
        "dist_to_fault_km": 65.89,
        "temp_c": 27.5,
        "rainfall_mm": 6.5,
        "timestamp": "2026-09-07T07:56:51.079660+00:00"
      }
    },
    {
      "type": "Feature",
      "geometry": {
        "type": "Point",
        "coordinates": [
          80.24,
          22.48
        ]
      },
      "properties": {
        "probability": 0.0227,
        "confidence": "low",
        "iron_oxide_index": 0.303,
        "ferrous_mineral_index": 0.2416,
        "swir_b11_reflectance": 0.1753,
        "swir_b12_reflectance": 0.2115,
        "ndvi": 0.4362,
        "elevation_m": 300.0,
        "slope_deg": 2.0,
        "dist_to_fault_km": 68.51,
        "temp_c": 27.5,
        "rainfall_mm": 6.5,
        "timestamp": "2026-09-07T07:56:51.079660+00:00"
      }
    },
    {
      "type": "Feature",
      "geometry": {
        "type": "Point",
        "coordinates": [
          80.3,
          22.48
        ]
      },
      "properties": {
        "probability": 0.0156,
        "confidence": "low",
        "iron_oxide_index": 0.3099,
        "ferrous_mineral_index": 0.2563,
        "swir_b11_reflectance": 0.1859,
        "swir_b12_reflectance": 0.2217,
        "ndvi": 0.3939,
        "elevation_m": 300.0,
        "slope_deg": 2.0,
        "dist_to_fault_km": 65.75,
        "temp_c": 27.5,
        "rainfall_mm": 6.5,
        "timestamp": "2026-09-07T07:56:51.079660+00:00"
      }
    },
    {
      "type": "Feature",
      "geometry": {
        "type": "Point",
        "coordinates": [
          80.36,
          22.48
        ]
      },
      "properties": {
        "probability": 0.0297,
        "confidence": "low",
        "iron_oxide_index": 0.3051,
        "ferrous_mineral_index": 0.2233,
        "swir_b11_reflectance": 0.1874,
        "swir_b12_reflectance": 0.2055,
        "ndvi": 0.4305,
        "elevation_m": 300.0,
        "slope_deg": 2.7,
        "dist_to_fault_km": 63.58,
        "temp_c": 27.5,
        "rainfall_mm": 6.5,
        "timestamp": "2026-09-07T07:56:51.079660+00:00"
      }
    },
    {
      "type": "Feature",
      "geometry": {
        "type": "Point",
        "coordinates": [
          80.42,
          22.48
        ]
      },
      "properties": {
        "probability": 0.0283,
        "confidence": "low",
        "iron_oxide_index": 0.2835,
        "ferrous_mineral_index": 0.2287,
        "swir_b11_reflectance": 0.1645,
        "swir_b12_reflectance": 0.2122,
        "ndvi": 0.44,
        "elevation_m": 300.0,
        "slope_deg": 3.4,
        "dist_to_fault_km": 62.05,
        "temp_c": 27.5,
        "rainfall_mm": 6.5,
        "timestamp": "2026-09-07T07:56:51.079660+00:00"
      }
    },
    {
      "type": "Feature",
      "geometry": {
        "type": "Point",
        "coordinates": [
          80.48,
          22.48
        ]
      },
      "properties": {
        "probability": 0.0302,
        "confidence": "low",
        "iron_oxide_index": 0.2917,
        "ferrous_mineral_index": 0.2275,
        "swir_b11_reflectance": 0.1857,
        "swir_b12_reflectance": 0.2109,
        "ndvi": 0.4786,
        "elevation_m": 300.0,
        "slope_deg": 2.6,
        "dist_to_fault_km": 61.21,
        "temp_c": 27.5,
        "rainfall_mm": 6.5,
        "timestamp": "2026-09-07T07:56:51.079660+00:00"
      }
    },
    {
      "type": "Feature",
      "geometry": {
        "type": "Point",
        "coordinates": [
          80.54,
          22.48
        ]
      },
      "properties": {
        "probability": 0.0208,
        "confidence": "low",
        "iron_oxide_index": 0.3235,
        "ferrous_mineral_index": 0.1984,
        "swir_b11_reflectance": 0.1699,
        "swir_b12_reflectance": 0.238,
        "ndvi": 0.4747,
        "elevation_m": 300.0,
        "slope_deg": 3.3,
        "dist_to_fault_km": 61.09,
        "temp_c": 27.5,
        "rainfall_mm": 6.5,
        "timestamp": "2026-09-07T07:56:51.079660+00:00"
      }
    },
    {
      "type": "Feature",
      "geometry": {
        "type": "Point",
        "coordinates": [
          80.6,
          22.48
        ]
      },
      "properties": {
        "probability": 0.0109,
        "confidence": "low",
        "iron_oxide_index": 0.2965,
        "ferrous_mineral_index": 0.2216,
        "swir_b11_reflectance": 0.1757,
        "swir_b12_reflectance": 0.238,
        "ndvi": 0.4363,
        "elevation_m": 300.0,
        "slope_deg": 2.7,
        "dist_to_fault_km": 61.69,
        "temp_c": 27.5,
        "rainfall_mm": 6.5,
        "timestamp": "2026-09-07T07:56:51.079660+00:00"
      }
    },
    {
      "type": "Feature",
      "geometry": {
        "type": "Point",
        "coordinates": [
          80.66,
          22.48
        ]
      },
      "properties": {
        "probability": 0.06,
        "confidence": "low",
        "iron_oxide_index": 0.3183,
        "ferrous_mineral_index": 0.1979,
        "swir_b11_reflectance": 0.1678,
        "swir_b12_reflectance": 0.2442,
        "ndvi": 0.3821,
        "elevation_m": 300.0,
        "slope_deg": 1.9,
        "dist_to_fault_km": 63.0,
        "temp_c": 27.5,
        "rainfall_mm": 6.5,
        "timestamp": "2026-09-07T07:56:51.079660+00:00"
      }
    },
    {
      "type": "Feature",
      "geometry": {
        "type": "Point",
        "coordinates": [
          80.72,
          22.48
        ]
      },
      "properties": {
        "probability": 0.0274,
        "confidence": "low",
        "iron_oxide_index": 0.3163,
        "ferrous_mineral_index": 0.2731,
        "swir_b11_reflectance": 0.1822,
        "swir_b12_reflectance": 0.2331,
        "ndvi": 0.4807,
        "elevation_m": 300.0,
        "slope_deg": 3.1,
        "dist_to_fault_km": 64.96,
        "temp_c": 27.5,
        "rainfall_mm": 6.5,
        "timestamp": "2026-09-07T07:56:51.079660+00:00"
      }
    },
    {
      "type": "Feature",
      "geometry": {
        "type": "Point",
        "coordinates": [
          80.78,
          22.48
        ]
      },
      "properties": {
        "probability": 0.0401,
        "confidence": "low",
        "iron_oxide_index": 0.2862,
        "ferrous_mineral_index": 0.2347,
        "swir_b11_reflectance": 0.1699,
        "swir_b12_reflectance": 0.2052,
        "ndvi": 0.4171,
        "elevation_m": 300.0,
        "slope_deg": 3.1,
        "dist_to_fault_km": 67.53,
        "temp_c": 27.5,
        "rainfall_mm": 6.5,
        "timestamp": "2026-09-07T07:56:51.079660+00:00"
      }
    }
  ]
}